2025-11-21 15:29:26 [main] INFO  BcapApplicationTests:55 - Starting BcapApplicationTests using Java 21.0.6 on LeRuccoLOQ with PID 9088 (started by drucc in C:\bcap\bcap-be)
2025-11-21 15:29:26 [main] INFO  BcapApplicationTests:632 - No active profile set, falling back to 1 default profile: "default"
2025-11-21 15:29:29 [main] WARN  UserDetailsServiceAutoConfiguration:89 - 

Using generated security password: eab99250-a8cd-4ae3-a62d-65f72eae2018

This generated password is for development use only. Your security configuration must be updated before running your application in production.

2025-11-21 15:29:29 [main] INFO  DefaultSecurityFilterChain:55 - Will secure any request with [org.springframework.security.web.session.DisableEncodeUrlFilter@14d25b6e, org.springframework.security.web.context.request.async.WebAsyncManagerIntegrationFilter@51c65a43, org.springframework.security.web.context.SecurityContextPersistenceFilter@69364b2d, org.springframework.security.web.header.HeaderWriterFilter@388c519, org.springframework.web.filter.CorsFilter@740dcae3, org.springframework.security.web.authentication.logout.LogoutFilter@741ac284, maas.bcap.security.JwtAuthFilter@4e140497, org.springframework.security.web.savedrequest.RequestCacheAwareFilter@5bde57ab, org.springframework.security.web.servletapi.SecurityContextHolderAwareRequestFilter@7bbcf6f0, org.springframework.security.web.authentication.AnonymousAuthenticationFilter@481b2f10, org.springframework.security.web.session.SessionManagementFilter@1e12a5a6, org.springframework.security.web.access.ExceptionTranslationFilter@365afe87, org.springframework.security.web.access.intercept.AuthorizationFilter@5b1efaaf]
2025-11-21 15:29:32 [main] INFO  EndpointLinksResolver:58 - Exposing 1 endpoint(s) beneath base path '/actuator'
2025-11-21 15:29:32 [main] INFO  BcapApplicationTests:61 - Started BcapApplicationTests in 6.298 seconds (JVM running for 7.997)
2025-11-21 15:29:33 [main] INFO  SpringBootTestContextBootstrapper:305 - Neither @ContextConfiguration nor @ContextHierarchy found for test class [maas.bcap.FileManagerTest], using SpringBootContextLoader
2025-11-21 15:29:33 [main] INFO  AbstractContextLoader:264 - Could not detect default resource locations for test class [maas.bcap.FileManagerTest]: no resource found for suffixes {-context.xml, Context.groovy}.
2025-11-21 15:29:33 [main] INFO  AnnotationConfigContextLoaderUtils:83 - Could not detect default configuration classes for test class [maas.bcap.FileManagerTest]: FileManagerTest does not declare any static, non-private, non-final, nested classes annotated with @Configuration.
2025-11-21 15:29:33 [main] INFO  SpringBootTestContextBootstrapper:239 - Found @SpringBootConfiguration maas.bcap.BcapApplication for test class maas.bcap.FileManagerTest
2025-11-21 15:29:33 [main] INFO  SpringBootTestContextBootstrapper:245 - Loaded default TestExecutionListener class names from location [META-INF/spring.factories]: [org.springframework.boot.test.mock.mockito.MockitoTestExecutionListener, org.springframework.boot.test.mock.mockito.ResetMocksTestExecutionListener, org.springframework.boot.test.autoconfigure.restdocs.RestDocsTestExecutionListener, org.springframework.boot.test.autoconfigure.web.client.MockRestServiceServerResetTestExecutionListener, org.springframework.boot.test.autoconfigure.web.servlet.MockMvcPrintOnlyOnFailureTestExecutionListener, org.springframework.boot.test.autoconfigure.web.servlet.WebDriverTestExecutionListener, org.springframework.boot.test.autoconfigure.webservices.client.MockWebServiceServerTestExecutionListener, org.springframework.test.context.web.ServletTestExecutionListener, org.springframework.test.context.support.DirtiesContextBeforeModesTestExecutionListener, org.springframework.test.context.event.ApplicationEventsTestExecutionListener, org.springframework.test.context.support.DependencyInjectionTestExecutionListener, org.springframework.test.context.support.DirtiesContextTestExecutionListener, org.springframework.test.context.transaction.TransactionalTestExecutionListener, org.springframework.test.context.jdbc.SqlScriptsTestExecutionListener, org.springframework.test.context.event.EventPublishingTestExecutionListener]
2025-11-21 15:29:33 [main] INFO  SpringBootTestContextBootstrapper:174 - Using TestExecutionListeners: [org.springframework.test.context.web.ServletTestExecutionListener@64420e34, org.springframework.test.context.support.DirtiesContextBeforeModesTestExecutionListener@667a467f, org.springframework.test.context.event.ApplicationEventsTestExecutionListener@324e8baa, org.springframework.boot.test.mock.mockito.MockitoTestExecutionListener@1488a861, org.springframework.boot.test.autoconfigure.SpringBootDependencyInjectionTestExecutionListener@604f376a, org.springframework.test.context.support.DirtiesContextTestExecutionListener@5432dca2, org.springframework.test.context.event.EventPublishingTestExecutionListener@12670e55, org.springframework.boot.test.mock.mockito.ResetMocksTestExecutionListener@43fd77d8, org.springframework.boot.test.autoconfigure.restdocs.RestDocsTestExecutionListener@5a90fcaa, org.springframework.boot.test.autoconfigure.web.client.MockRestServiceServerResetTestExecutionListener@1805ec96, org.springframework.boot.test.autoconfigure.web.servlet.MockMvcPrintOnlyOnFailureTestExecutionListener@32ba5c65, org.springframework.boot.test.autoconfigure.web.servlet.WebDriverTestExecutionListener@1ad1be5d, org.springframework.boot.test.autoconfigure.webservices.client.MockWebServiceServerTestExecutionListener@47797401]
2025-11-21 15:29:33 [main] INFO  FileManagerTest:47 - TelegramUserDataInput(tx_code=SAZ06F010U, client_ip_no=0:0:0:0:0:0:0:1, client_mac=null, scrn_id=FileUpload, op_id=1787130271, sync_type=A, async_rspn_yn=0, rspn_svc_code=, ttl_use_flag=0, ttl=0, long_msg_type=1, dst_inst_code=null, fail_knd=null, ap_host_name=null, ap_caller_id=null, lang_type=EN)
2025-11-21 15:29:33 [main] INFO  InterfaceTelegramTest:21 - ################################### Request START ###################################
2025-11-21 15:29:33 [main] INFO  InterfaceTelegramTest:37 - FileInVo(attach_file_id=null, attach_file_clcd=div1, attach_file_expl=desc1, upd_yn=N, req_clcd=U1, sub1Vos=[FileInSub1Vo(attach_file_id=null, attach_file_seq_no=null, attach_file_clcd=null, del_yn=null, file_nm=v2.jpg, upl_file_size=52277, upl_file_nm=null, file_path=D:/bcap/div1, pfr_rank=0, inp_usr_id=1787130271, inp_pgm_id=FileUpload, chng_usr_id=null, chng_pgm_id=null)])
2025-11-21 15:29:33 [main] INFO  InterfaceTelegramTest:42 - 00000803LeRuccoL202511211529330020000000SAC02F452R              MTI S                        LeRuccoL20251121152933002000000020251121152933000436WEB       172.16.20.11                                WED030120H N1787130271     020251121152933000436                    A000000      00010                                                                        EN                                                                                                                                             D00000300                             div1desc1                                                                                                                                                                                                                                                           NU100000001                 v2.jpg                                                                                                                                                                                                  000000000000000052277                                                                                                                                                                                                                            D:/bcap/div1                                                                                                                                                                                                                                                                                                                                                                                                                                                                                                        000001787130271     FileUpload                           @@
2025-11-21 15:29:33 [main] INFO  InterfaceTelegramTest:43 - ################################### Request END ###################################
2025-11-21 15:29:33 [main] INFO  FileManagerTest:131 - FileInVo(attach_file_id=null, attach_file_clcd=div1, attach_file_expl=desc1, upd_yn=N, req_clcd=U1, sub1Vos=[FileInSub1Vo(attach_file_id=null, attach_file_seq_no=null, attach_file_clcd=null, del_yn=null, file_nm=v2.jpg, upl_file_size=52277, upl_file_nm=null, file_path=D:/bcap/div1, pfr_rank=0, inp_usr_id=1787130271, inp_pgm_id=FileUpload, chng_usr_id=null, chng_pgm_id=null)])
2025-11-21 15:29:33 [main] INFO  InterfaceTelegram:19 - #################### Interface Tuxedo ####################
2025-11-21 15:29:33 [main] INFO  InterfaceTelegram:20 - FileInVo(attach_file_id=null, attach_file_clcd=div1, attach_file_expl=desc1, upd_yn=N, req_clcd=U1, sub1Vos=[FileInSub1Vo(attach_file_id=null, attach_file_seq_no=null, attach_file_clcd=null, del_yn=null, file_nm=v2.jpg, upl_file_size=52277, upl_file_nm=null, file_path=D:/bcap/div1, pfr_rank=0, inp_usr_id=1787130271, inp_pgm_id=FileUpload, chng_usr_id=null, chng_pgm_id=null)])
2025-11-21 15:29:33 [main] INFO  InterfaceTelegram:21 - FileOutVo(rson_cd=null, attach_file_id=null, attach_file_clcd=null, attach_file_expl=null, upd_yn=null, req_clcd=null, sub1Vos=null)
2025-11-21 15:29:33 [main] INFO  InterfaceTelegram:24 - ByteEncoder
2025-11-21 15:29:33 [main] INFO  InterfaceTelegram:26 - TelegramIn(header=TelegramHeader(msg_len=803, gid_sysname=LeRuccoLOQ, gid_yyyyymmdd=20251121, gid_hhmmss=152933, gid_seq=003, gid_pid=00000, gid_stat=00, tx_code=SAZ06F010U, inst_no=MTI, send_rspn_type=S, rspn_svc_code=, ori_global_id=LeRuccoL202511211529330030000000, ori_send_time=20251121152933000494, chnl_id=WEB, client_ip_no=0:0:0:0:0:0:0:1, client_mac=null, scrn_id=FileUpload, scrn_lock_yn=N, op_id=1787130271, xa_begin_flag=0, send_time=20251121152933000495, rspn_time=, sync_type=A, async_rspn_yn=0, call_depth=0, msg_count_no=0, ttl_use_flag=0, ttl_from_time=, ttl=0, long_msg_type=1, err_flag=0, err_src=, err_type=, err_code=, dst_inst_code=, fail_knd=null, ap_host_name=null, ap_caller_id=null, inf_id=, lang_type=EN, reserved=), data=TelegramInData(dataType=D, length=300, reserved=null, data=FileInVo(attach_file_id=null, attach_file_clcd=div1, attach_file_expl=desc1, upd_yn=N, req_clcd=U1, sub1Vos=[FileInSub1Vo(attach_file_id=null, attach_file_seq_no=null, attach_file_clcd=null, del_yn=null, file_nm=v2.jpg, upl_file_size=52277, upl_file_nm=null, file_path=D:/bcap/div1, pfr_rank=0, inp_usr_id=1787130271, inp_pgm_id=FileUpload, chng_usr_id=null, chng_pgm_id=null)])), tail=@@)
2025-11-21 15:29:33 [main] INFO  InterfaceTelegram:29 - 00000803LeRuccoL202511211529330030000000SAZ06F010U              MTI S                        LeRuccoL20251121152933003000000020251121152933000494WEB       0:0:0:0:0:0:0:1                             FileUpload N1787130271     020251121152933000495                    A000000      00010                                                                        EN                                                                                                                                             D00000300                             div1desc1                                                                                                                                                                                                                                                           NU100000001                 v2.jpg                                                                                                                                                                                                  000000000000000052277                                                                                                                                                                                                                            D:/bcap/div1                                                                                                                                                                                                                                                                                                                                                                                                                                                                                                        000001787130271     FileUpload                           @@
2025-11-21 15:29:33 [main] INFO  InterfaceTelegram:30 - TelegramIn(header=TelegramHeader(msg_len=803, gid_sysname=LeRuccoLOQ, gid_yyyyymmdd=20251121, gid_hhmmss=152933, gid_seq=003, gid_pid=00000, gid_stat=00, tx_code=SAZ06F010U, inst_no=MTI, send_rspn_type=S, rspn_svc_code=, ori_global_id=LeRuccoL202511211529330030000000, ori_send_time=20251121152933000494, chnl_id=WEB, client_ip_no=0:0:0:0:0:0:0:1, client_mac=null, scrn_id=FileUpload, scrn_lock_yn=N, op_id=1787130271, xa_begin_flag=0, send_time=20251121152933000495, rspn_time=, sync_type=A, async_rspn_yn=0, call_depth=0, msg_count_no=0, ttl_use_flag=0, ttl_from_time=, ttl=0, long_msg_type=1, err_flag=0, err_src=, err_type=, err_code=, dst_inst_code=, fail_knd=null, ap_host_name=null, ap_caller_id=null, inf_id=, lang_type=EN, reserved=), data=TelegramInData(dataType=D, length=300, reserved=null, data=FileInVo(attach_file_id=null, attach_file_clcd=div1, attach_file_expl=desc1, upd_yn=N, req_clcd=U1, sub1Vos=[FileInSub1Vo(attach_file_id=null, attach_file_seq_no=null, attach_file_clcd=null, del_yn=null, file_nm=v2.jpg, upl_file_size=52277, upl_file_nm=null, file_path=D:/bcap/div1, pfr_rank=0, inp_usr_id=1787130271, inp_pgm_id=FileUpload, chng_usr_id=null, chng_pgm_id=null)])), tail=@@)
2025-11-21 15:29:33 [main] INFO  WeblogicConnector:81 - WeblogicConnector.directConnectTuxedo
2025-11-21 15:29:33 [main] INFO  WeblogicConnector:102 - Could not get TuxedoConnectionFactory : NamingException:
Need to specify class name in environment or system property, or in an application resource file: java.naming.factory.initial
2025-11-21 15:29:33 [main] INFO  WeblogicConnector:103 - Need to specify class name in environment or system property, or in an application resource file: java.naming.factory.initial
2025-11-21 15:29:33 [main] INFO  InterfaceTelegramTest:51 - ################################### Response START ###################################
2025-11-21 15:29:33 [main] ERROR InterfaceTelegramTest:11 - java.lang.ArrayIndexOutOfBoundsException: Index 3 out of bounds for length 3
2025-11-21 15:29:33 [main] ERROR InterfaceTelegramTest:19 - mti.com.telegram.util.TelegramUtil.cutBytes(TelegramUtil.java:509)
2025-11-21 15:29:33 [main] ERROR InterfaceTelegramTest:19 - mti.com.telegram.util.InterfaceTelegramTest.getHeaderFromBytes(InterfaceTelegramTest.java:97)
2025-11-21 15:29:33 [main] ERROR InterfaceTelegramTest:19 - mti.com.telegram.util.InterfaceTelegramTest.parse(InterfaceTelegramTest.java:69)
2025-11-21 15:29:33 [main] ERROR InterfaceTelegramTest:19 - mti.com.telegram.util.InterfaceTelegramTest.response(InterfaceTelegramTest.java:56)
2025-11-21 15:29:33 [main] ERROR InterfaceTelegramTest:19 - maas.bcap.module.ac.ac02.SAC02F452RTest.lambda$responseException$0(SAC02F452RTest.java:50)
2025-11-21 15:29:33 [main] ERROR InterfaceTelegramTest:19 - org.assertj.core.api.ThrowableAssert.catchThrowable(ThrowableAssert.java:63)
2025-11-21 15:29:33 [main] ERROR InterfaceTelegramTest:19 - org.assertj.core.api.AssertionsForClassTypes.catchThrowable(AssertionsForClassTypes.java:878)
2025-11-21 15:29:33 [main] ERROR InterfaceTelegramTest:19 - org.assertj.core.api.Assertions.catchThrowable(Assertions.java:1337)
2025-11-21 15:29:33 [main] ERROR InterfaceTelegramTest:19 - org.assertj.core.api.Assertions.assertThatThrownBy(Assertions.java:1181)
2025-11-21 15:29:33 [main] ERROR InterfaceTelegramTest:19 - maas.bcap.module.ac.ac02.SAC02F452RTest.responseException(SAC02F452RTest.java:50)
2025-11-21 15:29:33 [main] ERROR InterfaceTelegramTest:19 - java.base/jdk.internal.reflect.DirectMethodHandleAccessor.invoke(DirectMethodHandleAccessor.java:103)
2025-11-21 15:29:33 [main] ERROR InterfaceTelegramTest:19 - java.base/java.lang.reflect.Method.invoke(Method.java:580)
2025-11-21 15:29:33 [main] ERROR InterfaceTelegramTest:19 - org.junit.platform.commons.util.ReflectionUtils.invokeMethod(ReflectionUtils.java:725)
2025-11-21 15:29:33 [main] ERROR InterfaceTelegramTest:19 - org.junit.jupiter.engine.execution.MethodInvocation.proceed(MethodInvocation.java:60)
2025-11-21 15:29:33 [main] ERROR InterfaceTelegramTest:19 - org.junit.jupiter.engine.execution.InvocationInterceptorChain$ValidatingInvocation.proceed(InvocationInterceptorChain.java:131)
2025-11-21 15:29:33 [main] ERROR InterfaceTelegramTest:19 - org.junit.jupiter.engine.extension.TimeoutExtension.intercept(TimeoutExtension.java:149)
2025-11-21 15:29:33 [main] ERROR InterfaceTelegramTest:19 - org.junit.jupiter.engine.extension.TimeoutExtension.interceptTestableMethod(TimeoutExtension.java:140)
2025-11-21 15:29:33 [main] ERROR InterfaceTelegramTest:19 - org.junit.jupiter.engine.extension.TimeoutExtension.interceptTestMethod(TimeoutExtension.java:84)
2025-11-21 15:29:33 [main] ERROR InterfaceTelegramTest:19 - org.junit.jupiter.engine.execution.ExecutableInvoker$ReflectiveInterceptorCall.lambda$ofVoidMethod$0(ExecutableInvoker.java:115)
2025-11-21 15:29:33 [main] ERROR InterfaceTelegramTest:19 - org.junit.jupiter.engine.execution.ExecutableInvoker.lambda$invoke$0(ExecutableInvoker.java:105)
2025-11-21 15:29:33 [main] ERROR InterfaceTelegramTest:19 - org.junit.jupiter.engine.execution.InvocationInterceptorChain$InterceptedInvocation.proceed(InvocationInterceptorChain.java:106)
2025-11-21 15:29:33 [main] ERROR InterfaceTelegramTest:19 - org.junit.jupiter.engine.execution.InvocationInterceptorChain.proceed(InvocationInterceptorChain.java:64)
2025-11-21 15:29:33 [main] ERROR InterfaceTelegramTest:19 - org.junit.jupiter.engine.execution.InvocationInterceptorChain.chainAndInvoke(InvocationInterceptorChain.java:45)
2025-11-21 15:29:33 [main] ERROR InterfaceTelegramTest:19 - org.junit.jupiter.engine.execution.InvocationInterceptorChain.invoke(InvocationInterceptorChain.java:37)
2025-11-21 15:29:33 [main] ERROR InterfaceTelegramTest:19 - org.junit.jupiter.engine.execution.ExecutableInvoker.invoke(ExecutableInvoker.java:104)
2025-11-21 15:29:33 [main] ERROR InterfaceTelegramTest:19 - org.junit.jupiter.engine.execution.ExecutableInvoker.invoke(ExecutableInvoker.java:98)
2025-11-21 15:29:33 [main] ERROR InterfaceTelegramTest:19 - org.junit.jupiter.engine.descriptor.TestMethodTestDescriptor.lambda$invokeTestMethod$7(TestMethodTestDescriptor.java:214)
2025-11-21 15:29:33 [main] ERROR InterfaceTelegramTest:19 - org.junit.platform.engine.support.hierarchical.ThrowableCollector.execute(ThrowableCollector.java:73)
2025-11-21 15:29:33 [main] ERROR InterfaceTelegramTest:19 - org.junit.jupiter.engine.descriptor.TestMethodTestDescriptor.invokeTestMethod(TestMethodTestDescriptor.java:210)
2025-11-21 15:29:33 [main] ERROR InterfaceTelegramTest:19 - org.junit.jupiter.engine.descriptor.TestMethodTestDescriptor.execute(TestMethodTestDescriptor.java:135)
2025-11-21 15:29:33 [main] ERROR InterfaceTelegramTest:19 - org.junit.jupiter.engine.descriptor.TestMethodTestDescriptor.execute(TestMethodTestDescriptor.java:66)
2025-11-21 15:29:33 [main] ERROR InterfaceTelegramTest:19 - org.junit.platform.engine.support.hierarchical.NodeTestTask.lambda$executeRecursively$6(NodeTestTask.java:151)
2025-11-21 15:29:33 [main] ERROR InterfaceTelegramTest:19 - org.junit.platform.engine.support.hierarchical.ThrowableCollector.execute(ThrowableCollector.java:73)
2025-11-21 15:29:33 [main] ERROR InterfaceTelegramTest:19 - org.junit.platform.engine.support.hierarchical.NodeTestTask.lambda$executeRecursively$8(NodeTestTask.java:141)
2025-11-21 15:29:33 [main] ERROR InterfaceTelegramTest:19 - org.junit.platform.engine.support.hierarchical.Node.around(Node.java:137)
2025-11-21 15:29:33 [main] ERROR InterfaceTelegramTest:19 - org.junit.platform.engine.support.hierarchical.NodeTestTask.lambda$executeRecursively$9(NodeTestTask.java:139)
2025-11-21 15:29:33 [main] ERROR InterfaceTelegramTest:19 - org.junit.platform.engine.support.hierarchical.ThrowableCollector.execute(ThrowableCollector.java:73)
2025-11-21 15:29:33 [main] ERROR InterfaceTelegramTest:19 - org.junit.platform.engine.support.hierarchical.NodeTestTask.executeRecursively(NodeTestTask.java:138)
2025-11-21 15:29:33 [main] ERROR InterfaceTelegramTest:19 - org.junit.platform.engine.support.hierarchical.NodeTestTask.execute(NodeTestTask.java:95)
2025-11-21 15:29:33 [main] ERROR InterfaceTelegramTest:19 - java.base/java.util.ArrayList.forEach(ArrayList.java:1596)
2025-11-21 15:29:33 [main] ERROR InterfaceTelegramTest:19 - org.junit.platform.engine.support.hierarchical.SameThreadHierarchicalTestExecutorService.invokeAll(SameThreadHierarchicalTestExecutorService.java:41)
2025-11-21 15:29:33 [main] ERROR InterfaceTelegramTest:19 - org.junit.platform.engine.support.hierarchical.NodeTestTask.lambda$executeRecursively$6(NodeTestTask.java:155)
2025-11-21 15:29:33 [main] ERROR InterfaceTelegramTest:19 - org.junit.platform.engine.support.hierarchical.ThrowableCollector.execute(ThrowableCollector.java:73)
2025-11-21 15:29:33 [main] ERROR InterfaceTelegramTest:19 - org.junit.platform.engine.support.hierarchical.NodeTestTask.lambda$executeRecursively$8(NodeTestTask.java:141)
2025-11-21 15:29:33 [main] ERROR InterfaceTelegramTest:19 - org.junit.platform.engine.support.hierarchical.Node.around(Node.java:137)
2025-11-21 15:29:33 [main] ERROR InterfaceTelegramTest:19 - org.junit.platform.engine.support.hierarchical.NodeTestTask.lambda$executeRecursively$9(NodeTestTask.java:139)
2025-11-21 15:29:33 [main] ERROR InterfaceTelegramTest:19 - org.junit.platform.engine.support.hierarchical.ThrowableCollector.execute(ThrowableCollector.java:73)
2025-11-21 15:29:33 [main] ERROR InterfaceTelegramTest:19 - org.junit.platform.engine.support.hierarchical.NodeTestTask.executeRecursively(NodeTestTask.java:138)
2025-11-21 15:29:33 [main] ERROR InterfaceTelegramTest:19 - org.junit.platform.engine.support.hierarchical.NodeTestTask.execute(NodeTestTask.java:95)
2025-11-21 15:29:33 [main] ERROR InterfaceTelegramTest:19 - java.base/java.util.ArrayList.forEach(ArrayList.java:1596)
2025-11-21 15:29:33 [main] ERROR InterfaceTelegramTest:19 - org.junit.platform.engine.support.hierarchical.SameThreadHierarchicalTestExecutorService.invokeAll(SameThreadHierarchicalTestExecutorService.java:41)
2025-11-21 15:29:33 [main] ERROR InterfaceTelegramTest:19 - org.junit.platform.engine.support.hierarchical.NodeTestTask.lambda$executeRecursively$6(NodeTestTask.java:155)
2025-11-21 15:29:33 [main] ERROR InterfaceTelegramTest:19 - org.junit.platform.engine.support.hierarchical.ThrowableCollector.execute(ThrowableCollector.java:73)
2025-11-21 15:29:33 [main] ERROR InterfaceTelegramTest:19 - org.junit.platform.engine.support.hierarchical.NodeTestTask.lambda$executeRecursively$8(NodeTestTask.java:141)
2025-11-21 15:29:33 [main] ERROR InterfaceTelegramTest:19 - org.junit.platform.engine.support.hierarchical.Node.around(Node.java:137)
2025-11-21 15:29:33 [main] ERROR InterfaceTelegramTest:19 - org.junit.platform.engine.support.hierarchical.NodeTestTask.lambda$executeRecursively$9(NodeTestTask.java:139)
2025-11-21 15:29:33 [main] ERROR InterfaceTelegramTest:19 - org.junit.platform.engine.support.hierarchical.ThrowableCollector.execute(ThrowableCollector.java:73)
2025-11-21 15:29:33 [main] ERROR InterfaceTelegramTest:19 - org.junit.platform.engine.support.hierarchical.NodeTestTask.executeRecursively(NodeTestTask.java:138)
2025-11-21 15:29:33 [main] ERROR InterfaceTelegramTest:19 - org.junit.platform.engine.support.hierarchical.NodeTestTask.execute(NodeTestTask.java:95)
2025-11-21 15:29:33 [main] ERROR InterfaceTelegramTest:19 - org.junit.platform.engine.support.hierarchical.SameThreadHierarchicalTestExecutorService.submit(SameThreadHierarchicalTestExecutorService.java:35)
2025-11-21 15:29:33 [main] ERROR InterfaceTelegramTest:19 - org.junit.platform.engine.support.hierarchical.HierarchicalTestExecutor.execute(HierarchicalTestExecutor.java:57)
2025-11-21 15:29:33 [main] ERROR InterfaceTelegramTest:19 - org.junit.platform.engine.support.hierarchical.HierarchicalTestEngine.execute(HierarchicalTestEngine.java:54)
2025-11-21 15:29:33 [main] ERROR InterfaceTelegramTest:19 - org.junit.platform.launcher.core.EngineExecutionOrchestrator.execute(EngineExecutionOrchestrator.java:107)
2025-11-21 15:29:33 [main] ERROR InterfaceTelegramTest:19 - org.junit.platform.launcher.core.EngineExecutionOrchestrator.execute(EngineExecutionOrchestrator.java:88)
2025-11-21 15:29:33 [main] ERROR InterfaceTelegramTest:19 - org.junit.platform.launcher.core.EngineExecutionOrchestrator.lambda$execute$0(EngineExecutionOrchestrator.java:54)
2025-11-21 15:29:33 [main] ERROR InterfaceTelegramTest:19 - org.junit.platform.launcher.core.EngineExecutionOrchestrator.withInterceptedStreams(EngineExecutionOrchestrator.java:67)
2025-11-21 15:29:33 [main] ERROR InterfaceTelegramTest:19 - org.junit.platform.launcher.core.EngineExecutionOrchestrator.execute(EngineExecutionOrchestrator.java:52)
2025-11-21 15:29:33 [main] ERROR InterfaceTelegramTest:19 - org.junit.platform.launcher.core.DefaultLauncher.execute(DefaultLauncher.java:114)
2025-11-21 15:29:33 [main] ERROR InterfaceTelegramTest:19 - org.junit.platform.launcher.core.DefaultLauncher.execute(DefaultLauncher.java:86)
2025-11-21 15:29:33 [main] ERROR InterfaceTelegramTest:19 - org.junit.platform.launcher.core.DefaultLauncherSession$DelegatingLauncher.execute(DefaultLauncherSession.java:86)
2025-11-21 15:29:33 [main] ERROR InterfaceTelegramTest:19 - org.apache.maven.surefire.junitplatform.LazyLauncher.execute(LazyLauncher.java:56)
2025-11-21 15:29:33 [main] ERROR InterfaceTelegramTest:19 - org.apache.maven.surefire.junitplatform.JUnitPlatformProvider.execute(JUnitPlatformProvider.java:184)
2025-11-21 15:29:33 [main] ERROR InterfaceTelegramTest:19 - org.apache.maven.surefire.junitplatform.JUnitPlatformProvider.invokeAllTests(JUnitPlatformProvider.java:148)
2025-11-21 15:29:33 [main] ERROR InterfaceTelegramTest:19 - org.apache.maven.surefire.junitplatform.JUnitPlatformProvider.invoke(JUnitPlatformProvider.java:122)
2025-11-21 15:29:33 [main] ERROR InterfaceTelegramTest:19 - org.apache.maven.surefire.booter.ForkedBooter.runSuitesInProcess(ForkedBooter.java:385)
2025-11-21 15:29:33 [main] ERROR InterfaceTelegramTest:19 - org.apache.maven.surefire.booter.ForkedBooter.execute(ForkedBooter.java:162)
2025-11-21 15:29:33 [main] ERROR InterfaceTelegramTest:19 - org.apache.maven.surefire.booter.ForkedBooter.run(ForkedBooter.java:507)
2025-11-21 15:29:33 [main] ERROR InterfaceTelegramTest:19 - org.apache.maven.surefire.booter.ForkedBooter.main(ForkedBooter.java:495)
2025-11-21 15:29:33 [main] INFO  InterfaceTelegramTest:51 - ################################### Response START ###################################
2025-11-21 15:29:33 [main] INFO  InterfaceTelegramTest:70 - TelegramHeader(msg_len=2606, gid_sysname=devaps01, gid_yyyyymmdd=20241002, gid_hhmmss=093330, gid_seq=001, gid_pid=74981, gid_stat=00, tx_code=SAC02F452R, inst_no=MTI, send_rspn_type=R, rspn_svc_code=, ori_global_id=devaps01202410020933300017498100, ori_send_time=20241002093330751, chnl_id=UNIT, client_ip_no=192.168.1.89, client_mac=0CDD2494CF5F, scrn_id=, scrn_lock_yn=, op_id=, xa_begin_flag=0, send_time=20241002093330751, rspn_time=20241002093348307790, sync_type=, async_rspn_yn=, call_depth=0, msg_count_no=0, ttl_use_flag=0, ttl_from_time=, ttl=0, long_msg_type=0, err_flag=0, err_src=, err_type=, err_code=NAZAP0001, dst_inst_code=, fail_knd=, ap_host_name=, ap_caller_id=, inf_id=, lang_type=EN, reserved=)
2025-11-21 15:29:33 [main] INFO  InterfaceTelegramTest:60 - SAC02F452ROutVo
2025-11-21 15:29:33 [main] INFO  InterfaceTelegramTest:61 - SAC02F452ROutVo(tot_cnt=96, sub1Vos=[SAC02F452ROutSub1Vo(auth_date=20240101, pmt_date=20240105, card_no=4259450300373427, auth_no=645138, sale_amt=6589, nonfareamt=0, sale_knd_clcd=05, ins_mcnt=0, sale_pamt=6589, sale_svc_fee=0, sale_tax=0, pwcw_csh_amt=0, dcctrans_yn=N), SAC02F452ROutSub1Vo(auth_date=20240102, pmt_date=20240103, card_no=5379408870000145, auth_no=111310, sale_amt=6000, nonfareamt=0, sale_knd_clcd=15, ins_mcnt=0, sale_pamt=6000, sale_svc_fee=0, sale_tax=0, pwcw_csh_amt=0, dcctrans_yn=N), SAC02F452ROutSub1Vo(auth_date=20240105, pmt_date=20240109, card_no=4215708100006338, auth_no=000089, sale_amt=115000, nonfareamt=0, sale_knd_clcd=05, ins_mcnt=0, sale_pamt=105000, sale_svc_fee=0, sale_tax=0, pwcw_csh_amt=0, dcctrans_yn=), SAC02F452ROutSub1Vo(auth_date=20240108, pmt_date=20240109, card_no=4215708100041160, auth_no=269376, sale_amt=20000, nonfareamt=0, sale_knd_clcd=05, ins_mcnt=0, sale_pamt=20000, sale_svc_fee=0, sale_tax=0, pwcw_csh_amt=0, dcctrans_yn=N), SAC02F452ROutSub1Vo(auth_date=20240108, pmt_date=20240109, card_no=4215708100041160, auth_no=253603, sale_amt=25000, nonfareamt=0, sale_knd_clcd=05, ins_mcnt=0, sale_pamt=25000, sale_svc_fee=0, sale_tax=0, pwcw_csh_amt=0, dcctrans_yn=N), SAC02F452ROutSub1Vo(auth_date=20240221, pmt_date=20240222, card_no=4485580000080033, auth_no=112993, sale_amt=6535, nonfareamt=0, sale_knd_clcd=05, ins_mcnt=0, sale_pamt=6535, sale_svc_fee=0, sale_tax=0, pwcw_csh_amt=0, dcctrans_yn=N), SAC02F452ROutSub1Vo(auth_date=20240221, pmt_date=20240222, card_no=4485580000080033, auth_no=112992, sale_amt=2305, nonfareamt=0, sale_knd_clcd=05, ins_mcnt=0, sale_pamt=2305, sale_svc_fee=0, sale_tax=0, pwcw_csh_amt=0, dcctrans_yn=N), SAC02F452ROutSub1Vo(auth_date=20240223, pmt_date=20240225, card_no=4485580000080033, auth_no=111151, sale_amt=6250, nonfareamt=0, sale_knd_clcd=05, ins_mcnt=0, sale_pamt=6250, sale_svc_fee=0, sale_tax=0, pwcw_csh_amt=0, dcctrans_yn=N), SAC02F452ROutSub1Vo(auth_date=20240223, pmt_date=20240225, card_no=4485580000080033, auth_no=111150, sale_amt=3200, nonfareamt=0, sale_knd_clcd=05, ins_mcnt=0, sale_pamt=3200, sale_svc_fee=0, sale_tax=0, pwcw_csh_amt=0, dcctrans_yn=N), SAC02F452ROutSub1Vo(auth_date=20240227, pmt_date=20240229, card_no=4485580000080033, auth_no=111206, sale_amt=6589, nonfareamt=0, sale_knd_clcd=05, ins_mcnt=0, sale_pamt=6589, sale_svc_fee=0, sale_tax=0, pwcw_csh_amt=0, dcctrans_yn=N)])
2025-11-21 15:29:33 [main] INFO  InterfaceTelegramTest:63 - ################################### Response END ###################################
2025-11-21 15:29:33 [main] INFO  InterfaceTelegramTest:21 - ################################### Request START ###################################
2025-11-21 15:29:33 [main] INFO  InterfaceTelegramTest:37 - SAC02F452RInVo(page_no=1, page_size=10, mid=71000204442, auth_no=null, auth_strt_date=20240101, auth_end_date=20240919, pmt_strt_date=null, pmt_end_date=null)
2025-11-21 15:29:33 [main] INFO  InterfaceTelegramTest:42 - 00000585LeRuccoL202511211529330040000000SAC02F452R              MTI S                        LeRuccoL20251121152933004000000020251121152933000829WEB       172.16.20.11                                WED030120H N1787130271     020251121152933000829                    A000000      00010                                                                        EN                                                                                                                                             D00000082                     00000100001071000204442      2024010120240919                @@
2025-11-21 15:29:33 [main] INFO  InterfaceTelegramTest:43 - ################################### Request END ###################################
2025-11-21 15:29:33 [main] INFO  InterfaceTelegramTest:51 - ################################### Response START ###################################
2025-11-21 15:29:33 [main] ERROR InterfaceTelegramTest:11 - java.lang.ArrayIndexOutOfBoundsException: Index 3 out of bounds for length 3
2025-11-21 15:29:33 [main] ERROR InterfaceTelegramTest:19 - mti.com.telegram.util.TelegramUtil.cutBytes(TelegramUtil.java:509)
2025-11-21 15:29:33 [main] ERROR InterfaceTelegramTest:19 - mti.com.telegram.util.InterfaceTelegramTest.getHeaderFromBytes(InterfaceTelegramTest.java:97)
2025-11-21 15:29:33 [main] ERROR InterfaceTelegramTest:19 - mti.com.telegram.util.InterfaceTelegramTest.parse(InterfaceTelegramTest.java:69)
2025-11-21 15:29:33 [main] ERROR InterfaceTelegramTest:19 - mti.com.telegram.util.InterfaceTelegramTest.response(InterfaceTelegramTest.java:56)
2025-11-21 15:29:33 [main] ERROR InterfaceTelegramTest:19 - maas.bcap.module.ac.ac02.SAC02F531UTest.lambda$responseException$0(SAC02F531UTest.java:54)
2025-11-21 15:29:33 [main] ERROR InterfaceTelegramTest:19 - org.assertj.core.api.ThrowableAssert.catchThrowable(ThrowableAssert.java:63)
2025-11-21 15:29:33 [main] ERROR InterfaceTelegramTest:19 - org.assertj.core.api.AssertionsForClassTypes.catchThrowable(AssertionsForClassTypes.java:878)
2025-11-21 15:29:33 [main] ERROR InterfaceTelegramTest:19 - org.assertj.core.api.Assertions.catchThrowable(Assertions.java:1337)
2025-11-21 15:29:33 [main] ERROR InterfaceTelegramTest:19 - org.assertj.core.api.Assertions.assertThatThrownBy(Assertions.java:1181)
2025-11-21 15:29:33 [main] ERROR InterfaceTelegramTest:19 - maas.bcap.module.ac.ac02.SAC02F531UTest.responseException(SAC02F531UTest.java:54)
2025-11-21 15:29:33 [main] ERROR InterfaceTelegramTest:19 - java.base/jdk.internal.reflect.DirectMethodHandleAccessor.invoke(DirectMethodHandleAccessor.java:103)
2025-11-21 15:29:33 [main] ERROR InterfaceTelegramTest:19 - java.base/java.lang.reflect.Method.invoke(Method.java:580)
2025-11-21 15:29:33 [main] ERROR InterfaceTelegramTest:19 - org.junit.platform.commons.util.ReflectionUtils.invokeMethod(ReflectionUtils.java:725)
2025-11-21 15:29:33 [main] ERROR InterfaceTelegramTest:19 - org.junit.jupiter.engine.execution.MethodInvocation.proceed(MethodInvocation.java:60)
2025-11-21 15:29:33 [main] ERROR InterfaceTelegramTest:19 - org.junit.jupiter.engine.execution.InvocationInterceptorChain$ValidatingInvocation.proceed(InvocationInterceptorChain.java:131)
2025-11-21 15:29:33 [main] ERROR InterfaceTelegramTest:19 - org.junit.jupiter.engine.extension.TimeoutExtension.intercept(TimeoutExtension.java:149)
2025-11-21 15:29:33 [main] ERROR InterfaceTelegramTest:19 - org.junit.jupiter.engine.extension.TimeoutExtension.interceptTestableMethod(TimeoutExtension.java:140)
2025-11-21 15:29:33 [main] ERROR InterfaceTelegramTest:19 - org.junit.jupiter.engine.extension.TimeoutExtension.interceptTestMethod(TimeoutExtension.java:84)
2025-11-21 15:29:33 [main] ERROR InterfaceTelegramTest:19 - org.junit.jupiter.engine.execution.ExecutableInvoker$ReflectiveInterceptorCall.lambda$ofVoidMethod$0(ExecutableInvoker.java:115)
2025-11-21 15:29:33 [main] ERROR InterfaceTelegramTest:19 - org.junit.jupiter.engine.execution.ExecutableInvoker.lambda$invoke$0(ExecutableInvoker.java:105)
2025-11-21 15:29:33 [main] ERROR InterfaceTelegramTest:19 - org.junit.jupiter.engine.execution.InvocationInterceptorChain$InterceptedInvocation.proceed(InvocationInterceptorChain.java:106)
2025-11-21 15:29:33 [main] ERROR InterfaceTelegramTest:19 - org.junit.jupiter.engine.execution.InvocationInterceptorChain.proceed(InvocationInterceptorChain.java:64)
2025-11-21 15:29:33 [main] ERROR InterfaceTelegramTest:19 - org.junit.jupiter.engine.execution.InvocationInterceptorChain.chainAndInvoke(InvocationInterceptorChain.java:45)
2025-11-21 15:29:33 [main] ERROR InterfaceTelegramTest:19 - org.junit.jupiter.engine.execution.InvocationInterceptorChain.invoke(InvocationInterceptorChain.java:37)
2025-11-21 15:29:33 [main] ERROR InterfaceTelegramTest:19 - org.junit.jupiter.engine.execution.ExecutableInvoker.invoke(ExecutableInvoker.java:104)
2025-11-21 15:29:33 [main] ERROR InterfaceTelegramTest:19 - org.junit.jupiter.engine.execution.ExecutableInvoker.invoke(ExecutableInvoker.java:98)
2025-11-21 15:29:33 [main] ERROR InterfaceTelegramTest:19 - org.junit.jupiter.engine.descriptor.TestMethodTestDescriptor.lambda$invokeTestMethod$7(TestMethodTestDescriptor.java:214)
2025-11-21 15:29:33 [main] ERROR InterfaceTelegramTest:19 - org.junit.platform.engine.support.hierarchical.ThrowableCollector.execute(ThrowableCollector.java:73)
2025-11-21 15:29:33 [main] ERROR InterfaceTelegramTest:19 - org.junit.jupiter.engine.descriptor.TestMethodTestDescriptor.invokeTestMethod(TestMethodTestDescriptor.java:210)
2025-11-21 15:29:33 [main] ERROR InterfaceTelegramTest:19 - org.junit.jupiter.engine.descriptor.TestMethodTestDescriptor.execute(TestMethodTestDescriptor.java:135)
2025-11-21 15:29:33 [main] ERROR InterfaceTelegramTest:19 - org.junit.jupiter.engine.descriptor.TestMethodTestDescriptor.execute(TestMethodTestDescriptor.java:66)
2025-11-21 15:29:33 [main] ERROR InterfaceTelegramTest:19 - org.junit.platform.engine.support.hierarchical.NodeTestTask.lambda$executeRecursively$6(NodeTestTask.java:151)
2025-11-21 15:29:33 [main] ERROR InterfaceTelegramTest:19 - org.junit.platform.engine.support.hierarchical.ThrowableCollector.execute(ThrowableCollector.java:73)
2025-11-21 15:29:33 [main] ERROR InterfaceTelegramTest:19 - org.junit.platform.engine.support.hierarchical.NodeTestTask.lambda$executeRecursively$8(NodeTestTask.java:141)
2025-11-21 15:29:33 [main] ERROR InterfaceTelegramTest:19 - org.junit.platform.engine.support.hierarchical.Node.around(Node.java:137)
2025-11-21 15:29:33 [main] ERROR InterfaceTelegramTest:19 - org.junit.platform.engine.support.hierarchical.NodeTestTask.lambda$executeRecursively$9(NodeTestTask.java:139)
2025-11-21 15:29:33 [main] ERROR InterfaceTelegramTest:19 - org.junit.platform.engine.support.hierarchical.ThrowableCollector.execute(ThrowableCollector.java:73)
2025-11-21 15:29:33 [main] ERROR InterfaceTelegramTest:19 - org.junit.platform.engine.support.hierarchical.NodeTestTask.executeRecursively(NodeTestTask.java:138)
2025-11-21 15:29:33 [main] ERROR InterfaceTelegramTest:19 - org.junit.platform.engine.support.hierarchical.NodeTestTask.execute(NodeTestTask.java:95)
2025-11-21 15:29:33 [main] ERROR InterfaceTelegramTest:19 - java.base/java.util.ArrayList.forEach(ArrayList.java:1596)
2025-11-21 15:29:33 [main] ERROR InterfaceTelegramTest:19 - org.junit.platform.engine.support.hierarchical.SameThreadHierarchicalTestExecutorService.invokeAll(SameThreadHierarchicalTestExecutorService.java:41)
2025-11-21 15:29:33 [main] ERROR InterfaceTelegramTest:19 - org.junit.platform.engine.support.hierarchical.NodeTestTask.lambda$executeRecursively$6(NodeTestTask.java:155)
2025-11-21 15:29:33 [main] ERROR InterfaceTelegramTest:19 - org.junit.platform.engine.support.hierarchical.ThrowableCollector.execute(ThrowableCollector.java:73)
2025-11-21 15:29:33 [main] ERROR InterfaceTelegramTest:19 - org.junit.platform.engine.support.hierarchical.NodeTestTask.lambda$executeRecursively$8(NodeTestTask.java:141)
2025-11-21 15:29:33 [main] ERROR InterfaceTelegramTest:19 - org.junit.platform.engine.support.hierarchical.Node.around(Node.java:137)
2025-11-21 15:29:33 [main] ERROR InterfaceTelegramTest:19 - org.junit.platform.engine.support.hierarchical.NodeTestTask.lambda$executeRecursively$9(NodeTestTask.java:139)
2025-11-21 15:29:33 [main] ERROR InterfaceTelegramTest:19 - org.junit.platform.engine.support.hierarchical.ThrowableCollector.execute(ThrowableCollector.java:73)
2025-11-21 15:29:33 [main] ERROR InterfaceTelegramTest:19 - org.junit.platform.engine.support.hierarchical.NodeTestTask.executeRecursively(NodeTestTask.java:138)
2025-11-21 15:29:33 [main] ERROR InterfaceTelegramTest:19 - org.junit.platform.engine.support.hierarchical.NodeTestTask.execute(NodeTestTask.java:95)
2025-11-21 15:29:33 [main] ERROR InterfaceTelegramTest:19 - java.base/java.util.ArrayList.forEach(ArrayList.java:1596)
2025-11-21 15:29:33 [main] ERROR InterfaceTelegramTest:19 - org.junit.platform.engine.support.hierarchical.SameThreadHierarchicalTestExecutorService.invokeAll(SameThreadHierarchicalTestExecutorService.java:41)
2025-11-21 15:29:33 [main] ERROR InterfaceTelegramTest:19 - org.junit.platform.engine.support.hierarchical.NodeTestTask.lambda$executeRecursively$6(NodeTestTask.java:155)
2025-11-21 15:29:33 [main] ERROR InterfaceTelegramTest:19 - org.junit.platform.engine.support.hierarchical.ThrowableCollector.execute(ThrowableCollector.java:73)
2025-11-21 15:29:33 [main] ERROR InterfaceTelegramTest:19 - org.junit.platform.engine.support.hierarchical.NodeTestTask.lambda$executeRecursively$8(NodeTestTask.java:141)
2025-11-21 15:29:33 [main] ERROR InterfaceTelegramTest:19 - org.junit.platform.engine.support.hierarchical.Node.around(Node.java:137)
2025-11-21 15:29:33 [main] ERROR InterfaceTelegramTest:19 - org.junit.platform.engine.support.hierarchical.NodeTestTask.lambda$executeRecursively$9(NodeTestTask.java:139)
2025-11-21 15:29:33 [main] ERROR InterfaceTelegramTest:19 - org.junit.platform.engine.support.hierarchical.ThrowableCollector.execute(ThrowableCollector.java:73)
2025-11-21 15:29:33 [main] ERROR InterfaceTelegramTest:19 - org.junit.platform.engine.support.hierarchical.NodeTestTask.executeRecursively(NodeTestTask.java:138)
2025-11-21 15:29:33 [main] ERROR InterfaceTelegramTest:19 - org.junit.platform.engine.support.hierarchical.NodeTestTask.execute(NodeTestTask.java:95)
2025-11-21 15:29:33 [main] ERROR InterfaceTelegramTest:19 - org.junit.platform.engine.support.hierarchical.SameThreadHierarchicalTestExecutorService.submit(SameThreadHierarchicalTestExecutorService.java:35)
2025-11-21 15:29:33 [main] ERROR InterfaceTelegramTest:19 - org.junit.platform.engine.support.hierarchical.HierarchicalTestExecutor.execute(HierarchicalTestExecutor.java:57)
2025-11-21 15:29:33 [main] ERROR InterfaceTelegramTest:19 - org.junit.platform.engine.support.hierarchical.HierarchicalTestEngine.execute(HierarchicalTestEngine.java:54)
2025-11-21 15:29:33 [main] ERROR InterfaceTelegramTest:19 - org.junit.platform.launcher.core.EngineExecutionOrchestrator.execute(EngineExecutionOrchestrator.java:107)
2025-11-21 15:29:33 [main] ERROR InterfaceTelegramTest:19 - org.junit.platform.launcher.core.EngineExecutionOrchestrator.execute(EngineExecutionOrchestrator.java:88)
2025-11-21 15:29:33 [main] ERROR InterfaceTelegramTest:19 - org.junit.platform.launcher.core.EngineExecutionOrchestrator.lambda$execute$0(EngineExecutionOrchestrator.java:54)
2025-11-21 15:29:33 [main] ERROR InterfaceTelegramTest:19 - org.junit.platform.launcher.core.EngineExecutionOrchestrator.withInterceptedStreams(EngineExecutionOrchestrator.java:67)
2025-11-21 15:29:33 [main] ERROR InterfaceTelegramTest:19 - org.junit.platform.launcher.core.EngineExecutionOrchestrator.execute(EngineExecutionOrchestrator.java:52)
2025-11-21 15:29:33 [main] ERROR InterfaceTelegramTest:19 - org.junit.platform.launcher.core.DefaultLauncher.execute(DefaultLauncher.java:114)
2025-11-21 15:29:33 [main] ERROR InterfaceTelegramTest:19 - org.junit.platform.launcher.core.DefaultLauncher.execute(DefaultLauncher.java:86)
2025-11-21 15:29:33 [main] ERROR InterfaceTelegramTest:19 - org.junit.platform.launcher.core.DefaultLauncherSession$DelegatingLauncher.execute(DefaultLauncherSession.java:86)
2025-11-21 15:29:33 [main] ERROR InterfaceTelegramTest:19 - org.apache.maven.surefire.junitplatform.LazyLauncher.execute(LazyLauncher.java:56)
2025-11-21 15:29:33 [main] ERROR InterfaceTelegramTest:19 - org.apache.maven.surefire.junitplatform.JUnitPlatformProvider.execute(JUnitPlatformProvider.java:184)
2025-11-21 15:29:33 [main] ERROR InterfaceTelegramTest:19 - org.apache.maven.surefire.junitplatform.JUnitPlatformProvider.invokeAllTests(JUnitPlatformProvider.java:148)
2025-11-21 15:29:33 [main] ERROR InterfaceTelegramTest:19 - org.apache.maven.surefire.junitplatform.JUnitPlatformProvider.invoke(JUnitPlatformProvider.java:122)
2025-11-21 15:29:33 [main] ERROR InterfaceTelegramTest:19 - org.apache.maven.surefire.booter.ForkedBooter.runSuitesInProcess(ForkedBooter.java:385)
2025-11-21 15:29:33 [main] ERROR InterfaceTelegramTest:19 - org.apache.maven.surefire.booter.ForkedBooter.execute(ForkedBooter.java:162)
2025-11-21 15:29:33 [main] ERROR InterfaceTelegramTest:19 - org.apache.maven.surefire.booter.ForkedBooter.run(ForkedBooter.java:507)
2025-11-21 15:29:33 [main] ERROR InterfaceTelegramTest:19 - org.apache.maven.surefire.booter.ForkedBooter.main(ForkedBooter.java:495)
2025-11-21 15:29:33 [main] INFO  InterfaceTelegramTest:51 - ################################### Response START ###################################
2025-11-21 15:29:33 [main] INFO  InterfaceTelegramTest:70 - TelegramHeader(msg_len=959, gid_sysname=devaps01, gid_yyyyymmdd=20241018, gid_hhmmss=164549, gid_seq=001, gid_pid=42427, gid_stat=00, tx_code=SAC02F531U, inst_no=MTI, send_rspn_type=R, rspn_svc_code=, ori_global_id=devaps01202410181645490014242700, ori_send_time=20241018164547187, chnl_id=UNIT, client_ip_no=192.168.137.1, client_mac=8E96E6A577A5, scrn_id=, scrn_lock_yn=, op_id=, xa_begin_flag=0, send_time=20241018164547187, rspn_time=20241018164549163762, sync_type=, async_rspn_yn=, call_depth=0, msg_count_no=0, ttl_use_flag=0, ttl_from_time=, ttl=0, long_msg_type=0, err_flag=0, err_src=, err_type=, err_code=, dst_inst_code=, fail_knd=, ap_host_name=, ap_caller_id=, inf_id=, lang_type=EN, reserved=)
2025-11-21 15:29:33 [main] INFO  InterfaceTelegramTest:60 - SAC02F531UOutVo
2025-11-21 15:29:33 [main] INFO  InterfaceTelegramTest:61 - SAC02F531UOutVo(wk_rslt_cd=)
2025-11-21 15:29:33 [main] INFO  InterfaceTelegramTest:63 - ################################### Response END ###################################
2025-11-21 15:29:33 [main] INFO  InterfaceTelegramTest:21 - ################################### Request START ###################################
2025-11-21 15:29:33 [main] INFO  InterfaceTelegramTest:37 - SAC02F531UInVo(bin_no=230650068, region_cd=null, mcc_cd=3018, prod_cd=MDP, ird=PS, seq_no=1, chng_ird=YH, card_no=75123463027008772761025, arn=null, stat_cd=N, first_date=null, chng_date=null, data_stat_cd=I)
2025-11-21 15:29:33 [main] INFO  InterfaceTelegramTest:42 - 00000609LeRuccoL202511211529330050000000SAC02F531U              MTI S                        LeRuccoL20251121152933005000000020251121152933000910WEB       172.16.20.11                                WED030120H N1787130271     020251121152933000911                    A000000      00010                                                                        EN                                                                                                                                             D00000106                     230650068 3018MDPPS0001YH7512346302700877276                       N                I@@
2025-11-21 15:29:33 [main] INFO  InterfaceTelegramTest:43 - ################################### Request END ###################################
2025-11-21 15:29:33 [main] INFO  InterfaceTelegramTest:51 - ################################### Response START ###################################
2025-11-21 15:29:33 [main] ERROR InterfaceTelegramTest:11 - java.lang.ArrayIndexOutOfBoundsException: Index 3 out of bounds for length 3
2025-11-21 15:29:33 [main] ERROR InterfaceTelegramTest:19 - mti.com.telegram.util.TelegramUtil.cutBytes(TelegramUtil.java:509)
2025-11-21 15:29:33 [main] ERROR InterfaceTelegramTest:19 - mti.com.telegram.util.InterfaceTelegramTest.getHeaderFromBytes(InterfaceTelegramTest.java:97)
2025-11-21 15:29:33 [main] ERROR InterfaceTelegramTest:19 - mti.com.telegram.util.InterfaceTelegramTest.parse(InterfaceTelegramTest.java:69)
2025-11-21 15:29:33 [main] ERROR InterfaceTelegramTest:19 - mti.com.telegram.util.InterfaceTelegramTest.response(InterfaceTelegramTest.java:56)
2025-11-21 15:29:33 [main] ERROR InterfaceTelegramTest:19 - maas.bcap.module.ac.ac04.SAC04V125RTest.lambda$responseException$0(SAC04V125RTest.java:48)
2025-11-21 15:29:33 [main] ERROR InterfaceTelegramTest:19 - org.assertj.core.api.ThrowableAssert.catchThrowable(ThrowableAssert.java:63)
2025-11-21 15:29:33 [main] ERROR InterfaceTelegramTest:19 - org.assertj.core.api.AssertionsForClassTypes.catchThrowable(AssertionsForClassTypes.java:878)
2025-11-21 15:29:33 [main] ERROR InterfaceTelegramTest:19 - org.assertj.core.api.Assertions.catchThrowable(Assertions.java:1337)
2025-11-21 15:29:33 [main] ERROR InterfaceTelegramTest:19 - org.assertj.core.api.Assertions.assertThatThrownBy(Assertions.java:1181)
2025-11-21 15:29:33 [main] ERROR InterfaceTelegramTest:19 - maas.bcap.module.ac.ac04.SAC04V125RTest.responseException(SAC04V125RTest.java:48)
2025-11-21 15:29:33 [main] ERROR InterfaceTelegramTest:19 - java.base/jdk.internal.reflect.DirectMethodHandleAccessor.invoke(DirectMethodHandleAccessor.java:103)
2025-11-21 15:29:33 [main] ERROR InterfaceTelegramTest:19 - java.base/java.lang.reflect.Method.invoke(Method.java:580)
2025-11-21 15:29:33 [main] ERROR InterfaceTelegramTest:19 - org.junit.platform.commons.util.ReflectionUtils.invokeMethod(ReflectionUtils.java:725)
2025-11-21 15:29:33 [main] ERROR InterfaceTelegramTest:19 - org.junit.jupiter.engine.execution.MethodInvocation.proceed(MethodInvocation.java:60)
2025-11-21 15:29:33 [main] ERROR InterfaceTelegramTest:19 - org.junit.jupiter.engine.execution.InvocationInterceptorChain$ValidatingInvocation.proceed(InvocationInterceptorChain.java:131)
2025-11-21 15:29:33 [main] ERROR InterfaceTelegramTest:19 - org.junit.jupiter.engine.extension.TimeoutExtension.intercept(TimeoutExtension.java:149)
2025-11-21 15:29:33 [main] ERROR InterfaceTelegramTest:19 - org.junit.jupiter.engine.extension.TimeoutExtension.interceptTestableMethod(TimeoutExtension.java:140)
2025-11-21 15:29:33 [main] ERROR InterfaceTelegramTest:19 - org.junit.jupiter.engine.extension.TimeoutExtension.interceptTestMethod(TimeoutExtension.java:84)
2025-11-21 15:29:33 [main] ERROR InterfaceTelegramTest:19 - org.junit.jupiter.engine.execution.ExecutableInvoker$ReflectiveInterceptorCall.lambda$ofVoidMethod$0(ExecutableInvoker.java:115)
2025-11-21 15:29:33 [main] ERROR InterfaceTelegramTest:19 - org.junit.jupiter.engine.execution.ExecutableInvoker.lambda$invoke$0(ExecutableInvoker.java:105)
2025-11-21 15:29:33 [main] ERROR InterfaceTelegramTest:19 - org.junit.jupiter.engine.execution.InvocationInterceptorChain$InterceptedInvocation.proceed(InvocationInterceptorChain.java:106)
2025-11-21 15:29:33 [main] ERROR InterfaceTelegramTest:19 - org.junit.jupiter.engine.execution.InvocationInterceptorChain.proceed(InvocationInterceptorChain.java:64)
2025-11-21 15:29:33 [main] ERROR InterfaceTelegramTest:19 - org.junit.jupiter.engine.execution.InvocationInterceptorChain.chainAndInvoke(InvocationInterceptorChain.java:45)
2025-11-21 15:29:33 [main] ERROR InterfaceTelegramTest:19 - org.junit.jupiter.engine.execution.InvocationInterceptorChain.invoke(InvocationInterceptorChain.java:37)
2025-11-21 15:29:33 [main] ERROR InterfaceTelegramTest:19 - org.junit.jupiter.engine.execution.ExecutableInvoker.invoke(ExecutableInvoker.java:104)
2025-11-21 15:29:33 [main] ERROR InterfaceTelegramTest:19 - org.junit.jupiter.engine.execution.ExecutableInvoker.invoke(ExecutableInvoker.java:98)
2025-11-21 15:29:33 [main] ERROR InterfaceTelegramTest:19 - org.junit.jupiter.engine.descriptor.TestMethodTestDescriptor.lambda$invokeTestMethod$7(TestMethodTestDescriptor.java:214)
2025-11-21 15:29:33 [main] ERROR InterfaceTelegramTest:19 - org.junit.platform.engine.support.hierarchical.ThrowableCollector.execute(ThrowableCollector.java:73)
2025-11-21 15:29:33 [main] ERROR InterfaceTelegramTest:19 - org.junit.jupiter.engine.descriptor.TestMethodTestDescriptor.invokeTestMethod(TestMethodTestDescriptor.java:210)
2025-11-21 15:29:33 [main] ERROR InterfaceTelegramTest:19 - org.junit.jupiter.engine.descriptor.TestMethodTestDescriptor.execute(TestMethodTestDescriptor.java:135)
2025-11-21 15:29:33 [main] ERROR InterfaceTelegramTest:19 - org.junit.jupiter.engine.descriptor.TestMethodTestDescriptor.execute(TestMethodTestDescriptor.java:66)
2025-11-21 15:29:33 [main] ERROR InterfaceTelegramTest:19 - org.junit.platform.engine.support.hierarchical.NodeTestTask.lambda$executeRecursively$6(NodeTestTask.java:151)
2025-11-21 15:29:33 [main] ERROR InterfaceTelegramTest:19 - org.junit.platform.engine.support.hierarchical.ThrowableCollector.execute(ThrowableCollector.java:73)
2025-11-21 15:29:33 [main] ERROR InterfaceTelegramTest:19 - org.junit.platform.engine.support.hierarchical.NodeTestTask.lambda$executeRecursively$8(NodeTestTask.java:141)
2025-11-21 15:29:33 [main] ERROR InterfaceTelegramTest:19 - org.junit.platform.engine.support.hierarchical.Node.around(Node.java:137)
2025-11-21 15:29:33 [main] ERROR InterfaceTelegramTest:19 - org.junit.platform.engine.support.hierarchical.NodeTestTask.lambda$executeRecursively$9(NodeTestTask.java:139)
2025-11-21 15:29:33 [main] ERROR InterfaceTelegramTest:19 - org.junit.platform.engine.support.hierarchical.ThrowableCollector.execute(ThrowableCollector.java:73)
2025-11-21 15:29:33 [main] ERROR InterfaceTelegramTest:19 - org.junit.platform.engine.support.hierarchical.NodeTestTask.executeRecursively(NodeTestTask.java:138)
2025-11-21 15:29:33 [main] ERROR InterfaceTelegramTest:19 - org.junit.platform.engine.support.hierarchical.NodeTestTask.execute(NodeTestTask.java:95)
2025-11-21 15:29:33 [main] ERROR InterfaceTelegramTest:19 - java.base/java.util.ArrayList.forEach(ArrayList.java:1596)
2025-11-21 15:29:33 [main] ERROR InterfaceTelegramTest:19 - org.junit.platform.engine.support.hierarchical.SameThreadHierarchicalTestExecutorService.invokeAll(SameThreadHierarchicalTestExecutorService.java:41)
2025-11-21 15:29:33 [main] ERROR InterfaceTelegramTest:19 - org.junit.platform.engine.support.hierarchical.NodeTestTask.lambda$executeRecursively$6(NodeTestTask.java:155)
2025-11-21 15:29:33 [main] ERROR InterfaceTelegramTest:19 - org.junit.platform.engine.support.hierarchical.ThrowableCollector.execute(ThrowableCollector.java:73)
2025-11-21 15:29:33 [main] ERROR InterfaceTelegramTest:19 - org.junit.platform.engine.support.hierarchical.NodeTestTask.lambda$executeRecursively$8(NodeTestTask.java:141)
2025-11-21 15:29:33 [main] ERROR InterfaceTelegramTest:19 - org.junit.platform.engine.support.hierarchical.Node.around(Node.java:137)
2025-11-21 15:29:33 [main] ERROR InterfaceTelegramTest:19 - org.junit.platform.engine.support.hierarchical.NodeTestTask.lambda$executeRecursively$9(NodeTestTask.java:139)
2025-11-21 15:29:33 [main] ERROR InterfaceTelegramTest:19 - org.junit.platform.engine.support.hierarchical.ThrowableCollector.execute(ThrowableCollector.java:73)
2025-11-21 15:29:33 [main] ERROR InterfaceTelegramTest:19 - org.junit.platform.engine.support.hierarchical.NodeTestTask.executeRecursively(NodeTestTask.java:138)
2025-11-21 15:29:33 [main] ERROR InterfaceTelegramTest:19 - org.junit.platform.engine.support.hierarchical.NodeTestTask.execute(NodeTestTask.java:95)
2025-11-21 15:29:33 [main] ERROR InterfaceTelegramTest:19 - java.base/java.util.ArrayList.forEach(ArrayList.java:1596)
2025-11-21 15:29:33 [main] ERROR InterfaceTelegramTest:19 - org.junit.platform.engine.support.hierarchical.SameThreadHierarchicalTestExecutorService.invokeAll(SameThreadHierarchicalTestExecutorService.java:41)
2025-11-21 15:29:33 [main] ERROR InterfaceTelegramTest:19 - org.junit.platform.engine.support.hierarchical.NodeTestTask.lambda$executeRecursively$6(NodeTestTask.java:155)
2025-11-21 15:29:33 [main] ERROR InterfaceTelegramTest:19 - org.junit.platform.engine.support.hierarchical.ThrowableCollector.execute(ThrowableCollector.java:73)
2025-11-21 15:29:33 [main] ERROR InterfaceTelegramTest:19 - org.junit.platform.engine.support.hierarchical.NodeTestTask.lambda$executeRecursively$8(NodeTestTask.java:141)
2025-11-21 15:29:33 [main] ERROR InterfaceTelegramTest:19 - org.junit.platform.engine.support.hierarchical.Node.around(Node.java:137)
2025-11-21 15:29:33 [main] ERROR InterfaceTelegramTest:19 - org.junit.platform.engine.support.hierarchical.NodeTestTask.lambda$executeRecursively$9(NodeTestTask.java:139)
2025-11-21 15:29:33 [main] ERROR InterfaceTelegramTest:19 - org.junit.platform.engine.support.hierarchical.ThrowableCollector.execute(ThrowableCollector.java:73)
2025-11-21 15:29:33 [main] ERROR InterfaceTelegramTest:19 - org.junit.platform.engine.support.hierarchical.NodeTestTask.executeRecursively(NodeTestTask.java:138)
2025-11-21 15:29:33 [main] ERROR InterfaceTelegramTest:19 - org.junit.platform.engine.support.hierarchical.NodeTestTask.execute(NodeTestTask.java:95)
2025-11-21 15:29:33 [main] ERROR InterfaceTelegramTest:19 - org.junit.platform.engine.support.hierarchical.SameThreadHierarchicalTestExecutorService.submit(SameThreadHierarchicalTestExecutorService.java:35)
2025-11-21 15:29:33 [main] ERROR InterfaceTelegramTest:19 - org.junit.platform.engine.support.hierarchical.HierarchicalTestExecutor.execute(HierarchicalTestExecutor.java:57)
2025-11-21 15:29:33 [main] ERROR InterfaceTelegramTest:19 - org.junit.platform.engine.support.hierarchical.HierarchicalTestEngine.execute(HierarchicalTestEngine.java:54)
2025-11-21 15:29:33 [main] ERROR InterfaceTelegramTest:19 - org.junit.platform.launcher.core.EngineExecutionOrchestrator.execute(EngineExecutionOrchestrator.java:107)
2025-11-21 15:29:33 [main] ERROR InterfaceTelegramTest:19 - org.junit.platform.launcher.core.EngineExecutionOrchestrator.execute(EngineExecutionOrchestrator.java:88)
2025-11-21 15:29:33 [main] ERROR InterfaceTelegramTest:19 - org.junit.platform.launcher.core.EngineExecutionOrchestrator.lambda$execute$0(EngineExecutionOrchestrator.java:54)
2025-11-21 15:29:33 [main] ERROR InterfaceTelegramTest:19 - org.junit.platform.launcher.core.EngineExecutionOrchestrator.withInterceptedStreams(EngineExecutionOrchestrator.java:67)
2025-11-21 15:29:33 [main] ERROR InterfaceTelegramTest:19 - org.junit.platform.launcher.core.EngineExecutionOrchestrator.execute(EngineExecutionOrchestrator.java:52)
2025-11-21 15:29:33 [main] ERROR InterfaceTelegramTest:19 - org.junit.platform.launcher.core.DefaultLauncher.execute(DefaultLauncher.java:114)
2025-11-21 15:29:33 [main] ERROR InterfaceTelegramTest:19 - org.junit.platform.launcher.core.DefaultLauncher.execute(DefaultLauncher.java:86)
2025-11-21 15:29:33 [main] ERROR InterfaceTelegramTest:19 - org.junit.platform.launcher.core.DefaultLauncherSession$DelegatingLauncher.execute(DefaultLauncherSession.java:86)
2025-11-21 15:29:33 [main] ERROR InterfaceTelegramTest:19 - org.apache.maven.surefire.junitplatform.LazyLauncher.execute(LazyLauncher.java:56)
2025-11-21 15:29:33 [main] ERROR InterfaceTelegramTest:19 - org.apache.maven.surefire.junitplatform.JUnitPlatformProvider.execute(JUnitPlatformProvider.java:184)
2025-11-21 15:29:33 [main] ERROR InterfaceTelegramTest:19 - org.apache.maven.surefire.junitplatform.JUnitPlatformProvider.invokeAllTests(JUnitPlatformProvider.java:148)
2025-11-21 15:29:33 [main] ERROR InterfaceTelegramTest:19 - org.apache.maven.surefire.junitplatform.JUnitPlatformProvider.invoke(JUnitPlatformProvider.java:122)
2025-11-21 15:29:34 [main] ERROR InterfaceTelegramTest:19 - org.apache.maven.surefire.booter.ForkedBooter.runSuitesInProcess(ForkedBooter.java:385)
2025-11-21 15:29:34 [main] ERROR InterfaceTelegramTest:19 - org.apache.maven.surefire.booter.ForkedBooter.execute(ForkedBooter.java:162)
2025-11-21 15:29:34 [main] ERROR InterfaceTelegramTest:19 - org.apache.maven.surefire.booter.ForkedBooter.run(ForkedBooter.java:507)
2025-11-21 15:29:34 [main] ERROR InterfaceTelegramTest:19 - org.apache.maven.surefire.booter.ForkedBooter.main(ForkedBooter.java:495)
2025-11-21 15:29:34 [main] INFO  InterfaceTelegramTest:51 - ################################### Response START ###################################
2025-11-21 15:29:34 [main] INFO  InterfaceTelegramTest:70 - TelegramHeader(msg_len=2460, gid_sysname=devaps01, gid_yyyyymmdd=20241011, gid_hhmmss=170414, gid_seq=003, gid_pid=42604, gid_stat=00, tx_code=SAC04V125R, inst_no=MTI, send_rspn_type=R, rspn_svc_code=, ori_global_id=devaps01202410111704140034260400, ori_send_time=20241011170413271, chnl_id=UNIT, client_ip_no=192.168.137.1, client_mac=8E96E6A577A5, scrn_id=, scrn_lock_yn=, op_id=, xa_begin_flag=0, send_time=20241011170413271, rspn_time=20241011170414961760, sync_type=, async_rspn_yn=, call_depth=0, msg_count_no=0, ttl_use_flag=0, ttl_from_time=, ttl=0, long_msg_type=0, err_flag=0, err_src=, err_type=, err_code=NAZAP0005, dst_inst_code=, fail_knd=, ap_host_name=, ap_caller_id=, inf_id=, lang_type=EN, reserved=)
2025-11-21 15:29:34 [main] INFO  InterfaceTelegramTest:60 - SAC04V125ROutVo
2025-11-21 15:29:34 [main] INFO  InterfaceTelegramTest:61 - SAC04V125ROutVo(page_size=20, next_key_val1=, sub1_vo=[SAC04V125ROutSub1Vo(mid=71000030734, pmt_date=20220911, auth_batch_no=118800342579, pmt_amt=70000.0, re_pmt_date=, mer_nm=TEST ANDROID BY ANDREW   Jakarta BaratID, re_pmt_proc_rslt_cd=Success, resp_cd=001, resp_desc=Account number not found, acq_mb_no=200, re_proc_ctnts=, pic=, update_time=, pmt_seq_no=0, payment_status=Paid, repayment_yn=, tid=73001583, brndco_knd_cd=V, postng_date=20210712, mb_grup_id=202209111360202107132400000376, tp_cd=1), SAC04V125ROutSub1Vo(mid=71000030734, pmt_date=20220922, auth_batch_no=203300344718, pmt_amt=5000.0, re_pmt_date=, mer_nm=EDC ANDROID, re_pmt_proc_rslt_cd=Success, resp_cd=001, resp_desc=Account number not found, acq_mb_no=200, re_proc_ctnts=, pic=, update_time=, pmt_seq_no=0, payment_status=Paid, repayment_yn=, tid=73001581, brndco_knd_cd=V, postng_date=20220202, mb_grup_id=202209221360202202032400000437, tp_cd=1)])
2025-11-21 15:29:34 [main] INFO  InterfaceTelegramTest:63 - ################################### Response END ###################################
2025-11-21 15:29:34 [main] INFO  InterfaceTelegramTest:21 - ################################### Request START ###################################
2025-11-21 15:29:34 [main] INFO  InterfaceTelegramTest:37 - SAC04V125RInVo(inqr_strt_date=20220901, inqr_end_date=20221001, mid=null, mb_no=null, re_strt_date=null, re_end_date=null, pmt_incap_proc_stat_cd=1, pmt_status=null, next_key_val1=null, page_size=20, trx_type=1)
2025-11-21 15:29:34 [main] INFO  InterfaceTelegramTest:42 - 00001079LeRuccoL202511211529340060000000SAC04V125R              MTI S                        LeRuccoL20251121152934006000000020251121152934000048WEB       172.16.20.11                                WED030120H N1787130271     020251121152934000048                    A000000      00010                                                                        EN                                                                                                                                             D00000576                     2022090120221001                              1                                                                                                                                                                                                                                                                                                                                                                                                                                                                                                                     0000201@@
2025-11-21 15:29:34 [main] INFO  InterfaceTelegramTest:43 - ################################### Request END ###################################
2025-11-21 15:29:34 [main] INFO  InterfaceTelegramTest:51 - ################################### Response START ###################################
2025-11-21 15:29:34 [main] ERROR InterfaceTelegramTest:11 - java.lang.ArrayIndexOutOfBoundsException: Index 3 out of bounds for length 3
2025-11-21 15:29:34 [main] ERROR InterfaceTelegramTest:19 - mti.com.telegram.util.TelegramUtil.cutBytes(TelegramUtil.java:509)
2025-11-21 15:29:34 [main] ERROR InterfaceTelegramTest:19 - mti.com.telegram.util.InterfaceTelegramTest.getHeaderFromBytes(InterfaceTelegramTest.java:97)
2025-11-21 15:29:34 [main] ERROR InterfaceTelegramTest:19 - mti.com.telegram.util.InterfaceTelegramTest.parse(InterfaceTelegramTest.java:69)
2025-11-21 15:29:34 [main] ERROR InterfaceTelegramTest:19 - mti.com.telegram.util.InterfaceTelegramTest.response(InterfaceTelegramTest.java:56)
2025-11-21 15:29:34 [main] ERROR InterfaceTelegramTest:19 - maas.bcap.module.ac.ac04.SAC04V127UTest.lambda$responseException$0(SAC04V127UTest.java:59)
2025-11-21 15:29:34 [main] ERROR InterfaceTelegramTest:19 - org.assertj.core.api.ThrowableAssert.catchThrowable(ThrowableAssert.java:63)
2025-11-21 15:29:34 [main] ERROR InterfaceTelegramTest:19 - org.assertj.core.api.AssertionsForClassTypes.catchThrowable(AssertionsForClassTypes.java:878)
2025-11-21 15:29:34 [main] ERROR InterfaceTelegramTest:19 - org.assertj.core.api.Assertions.catchThrowable(Assertions.java:1337)
2025-11-21 15:29:34 [main] ERROR InterfaceTelegramTest:19 - org.assertj.core.api.Assertions.assertThatThrownBy(Assertions.java:1181)
2025-11-21 15:29:34 [main] ERROR InterfaceTelegramTest:19 - maas.bcap.module.ac.ac04.SAC04V127UTest.responseException(SAC04V127UTest.java:59)
2025-11-21 15:29:34 [main] ERROR InterfaceTelegramTest:19 - java.base/jdk.internal.reflect.DirectMethodHandleAccessor.invoke(DirectMethodHandleAccessor.java:103)
2025-11-21 15:29:34 [main] ERROR InterfaceTelegramTest:19 - java.base/java.lang.reflect.Method.invoke(Method.java:580)
2025-11-21 15:29:34 [main] ERROR InterfaceTelegramTest:19 - org.junit.platform.commons.util.ReflectionUtils.invokeMethod(ReflectionUtils.java:725)
2025-11-21 15:29:34 [main] ERROR InterfaceTelegramTest:19 - org.junit.jupiter.engine.execution.MethodInvocation.proceed(MethodInvocation.java:60)
2025-11-21 15:29:34 [main] ERROR InterfaceTelegramTest:19 - org.junit.jupiter.engine.execution.InvocationInterceptorChain$ValidatingInvocation.proceed(InvocationInterceptorChain.java:131)
2025-11-21 15:29:34 [main] ERROR InterfaceTelegramTest:19 - org.junit.jupiter.engine.extension.TimeoutExtension.intercept(TimeoutExtension.java:149)
2025-11-21 15:29:34 [main] ERROR InterfaceTelegramTest:19 - org.junit.jupiter.engine.extension.TimeoutExtension.interceptTestableMethod(TimeoutExtension.java:140)
2025-11-21 15:29:34 [main] ERROR InterfaceTelegramTest:19 - org.junit.jupiter.engine.extension.TimeoutExtension.interceptTestMethod(TimeoutExtension.java:84)
2025-11-21 15:29:34 [main] ERROR InterfaceTelegramTest:19 - org.junit.jupiter.engine.execution.ExecutableInvoker$ReflectiveInterceptorCall.lambda$ofVoidMethod$0(ExecutableInvoker.java:115)
2025-11-21 15:29:34 [main] ERROR InterfaceTelegramTest:19 - org.junit.jupiter.engine.execution.ExecutableInvoker.lambda$invoke$0(ExecutableInvoker.java:105)
2025-11-21 15:29:34 [main] ERROR InterfaceTelegramTest:19 - org.junit.jupiter.engine.execution.InvocationInterceptorChain$InterceptedInvocation.proceed(InvocationInterceptorChain.java:106)
2025-11-21 15:29:34 [main] ERROR InterfaceTelegramTest:19 - org.junit.jupiter.engine.execution.InvocationInterceptorChain.proceed(InvocationInterceptorChain.java:64)
2025-11-21 15:29:34 [main] ERROR InterfaceTelegramTest:19 - org.junit.jupiter.engine.execution.InvocationInterceptorChain.chainAndInvoke(InvocationInterceptorChain.java:45)
2025-11-21 15:29:34 [main] ERROR InterfaceTelegramTest:19 - org.junit.jupiter.engine.execution.InvocationInterceptorChain.invoke(InvocationInterceptorChain.java:37)
2025-11-21 15:29:34 [main] ERROR InterfaceTelegramTest:19 - org.junit.jupiter.engine.execution.ExecutableInvoker.invoke(ExecutableInvoker.java:104)
2025-11-21 15:29:34 [main] ERROR InterfaceTelegramTest:19 - org.junit.jupiter.engine.execution.ExecutableInvoker.invoke(ExecutableInvoker.java:98)
2025-11-21 15:29:34 [main] ERROR InterfaceTelegramTest:19 - org.junit.jupiter.engine.descriptor.TestMethodTestDescriptor.lambda$invokeTestMethod$7(TestMethodTestDescriptor.java:214)
2025-11-21 15:29:34 [main] ERROR InterfaceTelegramTest:19 - org.junit.platform.engine.support.hierarchical.ThrowableCollector.execute(ThrowableCollector.java:73)
2025-11-21 15:29:34 [main] ERROR InterfaceTelegramTest:19 - org.junit.jupiter.engine.descriptor.TestMethodTestDescriptor.invokeTestMethod(TestMethodTestDescriptor.java:210)
2025-11-21 15:29:34 [main] ERROR InterfaceTelegramTest:19 - org.junit.jupiter.engine.descriptor.TestMethodTestDescriptor.execute(TestMethodTestDescriptor.java:135)
2025-11-21 15:29:34 [main] ERROR InterfaceTelegramTest:19 - org.junit.jupiter.engine.descriptor.TestMethodTestDescriptor.execute(TestMethodTestDescriptor.java:66)
2025-11-21 15:29:34 [main] ERROR InterfaceTelegramTest:19 - org.junit.platform.engine.support.hierarchical.NodeTestTask.lambda$executeRecursively$6(NodeTestTask.java:151)
2025-11-21 15:29:34 [main] ERROR InterfaceTelegramTest:19 - org.junit.platform.engine.support.hierarchical.ThrowableCollector.execute(ThrowableCollector.java:73)
2025-11-21 15:29:34 [main] ERROR InterfaceTelegramTest:19 - org.junit.platform.engine.support.hierarchical.NodeTestTask.lambda$executeRecursively$8(NodeTestTask.java:141)
2025-11-21 15:29:34 [main] ERROR InterfaceTelegramTest:19 - org.junit.platform.engine.support.hierarchical.Node.around(Node.java:137)
2025-11-21 15:29:34 [main] ERROR InterfaceTelegramTest:19 - org.junit.platform.engine.support.hierarchical.NodeTestTask.lambda$executeRecursively$9(NodeTestTask.java:139)
2025-11-21 15:29:34 [main] ERROR InterfaceTelegramTest:19 - org.junit.platform.engine.support.hierarchical.ThrowableCollector.execute(ThrowableCollector.java:73)
2025-11-21 15:29:34 [main] ERROR InterfaceTelegramTest:19 - org.junit.platform.engine.support.hierarchical.NodeTestTask.executeRecursively(NodeTestTask.java:138)
2025-11-21 15:29:34 [main] ERROR InterfaceTelegramTest:19 - org.junit.platform.engine.support.hierarchical.NodeTestTask.execute(NodeTestTask.java:95)
2025-11-21 15:29:34 [main] ERROR InterfaceTelegramTest:19 - java.base/java.util.ArrayList.forEach(ArrayList.java:1596)
2025-11-21 15:29:34 [main] ERROR InterfaceTelegramTest:19 - org.junit.platform.engine.support.hierarchical.SameThreadHierarchicalTestExecutorService.invokeAll(SameThreadHierarchicalTestExecutorService.java:41)
2025-11-21 15:29:34 [main] ERROR InterfaceTelegramTest:19 - org.junit.platform.engine.support.hierarchical.NodeTestTask.lambda$executeRecursively$6(NodeTestTask.java:155)
2025-11-21 15:29:34 [main] ERROR InterfaceTelegramTest:19 - org.junit.platform.engine.support.hierarchical.ThrowableCollector.execute(ThrowableCollector.java:73)
2025-11-21 15:29:34 [main] ERROR InterfaceTelegramTest:19 - org.junit.platform.engine.support.hierarchical.NodeTestTask.lambda$executeRecursively$8(NodeTestTask.java:141)
2025-11-21 15:29:34 [main] ERROR InterfaceTelegramTest:19 - org.junit.platform.engine.support.hierarchical.Node.around(Node.java:137)
2025-11-21 15:29:34 [main] ERROR InterfaceTelegramTest:19 - org.junit.platform.engine.support.hierarchical.NodeTestTask.lambda$executeRecursively$9(NodeTestTask.java:139)
2025-11-21 15:29:34 [main] ERROR InterfaceTelegramTest:19 - org.junit.platform.engine.support.hierarchical.ThrowableCollector.execute(ThrowableCollector.java:73)
2025-11-21 15:29:34 [main] ERROR InterfaceTelegramTest:19 - org.junit.platform.engine.support.hierarchical.NodeTestTask.executeRecursively(NodeTestTask.java:138)
2025-11-21 15:29:34 [main] ERROR InterfaceTelegramTest:19 - org.junit.platform.engine.support.hierarchical.NodeTestTask.execute(NodeTestTask.java:95)
2025-11-21 15:29:34 [main] ERROR InterfaceTelegramTest:19 - java.base/java.util.ArrayList.forEach(ArrayList.java:1596)
2025-11-21 15:29:34 [main] ERROR InterfaceTelegramTest:19 - org.junit.platform.engine.support.hierarchical.SameThreadHierarchicalTestExecutorService.invokeAll(SameThreadHierarchicalTestExecutorService.java:41)
2025-11-21 15:29:34 [main] ERROR InterfaceTelegramTest:19 - org.junit.platform.engine.support.hierarchical.NodeTestTask.lambda$executeRecursively$6(NodeTestTask.java:155)
2025-11-21 15:29:34 [main] ERROR InterfaceTelegramTest:19 - org.junit.platform.engine.support.hierarchical.ThrowableCollector.execute(ThrowableCollector.java:73)
2025-11-21 15:29:34 [main] ERROR InterfaceTelegramTest:19 - org.junit.platform.engine.support.hierarchical.NodeTestTask.lambda$executeRecursively$8(NodeTestTask.java:141)
2025-11-21 15:29:34 [main] ERROR InterfaceTelegramTest:19 - org.junit.platform.engine.support.hierarchical.Node.around(Node.java:137)
2025-11-21 15:29:34 [main] ERROR InterfaceTelegramTest:19 - org.junit.platform.engine.support.hierarchical.NodeTestTask.lambda$executeRecursively$9(NodeTestTask.java:139)
2025-11-21 15:29:34 [main] ERROR InterfaceTelegramTest:19 - org.junit.platform.engine.support.hierarchical.ThrowableCollector.execute(ThrowableCollector.java:73)
2025-11-21 15:29:34 [main] ERROR InterfaceTelegramTest:19 - org.junit.platform.engine.support.hierarchical.NodeTestTask.executeRecursively(NodeTestTask.java:138)
2025-11-21 15:29:34 [main] ERROR InterfaceTelegramTest:19 - org.junit.platform.engine.support.hierarchical.NodeTestTask.execute(NodeTestTask.java:95)
2025-11-21 15:29:34 [main] ERROR InterfaceTelegramTest:19 - org.junit.platform.engine.support.hierarchical.SameThreadHierarchicalTestExecutorService.submit(SameThreadHierarchicalTestExecutorService.java:35)
2025-11-21 15:29:34 [main] ERROR InterfaceTelegramTest:19 - org.junit.platform.engine.support.hierarchical.HierarchicalTestExecutor.execute(HierarchicalTestExecutor.java:57)
2025-11-21 15:29:34 [main] ERROR InterfaceTelegramTest:19 - org.junit.platform.engine.support.hierarchical.HierarchicalTestEngine.execute(HierarchicalTestEngine.java:54)
2025-11-21 15:29:34 [main] ERROR InterfaceTelegramTest:19 - org.junit.platform.launcher.core.EngineExecutionOrchestrator.execute(EngineExecutionOrchestrator.java:107)
2025-11-21 15:29:34 [main] ERROR InterfaceTelegramTest:19 - org.junit.platform.launcher.core.EngineExecutionOrchestrator.execute(EngineExecutionOrchestrator.java:88)
2025-11-21 15:29:34 [main] ERROR InterfaceTelegramTest:19 - org.junit.platform.launcher.core.EngineExecutionOrchestrator.lambda$execute$0(EngineExecutionOrchestrator.java:54)
2025-11-21 15:29:34 [main] ERROR InterfaceTelegramTest:19 - org.junit.platform.launcher.core.EngineExecutionOrchestrator.withInterceptedStreams(EngineExecutionOrchestrator.java:67)
2025-11-21 15:29:34 [main] ERROR InterfaceTelegramTest:19 - org.junit.platform.launcher.core.EngineExecutionOrchestrator.execute(EngineExecutionOrchestrator.java:52)
2025-11-21 15:29:34 [main] ERROR InterfaceTelegramTest:19 - org.junit.platform.launcher.core.DefaultLauncher.execute(DefaultLauncher.java:114)
2025-11-21 15:29:34 [main] ERROR InterfaceTelegramTest:19 - org.junit.platform.launcher.core.DefaultLauncher.execute(DefaultLauncher.java:86)
2025-11-21 15:29:34 [main] ERROR InterfaceTelegramTest:19 - org.junit.platform.launcher.core.DefaultLauncherSession$DelegatingLauncher.execute(DefaultLauncherSession.java:86)
2025-11-21 15:29:34 [main] ERROR InterfaceTelegramTest:19 - org.apache.maven.surefire.junitplatform.LazyLauncher.execute(LazyLauncher.java:56)
2025-11-21 15:29:34 [main] ERROR InterfaceTelegramTest:19 - org.apache.maven.surefire.junitplatform.JUnitPlatformProvider.execute(JUnitPlatformProvider.java:184)
2025-11-21 15:29:34 [main] ERROR InterfaceTelegramTest:19 - org.apache.maven.surefire.junitplatform.JUnitPlatformProvider.invokeAllTests(JUnitPlatformProvider.java:148)
2025-11-21 15:29:34 [main] ERROR InterfaceTelegramTest:19 - org.apache.maven.surefire.junitplatform.JUnitPlatformProvider.invoke(JUnitPlatformProvider.java:122)
2025-11-21 15:29:34 [main] ERROR InterfaceTelegramTest:19 - org.apache.maven.surefire.booter.ForkedBooter.runSuitesInProcess(ForkedBooter.java:385)
2025-11-21 15:29:34 [main] ERROR InterfaceTelegramTest:19 - org.apache.maven.surefire.booter.ForkedBooter.execute(ForkedBooter.java:162)
2025-11-21 15:29:34 [main] ERROR InterfaceTelegramTest:19 - org.apache.maven.surefire.booter.ForkedBooter.run(ForkedBooter.java:507)
2025-11-21 15:29:34 [main] ERROR InterfaceTelegramTest:19 - org.apache.maven.surefire.booter.ForkedBooter.main(ForkedBooter.java:495)
2025-11-21 15:29:34 [main] INFO  InterfaceTelegramTest:51 - ################################### Response START ###################################
2025-11-21 15:29:34 [main] INFO  InterfaceTelegramTest:70 - TelegramHeader(msg_len=987, gid_sysname=devaps01, gid_yyyyymmdd=20241009, gid_hhmmss=173115, gid_seq=002, gid_pid=42394, gid_stat=00, tx_code=SAC04V127U, inst_no=MTI, send_rspn_type=R, rspn_svc_code=, ori_global_id=devaps01202410091731150024239400, ori_send_time=20241009173113380, chnl_id=UNIT, client_ip_no=192.168.137.1, client_mac=8E96E6A577A5, scrn_id=, scrn_lock_yn=, op_id=, xa_begin_flag=0, send_time=20241009173113380, rspn_time=20241009173115235592, sync_type=, async_rspn_yn=, call_depth=0, msg_count_no=0, ttl_use_flag=0, ttl_from_time=, ttl=0, long_msg_type=0, err_flag=0, err_src=, err_type=, err_code=NAZAP0002, dst_inst_code=, fail_knd=, ap_host_name=, ap_caller_id=, inf_id=, lang_type=EN, reserved=)
2025-11-21 15:29:34 [main] INFO  InterfaceTelegramTest:60 - SAC04V127UOutVo
2025-11-21 15:29:34 [main] INFO  InterfaceTelegramTest:61 - SAC04V127UOutVo(proc_rslt_cd=0000, sub1_vo=[SAC04V127UOutSub1Vo(row_no=1, pmt_incap_proc_stat_cd=4, proc_rslt_cd=0000, msg_cd=W00065)])
2025-11-21 15:29:34 [main] INFO  InterfaceTelegramTest:63 - ################################### Response END ###################################
2025-11-21 15:29:34 [main] INFO  InterfaceTelegramTest:21 - ################################### Request START ###################################
2025-11-21 15:29:34 [main] INFO  InterfaceTelegramTest:37 - SAC04V127UInVo(dummy=null, sub1_vo=[SAC04V127UInSub1Vo(row_no=1, pmt_date=20230331, acq_mb_no=008, mid=71000204442, auth_batch_no=308800350789, pmt_seq_no=1, reg_date=20230331, reg_seq_no=1)])
2025-11-21 15:29:34 [main] INFO  InterfaceTelegramTest:42 - 00000533LeRuccoL202511211529340070000000SAC04V127U              MTI S                        LeRuccoL20251121152934007000000020251121152934000119WEB       172.16.20.11                                WED030120H N1787130271     020251121152934000119                    A000000      00010                                                                        EN                                                                                                                                             D00000030                      0000000100000120230331008710002044423088003507890000000001202303310000000001@@
2025-11-21 15:29:34 [main] INFO  InterfaceTelegramTest:43 - ################################### Request END ###################################
2025-11-21 15:29:34 [main] INFO  InterfaceTelegramTest:51 - ################################### Response START ###################################
2025-11-21 15:29:34 [main] INFO  InterfaceTelegramTest:70 - TelegramHeader(msg_len=968, gid_sysname=devaps01, gid_yyyyymmdd=20241022, gid_hhmmss=100601, gid_seq=001, gid_pid=42561, gid_stat=00, tx_code=SAZ03F000U, inst_no=MTI, send_rspn_type=R, rspn_svc_code=, ori_global_id=devaps01202410221006010014256100, ori_send_time=20241022100600732, chnl_id=UNIT, client_ip_no=192.168.1.3, client_mac=581CF8933F96, scrn_id=, scrn_lock_yn=, op_id=, xa_begin_flag=0, send_time=20241022100600732, rspn_time=20241022100601445163, sync_type=, async_rspn_yn=, call_depth=0, msg_count_no=0, ttl_use_flag=0, ttl_from_time=, ttl=0, long_msg_type=0, err_flag=0, err_src=, err_type=, err_code=IAZAP0000, dst_inst_code=, fail_knd=, ap_host_name=, ap_caller_id=, inf_id=, lang_type=EN, reserved=)
2025-11-21 15:29:34 [main] INFO  InterfaceTelegramTest:60 - SAZ03F000UOutVo
2025-11-21 15:29:34 [main] INFO  InterfaceTelegramTest:61 - SAZ03F000UOutVo(trns_cnt=0)
2025-11-21 15:29:34 [main] INFO  InterfaceTelegramTest:63 - ################################### Response END ###################################
2025-11-21 15:29:34 [main] INFO  InterfaceTelegramTest:21 - ################################### Request START ###################################
2025-11-21 15:29:34 [main] INFO  InterfaceTelegramTest:37 - SAZ03F000UInVo(usr_conn_clcd=I, usr_id=1787130271, usr_paswd=7DB3C8AE5015726FB1B0120DCA9C6C7452279219553DCF4818C4DF885164463A)
2025-11-21 15:29:34 [main] INFO  InterfaceTelegramTest:42 - 00000604LeRuccoL202511211529340080000000SAZ03F000U              MTI S                        LeRuccoL20251121152934008000000020251121152934000155WEB       172.16.20.11                                WED030120H N1787130271     020251121152934000155                    A000000      00010                                                                        EN                                                                                                                                             D00000101                     I1787130271     7DB3C8AE5015726FB1B0120DCA9C6C7452279219553DCF4818C4DF885164463A@@
2025-11-21 15:29:34 [main] INFO  InterfaceTelegramTest:43 - ################################### Request END ###################################
2025-11-21 15:29:34 [main] INFO  InterfaceTelegramTest:51 - ################################### Response START ###################################
2025-11-21 15:29:34 [main] INFO  InterfaceTelegramTest:70 - TelegramHeader(msg_len=36682, gid_sysname=devaps01, gid_yyyyymmdd=20241022, gid_hhmmss=101659, gid_seq=001, gid_pid=42562, gid_stat=00, tx_code=SAZ03F010R, inst_no=MTI, send_rspn_type=R, rspn_svc_code=, ori_global_id=devaps01202410221016590014256200, ori_send_time=20241022101659337, chnl_id=UNIT, client_ip_no=192.168.1.3, client_mac=581CF8933F96, scrn_id=, scrn_lock_yn=, op_id=1787130271, xa_begin_flag=0, send_time=20241022101659337, rspn_time=20241022101700399793, sync_type=, async_rspn_yn=, call_depth=0, msg_count_no=0, ttl_use_flag=0, ttl_from_time=, ttl=0, long_msg_type=0, err_flag=0, err_src=, err_type=, err_code=, dst_inst_code=, fail_knd=, ap_host_name=, ap_caller_id=, inf_id=, lang_type=EN, reserved=)
2025-11-21 15:29:34 [main] INFO  InterfaceTelegramTest:60 - SAZ03F010ROutVo
2025-11-21 15:29:34 [main] INFO  InterfaceTelegramTest:61 - SAZ03F010ROutVo(next_page_exist_yn=N, next_page_no=601, sub1_vo=[SAZ03F010ROutSub1Vo(usr_id=1787130271, emp_no=1787130271, emp_nm=Yosua Sutandar, lang_clcd=EN, emp_tp_cd=20, usr_ctgo_cd=10, dept_cd=4020169005, orz_nm=Risk Management_MEM, cont_stat_cd=1, usr_ino=, duty_cd=33, usr_svc_auth_id=17871302712024102203060144319, apvl_req_usr_yn=Y, apvl_mgr_usr_yn=Y, adm_usr_yn=Y, bbrd_adm_usr_yn=Y)], sub2_vo=[SAZ03F010ROutSub2Vo(usr_id=1787130271, mai_itm_cd=17, mai_itm_mskg_val=87130271   Yosua Sutandar)], sub3_vo=[SAZ03F010ROutSub3Vo(usr_id=1787130271, biz_ctgo_cd=178, menu_id=7130271, scrn_id=Yosua Suta, priv_val_flag=ndar)])
2025-11-21 15:29:34 [main] INFO  InterfaceTelegramTest:63 - ################################### Response END ###################################
2025-11-21 15:29:34 [main] INFO  InterfaceTelegramTest:21 - ################################### Request START ###################################
2025-11-21 15:29:34 [main] INFO  InterfaceTelegramTest:37 - SAZ03F010RInVo(page_no=1, page_size=500)
2025-11-21 15:29:34 [main] INFO  InterfaceTelegramTest:42 - 00000536LeRuccoL202511211529340090000000SAZ03F010R              MTI S                        LeRuccoL20251121152934009000000020251121152934000213WEB       172.16.20.11                                WED030120H N1787130271     020251121152934000213                    A000000      00010                                                                        EN                                                                                                                                             D00000033                     000001000500@@
2025-11-21 15:29:34 [main] INFO  InterfaceTelegramTest:43 - ################################### Request END ###################################
2025-11-21 15:29:34 [main] INFO  InterfaceTelegramTest:51 - ################################### Response START ###################################
2025-11-21 15:29:34 [main] INFO  InterfaceTelegramTest:70 - TelegramHeader(msg_len=966, gid_sysname=devaps01, gid_yyyyymmdd=20241016, gid_hhmmss=112655, gid_seq=001, gid_pid=42577, gid_stat=00, tx_code=SAZ03F340U, inst_no=MTI, send_rspn_type=R, rspn_svc_code=, ori_global_id=devaps01202410161126550014257700, ori_send_time=20241016112655216, chnl_id=UNIT, client_ip_no=172.16.20.34, client_mac=00090FAA0001, scrn_id=, scrn_lock_yn=, op_id=, xa_begin_flag=0, send_time=20241016112655216, rspn_time=20241016112655282058, sync_type=, async_rspn_yn=, call_depth=0, msg_count_no=0, ttl_use_flag=0, ttl_from_time=, ttl=0, long_msg_type=0, err_flag=0, err_src=, err_type=, err_code=, dst_inst_code=, fail_knd=, ap_host_name=, ap_caller_id=, inf_id=, lang_type=EN, reserved=)
2025-11-21 15:29:34 [main] INFO  InterfaceTelegramTest:60 - SAZ03F340UOutVo
2025-11-21 15:29:34 [main] INFO  InterfaceTelegramTest:61 - SAZ03F340UOutVo(trns_cnt=0)
2025-11-21 15:29:34 [main] INFO  InterfaceTelegramTest:63 - ################################### Response END ###################################
2025-11-21 15:29:34 [main] INFO  InterfaceTelegramTest:21 - ################################### Request START ###################################
2025-11-21 15:29:34 [main] INFO  InterfaceTelegramTest:37 - SAZ03F340UInVo(usr_id=M000000013, menu_id=MC0510100, data_stat_cd=U)
2025-11-21 15:29:34 [main] INFO  InterfaceTelegramTest:42 - 00000549LeRuccoL202511211529340100000000SED03F209R              MTI S                        LeRuccoL20251121152934010000000020251121152934000239WEB       172.16.20.11                                WED030120H N1787130271     020251121152934000239                    A000000      00010                                                                        EN                                                                                                                                             D00000046                     M000000013     MC0510100U@@
2025-11-21 15:29:34 [main] INFO  InterfaceTelegramTest:43 - ################################### Request END ###################################
2025-11-21 15:29:34 [main] INFO  InterfaceTelegramTest:51 - ################################### Response START ###################################
2025-11-21 15:29:34 [main] INFO  InterfaceTelegramTest:70 - TelegramHeader(msg_len=1070, gid_sysname=devaps01, gid_yyyyymmdd=20241022, gid_hhmmss=133423, gid_seq=001, gid_pid=42564, gid_stat=00, tx_code=SAZ03V701U, inst_no=MTI, send_rspn_type=R, rspn_svc_code=, ori_global_id=devaps01202410221334230014256400, ori_send_time=20241022133423036, chnl_id=UNIT, client_ip_no=192.168.1.3, client_mac=581CF8933F96, scrn_id=, scrn_lock_yn=, op_id=1787130271, xa_begin_flag=0, send_time=20241022133423036, rspn_time=20241022133423725174, sync_type=, async_rspn_yn=, call_depth=0, msg_count_no=0, ttl_use_flag=0, ttl_from_time=, ttl=0, long_msg_type=0, err_flag=0, err_src=, err_type=, err_code=IAZAP0000, dst_inst_code=, fail_knd=, ap_host_name=, ap_caller_id=, inf_id=, lang_type=EN, reserved=)
2025-11-21 15:29:34 [main] INFO  InterfaceTelegramTest:60 - SAZ03V701UOutVo
2025-11-21 15:29:34 [main] INFO  InterfaceTelegramTest:61 - SAZ03V701UOutVo(usr_id=1787130271, usr_nm=Yosua Sutandar, paswd_chg_yn=N, emp_no=1787130271, usr_ino=, usr_ctgo_cd=10, adm_usr_yn=Y)
2025-11-21 15:29:34 [main] INFO  InterfaceTelegramTest:63 - ################################### Response END ###################################
2025-11-21 15:29:34 [main] INFO  InterfaceTelegramTest:21 - ################################### Request START ###################################
2025-11-21 15:29:34 [main] INFO  InterfaceTelegramTest:37 - SAZ03V701UInVo(usr_id=1787130271, usr_paswd=7DB3C8AE5015726FB1B0120DCA9C6C7452279219553DCF4818C4DF885164463A, chnl_clcd=1, req_tp=I, admin_yn=N)
2025-11-21 15:29:34 [main] INFO  InterfaceTelegramTest:42 - 00000606LeRuccoL202511211529340110000000SAZ03V701U              MTI S                        LeRuccoL20251121152934011000000020251121152934000264WEB       172.16.20.11                                WED030120H N1787130271     020251121152934000264                    A000000      00010                                                                        EN                                                                                                                                             D00000103                     1787130271     7DB3C8AE5015726FB1B0120DCA9C6C7452279219553DCF4818C4DF885164463A1IN@@
2025-11-21 15:29:34 [main] INFO  InterfaceTelegramTest:43 - ################################### Request END ###################################
2025-11-21 15:29:34 [main] INFO  InterfaceTelegramTest:51 - ################################### Response START ###################################
2025-11-21 15:29:34 [main] INFO  InterfaceTelegramTest:70 - TelegramHeader(msg_len=1514, gid_sysname=devaps01, gid_yyyyymmdd=20241016, gid_hhmmss=125737, gid_seq=003, gid_pid=42575, gid_stat=00, tx_code=SAZ05F030R, inst_no=MTI, send_rspn_type=R, rspn_svc_code=, ori_global_id=devaps01202410161257370034257500, ori_send_time=20241016125737648, chnl_id=UNIT, client_ip_no=192.168.1.16, client_mac=088FC37E596F, scrn_id=, scrn_lock_yn=, op_id=, xa_begin_flag=0, send_time=20241016125737648, rspn_time=20241016125737089670, sync_type=, async_rspn_yn=, call_depth=0, msg_count_no=0, ttl_use_flag=0, ttl_from_time=, ttl=0, long_msg_type=0, err_flag=0, err_src=, err_type=, err_code=, dst_inst_code=, fail_knd=, ap_host_name=, ap_caller_id=, inf_id=, lang_type=EN, reserved=)
2025-11-21 15:29:34 [main] INFO  InterfaceTelegramTest:60 - SAZ05F030ROutVo
2025-11-21 15:29:34 [main] INFO  InterfaceTelegramTest:61 - SAZ05F030ROutVo(next_page_exist_yn=N, next_page_no=3, all_cnt=3, sub1_vos=[SAZ05F030ROutSub1Vo(usr_id=1684130034, apvl_req_chg_emp_no=1684130034, apvl_req_chg_emp_nm=Jaka Sembung, apvl_mgr_usr_id=1675110011, mgr_emp_no=1675110011, emp_nm=Rony Andry Anthony Sihotang, apvl_mgr_clcd=A), SAZ05F030ROutSub1Vo(usr_id=1684130034, apvl_req_chg_emp_no=1684130034, apvl_req_chg_emp_nm=Jaka Sembung, apvl_mgr_usr_id=1684130034, mgr_emp_no=1684130034, emp_nm=Jaka Sembung, apvl_mgr_clcd=A), SAZ05F030ROutSub1Vo(usr_id=1684130034, apvl_req_chg_emp_no=1684130034, apvl_req_chg_emp_nm=Jaka Sembung, apvl_mgr_usr_id=1691130063, mgr_emp_no=1691130063, emp_nm=Andrew Tasidjawa, apvl_mgr_clcd=A)])
2025-11-21 15:29:34 [main] INFO  InterfaceTelegramTest:63 - ################################### Response END ###################################
2025-11-21 15:29:34 [main] INFO  InterfaceTelegramTest:21 - ################################### Request START ###################################
2025-11-21 15:29:34 [main] INFO  InterfaceTelegramTest:37 - SAZ05F030RInVo(page_no=1, page_size=1, usr_id=1684130034, apvl_req_clcd=U, emp_nm=Jaka Sembung)
2025-11-21 15:29:34 [main] INFO  InterfaceTelegramTest:42 - 00000612LeRuccoL202511211529340120000000SAZ05F030R              MTI S                        LeRuccoL20251121152934012000000020251121152934000343WEB       172.16.20.11                                WED030120H N1787130271     020251121152934000343                    A000000      00010                                                                        EN                                                                                                                                             D00000109                     0000010000011684130034     UJaka Sembung                                                @@
2025-11-21 15:29:34 [main] INFO  InterfaceTelegramTest:43 - ################################### Request END ###################################
2025-11-21 15:29:34 [main] INFO  InterfaceTelegramTest:51 - ################################### Response START ###################################
2025-11-21 15:29:34 [main] INFO  InterfaceTelegramTest:70 - TelegramHeader(msg_len=2276, gid_sysname=devaps01, gid_yyyyymmdd=20240926, gid_hhmmss=165940, gid_seq=001, gid_pid=54673, gid_stat=00, tx_code=SED03F209R, inst_no=MTI, send_rspn_type=R, rspn_svc_code=, ori_global_id=devaps01202409261659400015467300, ori_send_time=20240926165937773, chnl_id=UNIT, client_ip_no=172.16.20.6, client_mac=00090FAA0001, scrn_id=, scrn_lock_yn=, op_id=, xa_begin_flag=0, send_time=20240926165937773, rspn_time=20240926165940042641, sync_type=, async_rspn_yn=, call_depth=0, msg_count_no=0, ttl_use_flag=0, ttl_from_time=, ttl=0, long_msg_type=0, err_flag=0, err_src=, err_type=, err_code=NAZAP0005, dst_inst_code=, fail_knd=, ap_host_name=, ap_caller_id=, inf_id=, lang_type=EN, reserved=)
2025-11-21 15:29:34 [main] INFO  InterfaceTelegramTest:60 - SED03F209ROutVo
2025-11-21 15:29:34 [main] INFO  InterfaceTelegramTest:61 - SED03F209ROutVo(sub1Vo=[SED03F209ROutSub1Vo(rack_no=10001, rack_loca=Building A, 2nd Floor, 201), SED03F209ROutSub1Vo(rack_no=10002, rack_loca=Building A, 2nd Floor, 201), SED03F209ROutSub1Vo(rack_no=10003, rack_loca=Building A, 2nd Floor, 201), SED03F209ROutSub1Vo(rack_no=10005, rack_loca=Building A, 2nd Floor, 201), SED03F209ROutSub1Vo(rack_no=10082, rack_loca=Dev by Sung 1), SED03F209ROutSub1Vo(rack_no=10086, rack_loca=Dev by Sung 5), SED03F209ROutSub1Vo(rack_no=10087, rack_loca=Dev by Sung 6), SED03F209ROutSub1Vo(rack_no=10088, rack_loca=Test by Sung 6), SED03F209ROutSub1Vo(rack_no=10089, rack_loca=Sung by Dev 6), SED03F209ROutSub1Vo(rack_no=10090, rack_loca=RACK NO 5), SED03F209ROutSub1Vo(rack_no=10091, rack_loca=SUNG TEST 10)])
2025-11-21 15:29:34 [main] INFO  InterfaceTelegramTest:63 - ################################### Response END ###################################
2025-11-21 15:29:34 [main] INFO  InterfaceTelegramTest:21 - ################################### Request START ###################################
2025-11-21 15:29:34 [main] INFO  InterfaceTelegramTest:37 - SED03F209RInVo(whous_cd=Z900)
2025-11-21 15:29:34 [main] INFO  InterfaceTelegramTest:42 - 00000529LeRuccoL202511211529340130000000SED03F209R              MTI S                        LeRuccoL20251121152934013000000020251121152934000406WEB       172.16.20.11                                WED030120H N1787130271     020251121152934000406                    A000000      00010                                                                        EN                                                                                                                                             D00000026                     Z900 @@
2025-11-21 15:29:34 [main] INFO  InterfaceTelegramTest:43 - ################################### Request END ###################################
2025-11-21 15:29:34 [main] INFO  InterfaceTelegramTest:51 - ################################### Response START ###################################
2025-11-21 15:29:34 [main] ERROR InterfaceTelegramTest:11 - java.lang.ArrayIndexOutOfBoundsException
2025-11-21 15:29:34 [main] INFO  InterfaceTelegramTest:51 - ################################### Response START ###################################
2025-11-21 15:29:34 [main] INFO  InterfaceTelegramTest:70 - TelegramHeader(msg_len=2772, gid_sysname=devaps01, gid_yyyyymmdd=20241016, gid_hhmmss=112943, gid_seq=002, gid_pid=42574, gid_stat=00, tx_code=SMC02F042R, inst_no=MTI, send_rspn_type=R, rspn_svc_code=, ori_global_id=devaps01202410161129430024257400, ori_send_time=20241016112941546, chnl_id=UNIT, client_ip_no=192.168.0.141, client_mac=0CDD2494CF5F, scrn_id=, scrn_lock_yn=, op_id=, xa_begin_flag=0, send_time=20241016112941546, rspn_time=20241016112943291687, sync_type=, async_rspn_yn=, call_depth=0, msg_count_no=0, ttl_use_flag=0, ttl_from_time=, ttl=0, long_msg_type=0, err_flag=0, err_src=, err_type=, err_code=NAZAP0005, dst_inst_code=, fail_knd=, ap_host_name=, ap_caller_id=, inf_id=, lang_type=EN, reserved=)
2025-11-21 15:29:34 [main] INFO  InterfaceTelegramTest:60 - SMC02F042ROutVo
2025-11-21 15:29:34 [main] INFO  InterfaceTelegramTest:61 - SMC02F042ROutVo(inqr_clcd=, inqr_clcd_val=, brnd_clcd=, page_size=10, next_key=, next_brnd_clcd=, sub1_vo=[SMC02F042RInSub1Vo(brnd_clcd=C, mcc_cd=1422, mcc_mcc_cd_nmcd=test, mcc_cd_expl=test, grup_mcc_cd=, tcc_cd=, mer_mo_lim_amt=9.9999999999999E14, auto_lim_moinc_std_non_rt=0.0, auto_lim_mo_moinc_cnt=0, auto_liam_non_rt=0.0, mcc_end_date=20210114, ins_able_yn=Y, ofl_trns_able_yn=Y, del_yn=), SMC02F042RInSub1Vo(brnd_clcd=M, mcc_cd=1422, mcc_mcc_cd_nmcd=TESTING12314, mcc_cd_expl=test, grup_mcc_cd=, tcc_cd=B, mer_mo_lim_amt=9.9999999999999E14, auto_lim_moinc_std_non_rt=0.0, auto_lim_mo_moinc_cnt=0, auto_liam_non_rt=0.0, mcc_end_date=29991231, ins_able_yn=Y, ofl_trns_able_yn=Y, del_yn=), SMC02F042RInSub1Vo(brnd_clcd=V, mcc_cd=1422, mcc_mcc_cd_nmcd=Bengkeltest, mcc_cd_expl=Bengkel, grup_mcc_cd=, tcc_cd=, mer_mo_lim_amt=9.9999999999999E14, auto_lim_moinc_std_non_rt=0.0, auto_lim_mo_moinc_cnt=0, auto_liam_non_rt=0.0, mcc_end_date=29991231, ins_able_yn=Y, ofl_trns_able_yn=Y, del_yn=)])
2025-11-21 15:29:34 [main] INFO  InterfaceTelegramTest:63 - ################################### Response END ###################################
2025-11-21 15:29:34 [main] INFO  InterfaceTelegramTest:21 - ################################### Request START ###################################
2025-11-21 15:29:34 [main] INFO  InterfaceTelegramTest:37 - SMC02F042RInVo(inqr_clcd=1, inqr_clcd_val=1422, brnd_clcd=null, page_size=10, next_key=1422, next_brnd_clcd=C, sub1_vo=[])
2025-11-21 15:29:34 [main] INFO  InterfaceTelegramTest:42 - 00001152LeRuccoL202511211529340140000000SMC02F042R              MTI S                        LeRuccoL20251121152934014000000020251121152934000500WEB       172.16.20.11                                WED030120H N1787130271     020251121152934000501                    A000000      00010                                                                        EN                                                                                                                                             D00000649                     11422                                                                                                 0000101422                                                                                                                                                                                                                                                            C                                                                                                                                                                                                                                                               00000000@@
2025-11-21 15:29:34 [main] INFO  InterfaceTelegramTest:43 - ################################### Request END ###################################
2025-11-21 15:29:34 [main] INFO  InterfaceTelegramTest:51 - ################################### Response START ###################################
2025-11-21 15:29:34 [main] INFO  InterfaceTelegramTest:70 - TelegramHeader(msg_len=1966, gid_sysname=devaps01, gid_yyyyymmdd=20241016, gid_hhmmss=172344, gid_seq=006, gid_pid=42574, gid_stat=00, tx_code=SMC04V041U, inst_no=MTI, send_rspn_type=R, rspn_svc_code=, ori_global_id=devaps01202410161723440064257400, ori_send_time=20241016172344823, chnl_id=UNIT, client_ip_no=172.16.20.34, client_mac=00090FAA0001, scrn_id=WMC0402100, scrn_lock_yn=, op_id=1997130388, xa_begin_flag=0, send_time=20241016172344823, rspn_time=20241016172344917756, sync_type=, async_rspn_yn=, call_depth=0, msg_count_no=0, ttl_use_flag=0, ttl_from_time=, ttl=0, long_msg_type=0, err_flag=0, err_src=, err_type=, err_code=, dst_inst_code=, fail_knd=, ap_host_name=, ap_caller_id=, inf_id=, lang_type=EN, reserved=)
2025-11-21 15:29:34 [main] INFO  InterfaceTelegramTest:60 - SMC04V041UOutVo
2025-11-21 15:29:34 [main] INFO  InterfaceTelegramTest:61 - SMC04V041UOutVo(rson_cd=0000, msg_ctnts=, supics_trns_tp_seq_no=0074)
2025-11-21 15:29:34 [main] INFO  InterfaceTelegramTest:63 - ################################### Response END ###################################
2025-11-21 15:29:34 [main] INFO  InterfaceTelegramTest:21 - ################################### Request START ###################################
2025-11-21 15:29:34 [main] INFO  InterfaceTelegramTest:37 - SMC04V041UInVo(sub1_vo=[SMC04V041UInSub1Vo(biz_clcd=U, supics_trns_tp_seq_no=0074, supics_trns_tp_cd=98, appl_strt_date=20240905, appl_end_date=29991231, trns_cond_expl=null, min_day_avg_sale_icr_rt=0.0, mcc_cd=null, trns_chck_strt_time=null, trns_chck_end_time=null, max_trns_cnt=0, day_max_trns_keyin_trns_rt=0.0, non_act_mcnt=0, day_max_sale_amt=0.0, day_max_trns_cnt=0, day_max_trns_amt=0.0, trns_limt_card_bin_val=null, trns_imgmt_yn=null, trns_refs_yn=null, apvl_cmpl_yn=null, apvl_auth_date=null, apvl_auth_chg_emp_no=null, apvl_req_scrn_id=null, apvl_reg_date=null, cncel_yn=null, chng_usr_id=null, inp_usr_id=null, min_sv_amt=0.0, time_frame=0)])
2025-11-21 15:29:34 [main] INFO  InterfaceTelegramTest:42 - 00000532LeRuccoL202511211529340150000000SMC04V041U              MTI S                        LeRuccoL20251121152934015000000020251121152934000536WEB       172.16.20.11                                WED030120H N1787130271     020251121152934000536                    A000000      00010                                                                        EN                                                                                                                                             D00000029                     00000001U0074982024090529991231                                                                                                                                                                                                        000.0000                0000000000.00000000000000000000000.0000000000000000000000000.00                                                                                            0000000000000000.00000@@
2025-11-21 15:29:34 [main] INFO  InterfaceTelegramTest:43 - ################################### Request END ###################################
2025-11-21 15:29:34 [main] INFO  InterfaceTelegramTest:51 - ################################### Response START ###################################
2025-11-21 15:29:34 [main] INFO  InterfaceTelegramTest:70 - TelegramHeader(msg_len=11722, gid_sysname=devaps01, gid_yyyyymmdd=20241016, gid_hhmmss=171917, gid_seq=006, gid_pid=42573, gid_stat=00, tx_code=SMC04V042R, inst_no=MTI, send_rspn_type=R, rspn_svc_code=, ori_global_id=devaps01202410161719170064257300, ori_send_time=20241016171915379, chnl_id=UNIT, client_ip_no=192.168.0.141, client_mac=0CDD2494CF5F, scrn_id=, scrn_lock_yn=, op_id=, xa_begin_flag=0, send_time=20241016171915379, rspn_time=20241016171917146989, sync_type=, async_rspn_yn=, call_depth=0, msg_count_no=0, ttl_use_flag=0, ttl_from_time=, ttl=0, long_msg_type=0, err_flag=0, err_src=, err_type=, err_code=NAZAP0005, dst_inst_code=, fail_knd=, ap_host_name=, ap_caller_id=, inf_id=, lang_type=EN, reserved=)
2025-11-21 15:29:34 [main] INFO  InterfaceTelegramTest:21 - ################################### Request START ###################################
2025-11-21 15:29:34 [main] INFO  InterfaceTelegramTest:37 - SMC04V042RInVo(supics_trns_tp_seq_no=0040, supics_trns_tp_cd=03, inqr_strt_date=20190626, inqr_end_date=20991231, page_size=1, next_key_val=0040)
2025-11-21 15:29:34 [main] INFO  InterfaceTelegramTest:42 - 00000808LeRuccoL202511211529340160000000SMC04V042R              MTI S                        LeRuccoL20251121152934016000000020251121152934000599WEB       172.16.20.11                                WED030120H N1787130271     020251121152934000599                    A000000      00010                                                                        EN                                                                                                                                             D00000305                     00400320190626209912310000010040                                                                                                                                                                                                                                                            @@
2025-11-21 15:29:34 [main] INFO  InterfaceTelegramTest:43 - ################################### Request END ###################################
2025-11-21 15:29:34 [main] INFO  InterfaceTelegramTest:51 - ################################### Response START ###################################
2025-11-21 15:29:34 [main] INFO  InterfaceTelegramTest:70 - TelegramHeader(msg_len=2734, gid_sysname=devaps01, gid_yyyyymmdd=20241016, gid_hhmmss=160009, gid_seq=004, gid_pid=42575, gid_stat=00, tx_code=SMC05F216R, inst_no=MTI, send_rspn_type=R, rspn_svc_code=, ori_global_id=devaps01202410161600090044257500, ori_send_time=20241016160009897, chnl_id=UNIT, client_ip_no=192.168.1.16, client_mac=088FC37E596F, scrn_id=, scrn_lock_yn=, op_id=, xa_begin_flag=0, send_time=20241016160009897, rspn_time=20241016160009072517, sync_type=, async_rspn_yn=, call_depth=0, msg_count_no=0, ttl_use_flag=0, ttl_from_time=, ttl=0, long_msg_type=0, err_flag=0, err_src=, err_type=, err_code=NAZAP0001, dst_inst_code=, fail_knd=, ap_host_name=, ap_caller_id=, inf_id=, lang_type=EN, reserved=)
2025-11-21 15:29:34 [main] INFO  InterfaceTelegramTest:60 - SMC05F216ROutVo
2025-11-21 15:29:34 [main] INFO  InterfaceTelegramTest:61 - SMC05F216ROutVo(next_page_exist_yn=Y, next_page_no=2, all_cnt=1, sub1_vos=[SMC05F216ROutSub1Vo(usr_id=1680110013, usr_nm=Bayu Sulistyo, usr_clcd=0, mmp_priv_cd=0001, lgrup_id=, lgrup_nm=, mgrup_id=, mgrup_nm=, mid=, mer_nm=, tel_no=, hp_tel_no=082122793605, email_addr=bayus@gmail.com, itm_expl=, mmp_data_stat_cd=C, use_strt_date=20160601, use_end_date=29991231, lang_clcd=EN, inp_usr_id=1688130057, inp_pgm_id=WMC0570300, data_inp_dttm=20170124162000139, chng_usr_id=1688130057, chng_pgm_id=WMC0570300, data_chng_dttm=20170124162000139)])
2025-11-21 15:29:34 [main] INFO  InterfaceTelegramTest:63 - ################################### Response END ###################################
2025-11-21 15:29:34 [main] INFO  InterfaceTelegramTest:21 - ################################### Request START ###################################
2025-11-21 15:29:34 [main] INFO  InterfaceTelegramTest:37 - SMC05F216RInVo(biz_clcd=R, page_no=1, page_size=1, lgrup_id=null, mgrup_id=null, mid=null, usr_id=1680110013, usr_nm=Bayu Sulistyo)
2025-11-21 15:29:34 [main] INFO  InterfaceTelegramTest:42 - 00000679LeRuccoL202511211529340170000000SMC05F216R              MTI S                        LeRuccoL20251121152934017000000020251121152934000641WEB       172.16.20.11                                WED030120H N1787130271     020251121152934000642                    A000000      00010                                                                        EN                                                                                                                                             D00000176                     R000001000001                           1680110013     Bayu Sulistyo                                                                                       @@
2025-11-21 15:29:34 [main] INFO  InterfaceTelegramTest:43 - ################################### Request END ###################################
