2025-10-28 14:39:42 [main] INFO  BcapApplication:55 - Starting BcapApplication using Java 21.0.6 on LeRuccoLOQ with PID 8004 (C:\bcap\bcap-be\target\classes started by drucc in C:\bcap\bcap-be)
2025-10-28 14:39:42 [main] INFO  BcapApplication:632 - No active profile set, falling back to 1 default profile: "default"
2025-10-28 14:39:43 [main] INFO  TomcatWebServer:108 - Tomcat initialized with port(s): 8080 (http)
2025-10-28 14:39:43 [main] INFO  Http11NioProtocol:173 - Initializing ProtocolHandler ["http-nio-8080"]
2025-10-28 14:39:43 [main] INFO  StandardService:173 - Starting service [Tomcat]
2025-10-28 14:39:43 [main] INFO  StandardEngine:173 - Starting Servlet engine: [Apache Tomcat/9.0.83]
2025-10-28 14:39:43 [main] INFO  [/]:173 - Initializing Spring embedded WebApplicationContext
2025-10-28 14:39:43 [main] INFO  ServletWebServerApplicationContext:292 - Root WebApplicationContext: initialization completed in 1332 ms
2025-10-28 14:39:43 [main] WARN  UserDetailsServiceAutoConfiguration:89 - 

Using generated security password: 13b8494e-0cc8-4724-8075-103c5899e190

This generated password is for development use only. Your security configuration must be updated before running your application in production.

2025-10-28 14:39:43 [main] INFO  DefaultSecurityFilterChain:55 - Will secure any request with [org.springframework.security.web.session.DisableEncodeUrlFilter@260e3837, org.springframework.security.web.context.request.async.WebAsyncManagerIntegrationFilter@88b76f2, org.springframework.security.web.context.SecurityContextPersistenceFilter@7459a21e, org.springframework.security.web.header.HeaderWriterFilter@50b46e24, org.springframework.web.filter.CorsFilter@1b4872bc, org.springframework.security.web.authentication.logout.LogoutFilter@66ec4409, maas.bcap.security.JwtAuthFilter@161dd92a, org.springframework.security.web.savedrequest.RequestCacheAwareFilter@d54d0f5, org.springframework.security.web.servletapi.SecurityContextHolderAwareRequestFilter@58eac00e, org.springframework.security.web.authentication.AnonymousAuthenticationFilter@498a612d, org.springframework.security.web.session.SessionManagementFilter@4d98e41b, org.springframework.security.web.access.ExceptionTranslationFilter@4e80a001, org.springframework.security.web.access.intercept.AuthorizationFilter@2c604965]
2025-10-28 14:39:44 [main] INFO  EndpointLinksResolver:58 - Exposing 1 endpoint(s) beneath base path '/actuator'
2025-10-28 14:39:44 [main] INFO  Http11NioProtocol:173 - Starting ProtocolHandler ["http-nio-8080"]
2025-10-28 14:39:44 [main] INFO  TomcatWebServer:220 - Tomcat started on port(s): 8080 (http) with context path ''
2025-10-28 14:39:44 [main] INFO  BcapApplication:61 - Started BcapApplication in 2.593 seconds (JVM running for 3.257)
2025-10-28 14:39:44 [main] INFO  BcapApplication:18 - Start Application
2025-10-28 14:39:49 [http-nio-8080-exec-1] INFO  [/]:173 - Initializing Spring DispatcherServlet 'dispatcherServlet'
2025-10-28 14:39:49 [http-nio-8080-exec-1] INFO  DispatcherServlet:525 - Initializing Servlet 'dispatcherServlet'
2025-10-28 14:39:49 [http-nio-8080-exec-1] INFO  DispatcherServlet:547 - Completed initialization in 0 ms
2025-10-28 14:39:49 [http-nio-8080-exec-1] INFO  BcapController:19 - info
2025-10-28 14:39:49 [http-nio-8080-exec-1] WARN  BcapController:20 - warn
2025-10-28 14:39:49 [http-nio-8080-exec-1] ERROR BcapController:21 - error
2025-10-28 14:39:49 [http-nio-8080-exec-1] FATAL BcapController:22 - fatal
2025-10-28 14:39:53 [http-nio-8080-exec-5] INFO  AuthController:38 - LoginInDto [LoginInDto(userId=1787130271, encryptionPassword=null, screenId=LOGIN)]
2025-10-28 14:39:53 [http-nio-8080-exec-5] INFO  AuthService:57 - AuthInfoDto [AuthInfoDto(userId=1787130271, encryptionPassword=null)]
2025-10-28 14:39:53 [http-nio-8080-exec-5] INFO  AuthService:60 - token [eyJhbGciOiJIUzI1NiJ9.eyJBdXRoSW5mbyI6eyJ1c2VySWQiOiIxNzg3MTMwMjcxIiwiZW5jcnlwdGlvblBhc3N3b3JkIjpudWxsfSwic3ViIjoiMTc4NzEzMDI3MSIsImV4cCI6MTc2MTcyMzU5M30.boNq-t2Ron2OeiD8ga0cdFywXLebF-KXKAfQXxy7xGo]
2025-10-28 14:40:44 [http-nio-8080-exec-2] INFO  AuthController:38 - LoginInDto [LoginInDto(userId=1787130271, encryptionPassword=7DB3C8AE5015726FB1B0120DCA9C6C7452279219553DCF4818C4DF885164463A, screenId=LOGIN)]
2025-10-28 14:40:44 [http-nio-8080-exec-2] INFO  AuthService:57 - AuthInfoDto [AuthInfoDto(userId=1787130271, encryptionPassword=7DB3C8AE5015726FB1B0120DCA9C6C7452279219553DCF4818C4DF885164463A)]
2025-10-28 14:40:44 [http-nio-8080-exec-2] INFO  AuthService:60 - token [eyJhbGciOiJIUzI1NiJ9.eyJBdXRoSW5mbyI6eyJ1c2VySWQiOiIxNzg3MTMwMjcxIiwiZW5jcnlwdGlvblBhc3N3b3JkIjoiN0RCM0M4QUU1MDE1NzI2RkIxQjAxMjBEQ0E5QzZDNzQ1MjI3OTIxOTU1M0RDRjQ4MThDNERGODg1MTY0NDYzQSJ9LCJzdWIiOiIxNzg3MTMwMjcxIiwiZXhwIjoxNzYxNzIzNjQ0fQ.r0XWs2s8Gox1jviTNLYIsK_7UgEFvL7iO7RragGSQc0]
2025-10-28 14:40:57 [http-nio-8080-exec-3] INFO  AuthController:46 - Token [eyJhbGciOiJIUzI1NiJ9.eyJBdXRoSW5mbyI6eyJ1c2VySWQiOiIxNzg3MTMwMjcxIiwiZW5jcnlwdGlvblBhc3N3b3JkIjoiN0RCM0M4QUU1MDE1NzI2RkIxQjAxMjBEQ0E5QzZDNzQ1MjI3OTIxOTU1M0RDRjQ4MThDNERGODg1MTY0NDYzQSJ9LCJzdWIiOiIxNzg3MTMwMjcxIiwiZXhwIjoxNzYxNzIzNjQ0fQ.r0XWs2s8Gox1jviTNLYIsK_7UgEFvL7iO7RragGSQc0]
2025-10-28 14:40:57 [http-nio-8080-exec-3] INFO  AuthController:48 - AuthInfoDto [AuthInfoDto(userId=1787130271, encryptionPassword=7DB3C8AE5015726FB1B0120DCA9C6C7452279219553DCF4818C4DF885164463A)]
2025-10-28 14:43:08 [main] INFO  BcapApplication:55 - Starting BcapApplication using Java 21.0.6 on LeRuccoLOQ with PID 15496 (C:\bcap\bcap-be\target\classes started by drucc in C:\bcap\bcap-be)
2025-10-28 14:43:08 [main] INFO  BcapApplication:632 - No active profile set, falling back to 1 default profile: "default"
2025-10-28 14:43:10 [main] INFO  TomcatWebServer:108 - Tomcat initialized with port(s): 8080 (http)
2025-10-28 14:43:10 [main] INFO  Http11NioProtocol:173 - Initializing ProtocolHandler ["http-nio-8080"]
2025-10-28 14:43:10 [main] INFO  StandardService:173 - Starting service [Tomcat]
2025-10-28 14:43:10 [main] INFO  StandardEngine:173 - Starting Servlet engine: [Apache Tomcat/9.0.83]
2025-10-28 14:43:11 [main] INFO  [/]:173 - Initializing Spring embedded WebApplicationContext
2025-10-28 14:43:11 [main] INFO  ServletWebServerApplicationContext:292 - Root WebApplicationContext: initialization completed in 2607 ms
2025-10-28 14:43:11 [main] WARN  UserDetailsServiceAutoConfiguration:89 - 

Using generated security password: 0941761c-373c-4c07-8e21-c41676f8e709

This generated password is for development use only. Your security configuration must be updated before running your application in production.

2025-10-28 14:43:11 [main] INFO  DefaultSecurityFilterChain:55 - Will secure any request with [org.springframework.security.web.session.DisableEncodeUrlFilter@1b4872bc, org.springframework.security.web.context.request.async.WebAsyncManagerIntegrationFilter@498a612d, org.springframework.security.web.context.SecurityContextPersistenceFilter@d54d0f5, org.springframework.security.web.header.HeaderWriterFilter@577bf0aa, org.springframework.web.filter.CorsFilter@1e1237ab, org.springframework.security.web.authentication.logout.LogoutFilter@6f1c3f18, maas.bcap.security.JwtAuthFilter@252744a1, org.springframework.security.web.savedrequest.RequestCacheAwareFilter@541bf968, org.springframework.security.web.servletapi.SecurityContextHolderAwareRequestFilter@61149fa5, org.springframework.security.web.authentication.AnonymousAuthenticationFilter@4dfdfe7d, org.springframework.security.web.session.SessionManagementFilter@5696c927, org.springframework.security.web.access.ExceptionTranslationFilter@50b46e24, org.springframework.security.web.access.intercept.AuthorizationFilter@6c17c0f8]
2025-10-28 14:43:12 [main] INFO  EndpointLinksResolver:58 - Exposing 1 endpoint(s) beneath base path '/actuator'
2025-10-28 14:43:12 [main] INFO  Http11NioProtocol:173 - Starting ProtocolHandler ["http-nio-8080"]
2025-10-28 14:43:12 [main] INFO  TomcatWebServer:220 - Tomcat started on port(s): 8080 (http) with context path ''
2025-10-28 14:43:12 [main] INFO  BcapApplication:61 - Started BcapApplication in 5.281 seconds (JVM running for 6.465)
2025-10-28 14:43:12 [main] INFO  BcapApplication:18 - Start Application
2025-10-28 20:51:49 [main] INFO  BcapApplication:55 - Starting BcapApplication using Java 21.0.6 on LeRuccoLOQ with PID 29616 (C:\bcap\bcap-be\target\classes started by drucc in C:\bcap\bcap-be)
2025-10-28 20:51:49 [main] INFO  BcapApplication:632 - No active profile set, falling back to 1 default profile: "default"
2025-10-28 20:51:51 [main] INFO  TomcatWebServer:108 - Tomcat initialized with port(s): 8080 (http)
2025-10-28 20:51:51 [main] INFO  Http11NioProtocol:173 - Initializing ProtocolHandler ["http-nio-8080"]
2025-10-28 20:51:51 [main] INFO  StandardService:173 - Starting service [Tomcat]
2025-10-28 20:51:51 [main] INFO  StandardEngine:173 - Starting Servlet engine: [Apache Tomcat/9.0.83]
2025-10-28 20:51:51 [main] INFO  [/]:173 - Initializing Spring embedded WebApplicationContext
2025-10-28 20:51:51 [main] INFO  ServletWebServerApplicationContext:292 - Root WebApplicationContext: initialization completed in 1456 ms
2025-10-28 20:51:51 [main] WARN  UserDetailsServiceAutoConfiguration:89 - 

Using generated security password: 76753f74-c07f-4463-86c3-877532705320

This generated password is for development use only. Your security configuration must be updated before running your application in production.

2025-10-28 20:51:51 [main] INFO  DefaultSecurityFilterChain:55 - Will secure any request with [org.springframework.security.web.session.DisableEncodeUrlFilter@54af3cb9, org.springframework.security.web.context.request.async.WebAsyncManagerIntegrationFilter@236fdf, org.springframework.security.web.context.SecurityContextPersistenceFilter@2b6c7012, org.springframework.security.web.header.HeaderWriterFilter@285005b8, org.springframework.web.filter.CorsFilter@16e99306, org.springframework.security.web.authentication.logout.LogoutFilter@49c099b, maas.bcap.security.JwtAuthFilter@ef718de, org.springframework.security.web.savedrequest.RequestCacheAwareFilter@5f726750, org.springframework.security.web.servletapi.SecurityContextHolderAwareRequestFilter@1c30cb85, org.springframework.security.web.authentication.AnonymousAuthenticationFilter@653fb8d1, org.springframework.security.web.session.SessionManagementFilter@740dcae3, org.springframework.security.web.access.ExceptionTranslationFilter@d3e3085, org.springframework.security.web.access.intercept.AuthorizationFilter@4c531172]
2025-10-28 20:51:52 [main] INFO  EndpointLinksResolver:58 - Exposing 1 endpoint(s) beneath base path '/actuator'
2025-10-28 20:51:52 [main] INFO  Http11NioProtocol:173 - Starting ProtocolHandler ["http-nio-8080"]
2025-10-28 20:51:52 [main] INFO  TomcatWebServer:220 - Tomcat started on port(s): 8080 (http) with context path ''
2025-10-28 20:51:52 [main] INFO  BcapApplication:61 - Started BcapApplication in 3.117 seconds (JVM running for 3.827)
2025-10-28 20:51:52 [main] INFO  BcapApplication:18 - Start Application
2025-10-28 20:52:17 [http-nio-8080-exec-1] INFO  [/]:173 - Initializing Spring DispatcherServlet 'dispatcherServlet'
2025-10-28 20:52:17 [http-nio-8080-exec-1] INFO  DispatcherServlet:525 - Initializing Servlet 'dispatcherServlet'
2025-10-28 20:52:17 [http-nio-8080-exec-1] INFO  DispatcherServlet:547 - Completed initialization in 1 ms
2025-10-28 20:52:18 [http-nio-8080-exec-2] INFO  FileManagerController:45 - inDto : FileUploadInDto(fileDiv=div1, fileDesc=desc1, extraPath=null, attachFileId=1111, attachFileSeqNo=null, screenId=FileUpload)
2025-10-28 20:52:18 [http-nio-8080-exec-2] INFO  FileManagerController:46 - Files : [org.springframework.web.multipart.support.StandardMultipartHttpServletRequest$StandardMultipartFile@3c460ca6]
2025-10-28 20:52:18 [http-nio-8080-exec-2] INFO  FileManagerService:49 - FileUploadService.upload
2025-10-28 20:52:18 [http-nio-8080-exec-2] INFO  FileManagerService:53 - Content-Type multipart/form-data; boundary=----WebKitFormBoundaryYD8rKWc8rSPrPbKx
2025-10-28 20:52:18 [http-nio-8080-exec-2] INFO  FileManagerService:70 - UserInfoFileManagerDto(screenId=FileUpload, userIp=0:0:0:0:0:0:0:1)
2025-10-28 20:52:18 [http-nio-8080-exec-2] INFO  FileUploadService:59 - FileUploadService.selectFileList
2025-10-28 20:52:18 [http-nio-8080-exec-2] INFO  FileUploadService:63 - FileInVo(attach_file_id=1111, attach_file_clcd=div1, attach_file_expl=null, upd_yn=null, req_clcd=S2, sub1Vos=null)
2025-10-28 20:52:18 [http-nio-8080-exec-2] INFO  FileUploadService:91 - FileUploadService.interfaceTuxedo
2025-10-28 20:52:18 [http-nio-8080-exec-2] ERROR [dispatcherServlet]:175 - Servlet.service() for servlet [dispatcherServlet] in context with path [] threw exception [Request processing failed; nested exception is java.lang.NullPointerException: Cannot invoke "maas.bcap.dto.AuthInfoDto.getUserId()" because "authInfoDto" is null] with root cause
java.lang.NullPointerException: Cannot invoke "maas.bcap.dto.AuthInfoDto.getUserId()" because "authInfoDto" is null
	at maas.bcap.service.FileUploadService.interfaceTuxedo(FileUploadService.java:99) ~[classes/:?]
	at maas.bcap.service.FileUploadService.selectFileList(FileUploadService.java:65) ~[classes/:?]
	at maas.bcap.service.FileManagerService.updateFiles(FileManagerService.java:173) ~[classes/:?]
	at maas.bcap.service.FileManagerService.upload(FileManagerService.java:78) ~[classes/:?]
	at maas.bcap.controller.FileManagerController.upload(FileManagerController.java:48) ~[classes/:?]
	at jdk.internal.reflect.DirectMethodHandleAccessor.invoke(DirectMethodHandleAccessor.java:103) ~[?:?]
	at java.lang.reflect.Method.invoke(Method.java:580) ~[?:?]
	at org.springframework.web.method.support.InvocableHandlerMethod.doInvoke(InvocableHandlerMethod.java:205) ~[spring-web-5.3.31.jar:5.3.31]
	at org.springframework.web.method.support.InvocableHandlerMethod.invokeForRequest(InvocableHandlerMethod.java:150) ~[spring-web-5.3.31.jar:5.3.31]
	at org.springframework.web.servlet.mvc.method.annotation.ServletInvocableHandlerMethod.invokeAndHandle(ServletInvocableHandlerMethod.java:117) ~[spring-webmvc-5.3.31.jar:5.3.31]
	at org.springframework.web.servlet.mvc.method.annotation.RequestMappingHandlerAdapter.invokeHandlerMethod(RequestMappingHandlerAdapter.java:895) ~[spring-webmvc-5.3.31.jar:5.3.31]
	at org.springframework.web.servlet.mvc.method.annotation.RequestMappingHandlerAdapter.handleInternal(RequestMappingHandlerAdapter.java:808) ~[spring-webmvc-5.3.31.jar:5.3.31]
	at org.springframework.web.servlet.mvc.method.AbstractHandlerMethodAdapter.handle(AbstractHandlerMethodAdapter.java:87) ~[spring-webmvc-5.3.31.jar:5.3.31]
	at org.springframework.web.servlet.DispatcherServlet.doDispatch(DispatcherServlet.java:1072) ~[spring-webmvc-5.3.31.jar:5.3.31]
	at org.springframework.web.servlet.DispatcherServlet.doService(DispatcherServlet.java:965) ~[spring-webmvc-5.3.31.jar:5.3.31]
	at org.springframework.web.servlet.FrameworkServlet.processRequest(FrameworkServlet.java:1006) ~[spring-webmvc-5.3.31.jar:5.3.31]
	at org.springframework.web.servlet.FrameworkServlet.doPost(FrameworkServlet.java:909) ~[spring-webmvc-5.3.31.jar:5.3.31]
	at javax.servlet.http.HttpServlet.service(HttpServlet.java:555) ~[tomcat-embed-core-9.0.83.jar:4.0.FR]
	at org.springframework.web.servlet.FrameworkServlet.service(FrameworkServlet.java:883) ~[spring-webmvc-5.3.31.jar:5.3.31]
	at javax.servlet.http.HttpServlet.service(HttpServlet.java:623) ~[tomcat-embed-core-9.0.83.jar:4.0.FR]
	at org.apache.catalina.core.ApplicationFilterChain.internalDoFilter(ApplicationFilterChain.java:209) ~[tomcat-embed-core-9.0.83.jar:9.0.83]
	at org.apache.catalina.core.ApplicationFilterChain.doFilter(ApplicationFilterChain.java:153) ~[tomcat-embed-core-9.0.83.jar:9.0.83]
	at org.apache.tomcat.websocket.server.WsFilter.doFilter(WsFilter.java:51) ~[tomcat-embed-websocket-9.0.83.jar:9.0.83]
	at org.apache.catalina.core.ApplicationFilterChain.internalDoFilter(ApplicationFilterChain.java:178) ~[tomcat-embed-core-9.0.83.jar:9.0.83]
	at org.apache.catalina.core.ApplicationFilterChain.doFilter(ApplicationFilterChain.java:153) ~[tomcat-embed-core-9.0.83.jar:9.0.83]
	at org.springframework.web.filter.OncePerRequestFilter.doFilter(OncePerRequestFilter.java:111) ~[spring-web-5.3.31.jar:5.3.31]
	at org.apache.catalina.core.ApplicationFilterChain.internalDoFilter(ApplicationFilterChain.java:178) ~[tomcat-embed-core-9.0.83.jar:9.0.83]
	at org.apache.catalina.core.ApplicationFilterChain.doFilter(ApplicationFilterChain.java:153) ~[tomcat-embed-core-9.0.83.jar:9.0.83]
	at org.springframework.security.web.FilterChainProxy$VirtualFilterChain.doFilter(FilterChainProxy.java:337) ~[spring-security-web-5.7.11.jar:5.7.11]
	at org.springframework.security.web.access.intercept.AuthorizationFilter.doFilter(AuthorizationFilter.java:96) ~[spring-security-web-5.7.11.jar:5.7.11]
	at org.springframework.security.web.FilterChainProxy$VirtualFilterChain.doFilter(FilterChainProxy.java:346) ~[spring-security-web-5.7.11.jar:5.7.11]
	at org.springframework.security.web.access.ExceptionTranslationFilter.doFilter(ExceptionTranslationFilter.java:122) ~[spring-security-web-5.7.11.jar:5.7.11]
	at org.springframework.security.web.access.ExceptionTranslationFilter.doFilter(ExceptionTranslationFilter.java:116) ~[spring-security-web-5.7.11.jar:5.7.11]
	at org.springframework.security.web.FilterChainProxy$VirtualFilterChain.doFilter(FilterChainProxy.java:346) ~[spring-security-web-5.7.11.jar:5.7.11]
	at org.springframework.security.web.session.SessionManagementFilter.doFilter(SessionManagementFilter.java:126) ~[spring-security-web-5.7.11.jar:5.7.11]
	at org.springframework.security.web.session.SessionManagementFilter.doFilter(SessionManagementFilter.java:81) ~[spring-security-web-5.7.11.jar:5.7.11]
	at org.springframework.security.web.FilterChainProxy$VirtualFilterChain.doFilter(FilterChainProxy.java:346) ~[spring-security-web-5.7.11.jar:5.7.11]
	at org.springframework.security.web.authentication.AnonymousAuthenticationFilter.doFilter(AnonymousAuthenticationFilter.java:109) ~[spring-security-web-5.7.11.jar:5.7.11]
	at org.springframework.security.web.FilterChainProxy$VirtualFilterChain.doFilter(FilterChainProxy.java:346) ~[spring-security-web-5.7.11.jar:5.7.11]
	at org.springframework.security.web.servletapi.SecurityContextHolderAwareRequestFilter.doFilter(SecurityContextHolderAwareRequestFilter.java:149) ~[spring-security-web-5.7.11.jar:5.7.11]
	at org.springframework.security.web.FilterChainProxy$VirtualFilterChain.doFilter(FilterChainProxy.java:346) ~[spring-security-web-5.7.11.jar:5.7.11]
	at org.springframework.security.web.savedrequest.RequestCacheAwareFilter.doFilter(RequestCacheAwareFilter.java:63) ~[spring-security-web-5.7.11.jar:5.7.11]
	at org.springframework.security.web.FilterChainProxy$VirtualFilterChain.doFilter(FilterChainProxy.java:346) ~[spring-security-web-5.7.11.jar:5.7.11]
	at maas.bcap.security.JwtAuthFilter.doFilterInternal(JwtAuthFilter.java:70) ~[classes/:?]
	at org.springframework.web.filter.OncePerRequestFilter.doFilter(OncePerRequestFilter.java:117) ~[spring-web-5.3.31.jar:5.3.31]
	at org.springframework.security.web.FilterChainProxy$VirtualFilterChain.doFilter(FilterChainProxy.java:346) ~[spring-security-web-5.7.11.jar:5.7.11]
	at org.springframework.security.web.authentication.logout.LogoutFilter.doFilter(LogoutFilter.java:103) ~[spring-security-web-5.7.11.jar:5.7.11]
	at org.springframework.security.web.authentication.logout.LogoutFilter.doFilter(LogoutFilter.java:89) ~[spring-security-web-5.7.11.jar:5.7.11]
	at org.springframework.security.web.FilterChainProxy$VirtualFilterChain.doFilter(FilterChainProxy.java:346) ~[spring-security-web-5.7.11.jar:5.7.11]
	at org.springframework.web.filter.CorsFilter.doFilterInternal(CorsFilter.java:91) ~[spring-web-5.3.31.jar:5.3.31]
	at org.springframework.web.filter.OncePerRequestFilter.doFilter(OncePerRequestFilter.java:117) ~[spring-web-5.3.31.jar:5.3.31]
	at org.springframework.security.web.FilterChainProxy$VirtualFilterChain.doFilter(FilterChainProxy.java:346) ~[spring-security-web-5.7.11.jar:5.7.11]
	at org.springframework.security.web.header.HeaderWriterFilter.doHeadersAfter(HeaderWriterFilter.java:90) ~[spring-security-web-5.7.11.jar:5.7.11]
	at org.springframework.security.web.header.HeaderWriterFilter.doFilterInternal(HeaderWriterFilter.java:75) ~[spring-security-web-5.7.11.jar:5.7.11]
	at org.springframework.web.filter.OncePerRequestFilter.doFilter(OncePerRequestFilter.java:117) ~[spring-web-5.3.31.jar:5.3.31]
	at org.springframework.security.web.FilterChainProxy$VirtualFilterChain.doFilter(FilterChainProxy.java:346) ~[spring-security-web-5.7.11.jar:5.7.11]
	at org.springframework.security.web.context.SecurityContextPersistenceFilter.doFilter(SecurityContextPersistenceFilter.java:112) ~[spring-security-web-5.7.11.jar:5.7.11]
	at org.springframework.security.web.context.SecurityContextPersistenceFilter.doFilter(SecurityContextPersistenceFilter.java:82) ~[spring-security-web-5.7.11.jar:5.7.11]
	at org.springframework.security.web.FilterChainProxy$VirtualFilterChain.doFilter(FilterChainProxy.java:346) ~[spring-security-web-5.7.11.jar:5.7.11]
	at org.springframework.security.web.context.request.async.WebAsyncManagerIntegrationFilter.doFilterInternal(WebAsyncManagerIntegrationFilter.java:55) ~[spring-security-web-5.7.11.jar:5.7.11]
	at org.springframework.web.filter.OncePerRequestFilter.doFilter(OncePerRequestFilter.java:117) ~[spring-web-5.3.31.jar:5.3.31]
	at org.springframework.security.web.FilterChainProxy$VirtualFilterChain.doFilter(FilterChainProxy.java:346) ~[spring-security-web-5.7.11.jar:5.7.11]
	at org.springframework.security.web.session.DisableEncodeUrlFilter.doFilterInternal(DisableEncodeUrlFilter.java:42) ~[spring-security-web-5.7.11.jar:5.7.11]
	at org.springframework.web.filter.OncePerRequestFilter.doFilter(OncePerRequestFilter.java:117) ~[spring-web-5.3.31.jar:5.3.31]
	at org.springframework.security.web.FilterChainProxy$VirtualFilterChain.doFilter(FilterChainProxy.java:346) ~[spring-security-web-5.7.11.jar:5.7.11]
	at org.springframework.security.web.FilterChainProxy.doFilterInternal(FilterChainProxy.java:221) ~[spring-security-web-5.7.11.jar:5.7.11]
	at org.springframework.security.web.FilterChainProxy.doFilter(FilterChainProxy.java:186) ~[spring-security-web-5.7.11.jar:5.7.11]
	at org.springframework.web.filter.DelegatingFilterProxy.invokeDelegate(DelegatingFilterProxy.java:354) ~[spring-web-5.3.31.jar:5.3.31]
	at org.springframework.web.filter.DelegatingFilterProxy.doFilter(DelegatingFilterProxy.java:267) ~[spring-web-5.3.31.jar:5.3.31]
	at org.apache.catalina.core.ApplicationFilterChain.internalDoFilter(ApplicationFilterChain.java:178) ~[tomcat-embed-core-9.0.83.jar:9.0.83]
	at org.apache.catalina.core.ApplicationFilterChain.doFilter(ApplicationFilterChain.java:153) ~[tomcat-embed-core-9.0.83.jar:9.0.83]
	at org.springframework.web.filter.RequestContextFilter.doFilterInternal(RequestContextFilter.java:100) ~[spring-web-5.3.31.jar:5.3.31]
	at org.springframework.web.filter.OncePerRequestFilter.doFilter(OncePerRequestFilter.java:117) ~[spring-web-5.3.31.jar:5.3.31]
	at org.apache.catalina.core.ApplicationFilterChain.internalDoFilter(ApplicationFilterChain.java:178) ~[tomcat-embed-core-9.0.83.jar:9.0.83]
	at org.apache.catalina.core.ApplicationFilterChain.doFilter(ApplicationFilterChain.java:153) ~[tomcat-embed-core-9.0.83.jar:9.0.83]
	at org.springframework.web.filter.FormContentFilter.doFilterInternal(FormContentFilter.java:93) ~[spring-web-5.3.31.jar:5.3.31]
	at org.springframework.web.filter.OncePerRequestFilter.doFilter(OncePerRequestFilter.java:117) ~[spring-web-5.3.31.jar:5.3.31]
	at org.apache.catalina.core.ApplicationFilterChain.internalDoFilter(ApplicationFilterChain.java:178) ~[tomcat-embed-core-9.0.83.jar:9.0.83]
	at org.apache.catalina.core.ApplicationFilterChain.doFilter(ApplicationFilterChain.java:153) ~[tomcat-embed-core-9.0.83.jar:9.0.83]
	at org.springframework.boot.actuate.metrics.web.servlet.WebMvcMetricsFilter.doFilterInternal(WebMvcMetricsFilter.java:96) ~[spring-boot-actuator-2.7.18.jar:2.7.18]
	at org.springframework.web.filter.OncePerRequestFilter.doFilter(OncePerRequestFilter.java:117) ~[spring-web-5.3.31.jar:5.3.31]
	at org.apache.catalina.core.ApplicationFilterChain.internalDoFilter(ApplicationFilterChain.java:178) ~[tomcat-embed-core-9.0.83.jar:9.0.83]
	at org.apache.catalina.core.ApplicationFilterChain.doFilter(ApplicationFilterChain.java:153) ~[tomcat-embed-core-9.0.83.jar:9.0.83]
	at org.springframework.web.filter.CharacterEncodingFilter.doFilterInternal(CharacterEncodingFilter.java:201) ~[spring-web-5.3.31.jar:5.3.31]
	at org.springframework.web.filter.OncePerRequestFilter.doFilter(OncePerRequestFilter.java:117) ~[spring-web-5.3.31.jar:5.3.31]
	at org.apache.catalina.core.ApplicationFilterChain.internalDoFilter(ApplicationFilterChain.java:178) ~[tomcat-embed-core-9.0.83.jar:9.0.83]
	at org.apache.catalina.core.ApplicationFilterChain.doFilter(ApplicationFilterChain.java:153) ~[tomcat-embed-core-9.0.83.jar:9.0.83]
	at org.apache.catalina.core.StandardWrapperValve.invoke(StandardWrapperValve.java:168) ~[tomcat-embed-core-9.0.83.jar:9.0.83]
	at org.apache.catalina.core.StandardContextValve.invoke(StandardContextValve.java:90) ~[tomcat-embed-core-9.0.83.jar:9.0.83]
	at org.apache.catalina.authenticator.AuthenticatorBase.invoke(AuthenticatorBase.java:481) ~[tomcat-embed-core-9.0.83.jar:9.0.83]
	at org.apache.catalina.core.StandardHostValve.invoke(StandardHostValve.java:130) ~[tomcat-embed-core-9.0.83.jar:9.0.83]
	at org.apache.catalina.valves.ErrorReportValve.invoke(ErrorReportValve.java:93) ~[tomcat-embed-core-9.0.83.jar:9.0.83]
	at org.apache.catalina.core.StandardEngineValve.invoke(StandardEngineValve.java:74) ~[tomcat-embed-core-9.0.83.jar:9.0.83]
	at org.apache.catalina.connector.CoyoteAdapter.service(CoyoteAdapter.java:342) ~[tomcat-embed-core-9.0.83.jar:9.0.83]
	at org.apache.coyote.http11.Http11Processor.service(Http11Processor.java:390) ~[tomcat-embed-core-9.0.83.jar:9.0.83]
	at org.apache.coyote.AbstractProcessorLight.process(AbstractProcessorLight.java:63) ~[tomcat-embed-core-9.0.83.jar:9.0.83]
	at org.apache.coyote.AbstractProtocol$ConnectionHandler.process(AbstractProtocol.java:928) ~[tomcat-embed-core-9.0.83.jar:9.0.83]
	at org.apache.tomcat.util.net.NioEndpoint$SocketProcessor.doRun(NioEndpoint.java:1794) ~[tomcat-embed-core-9.0.83.jar:9.0.83]
	at org.apache.tomcat.util.net.SocketProcessorBase.run(SocketProcessorBase.java:52) ~[tomcat-embed-core-9.0.83.jar:9.0.83]
	at org.apache.tomcat.util.threads.ThreadPoolExecutor.runWorker(ThreadPoolExecutor.java:1191) ~[tomcat-embed-core-9.0.83.jar:9.0.83]
	at org.apache.tomcat.util.threads.ThreadPoolExecutor$Worker.run(ThreadPoolExecutor.java:659) ~[tomcat-embed-core-9.0.83.jar:9.0.83]
	at org.apache.tomcat.util.threads.TaskThread$WrappingRunnable.run(TaskThread.java:61) ~[tomcat-embed-core-9.0.83.jar:9.0.83]
	at java.lang.Thread.run(Thread.java:1583) ~[?:?]
2025-10-28 20:54:24 [http-nio-8080-exec-4] INFO  FileManagerController:45 - inDto : FileUploadInDto(fileDiv=div1, fileDesc=desc1, extraPath=null, attachFileId=null, attachFileSeqNo=null, screenId=FileUpload)
2025-10-28 20:54:24 [http-nio-8080-exec-4] INFO  FileManagerController:46 - Files : [org.springframework.web.multipart.support.StandardMultipartHttpServletRequest$StandardMultipartFile@2a3bd4bb]
2025-10-28 20:54:24 [http-nio-8080-exec-4] INFO  FileManagerService:49 - FileUploadService.upload
2025-10-28 20:54:24 [http-nio-8080-exec-4] INFO  FileManagerService:53 - Content-Type multipart/form-data; boundary=----WebKitFormBoundaryBbgqcfwvPomZIKmv
2025-10-28 20:54:24 [http-nio-8080-exec-4] INFO  FileManagerService:70 - UserInfoFileManagerDto(screenId=FileUpload, userIp=0:0:0:0:0:0:0:1)
2025-10-28 20:54:24 [http-nio-8080-exec-4] INFO  FileManagerService:89 - FileManagerService.registerFiles
2025-10-28 20:54:24 [http-nio-8080-exec-4] INFO  FileManagerService:95 - [org.springframework.web.multipart.support.StandardMultipartHttpServletRequest$StandardMultipartFile@2a3bd4bb]
2025-10-28 20:54:24 [http-nio-8080-exec-4] INFO  FileManagerService:288 - FileUploadService.checkFileExtension
2025-10-28 20:54:24 [http-nio-8080-exec-4] INFO  FileManagerService:290 - originFileName : [v2.jpg]
2025-10-28 20:54:24 [http-nio-8080-exec-4] INFO  FileManagerService:292 - jpg
2025-10-28 20:54:24 [http-nio-8080-exec-4] ERROR [dispatcherServlet]:175 - Servlet.service() for servlet [dispatcherServlet] in context with path [] threw exception [Request processing failed; nested exception is java.lang.NullPointerException: Cannot invoke "maas.bcap.dto.AuthInfoDto.getUserId()" because "authInfoDto" is null] with root cause
java.lang.NullPointerException: Cannot invoke "maas.bcap.dto.AuthInfoDto.getUserId()" because "authInfoDto" is null
	at maas.bcap.service.FileManagerService.registerFiles(FileManagerService.java:120) ~[classes/:?]
	at maas.bcap.service.FileManagerService.upload(FileManagerService.java:80) ~[classes/:?]
	at maas.bcap.controller.FileManagerController.upload(FileManagerController.java:48) ~[classes/:?]
	at jdk.internal.reflect.DirectMethodHandleAccessor.invoke(DirectMethodHandleAccessor.java:103) ~[?:?]
	at java.lang.reflect.Method.invoke(Method.java:580) ~[?:?]
	at org.springframework.web.method.support.InvocableHandlerMethod.doInvoke(InvocableHandlerMethod.java:205) ~[spring-web-5.3.31.jar:5.3.31]
	at org.springframework.web.method.support.InvocableHandlerMethod.invokeForRequest(InvocableHandlerMethod.java:150) ~[spring-web-5.3.31.jar:5.3.31]
	at org.springframework.web.servlet.mvc.method.annotation.ServletInvocableHandlerMethod.invokeAndHandle(ServletInvocableHandlerMethod.java:117) ~[spring-webmvc-5.3.31.jar:5.3.31]
	at org.springframework.web.servlet.mvc.method.annotation.RequestMappingHandlerAdapter.invokeHandlerMethod(RequestMappingHandlerAdapter.java:895) ~[spring-webmvc-5.3.31.jar:5.3.31]
	at org.springframework.web.servlet.mvc.method.annotation.RequestMappingHandlerAdapter.handleInternal(RequestMappingHandlerAdapter.java:808) ~[spring-webmvc-5.3.31.jar:5.3.31]
	at org.springframework.web.servlet.mvc.method.AbstractHandlerMethodAdapter.handle(AbstractHandlerMethodAdapter.java:87) ~[spring-webmvc-5.3.31.jar:5.3.31]
	at org.springframework.web.servlet.DispatcherServlet.doDispatch(DispatcherServlet.java:1072) ~[spring-webmvc-5.3.31.jar:5.3.31]
	at org.springframework.web.servlet.DispatcherServlet.doService(DispatcherServlet.java:965) ~[spring-webmvc-5.3.31.jar:5.3.31]
	at org.springframework.web.servlet.FrameworkServlet.processRequest(FrameworkServlet.java:1006) ~[spring-webmvc-5.3.31.jar:5.3.31]
	at org.springframework.web.servlet.FrameworkServlet.doPost(FrameworkServlet.java:909) ~[spring-webmvc-5.3.31.jar:5.3.31]
	at javax.servlet.http.HttpServlet.service(HttpServlet.java:555) ~[tomcat-embed-core-9.0.83.jar:4.0.FR]
	at org.springframework.web.servlet.FrameworkServlet.service(FrameworkServlet.java:883) ~[spring-webmvc-5.3.31.jar:5.3.31]
	at javax.servlet.http.HttpServlet.service(HttpServlet.java:623) ~[tomcat-embed-core-9.0.83.jar:4.0.FR]
	at org.apache.catalina.core.ApplicationFilterChain.internalDoFilter(ApplicationFilterChain.java:209) ~[tomcat-embed-core-9.0.83.jar:9.0.83]
	at org.apache.catalina.core.ApplicationFilterChain.doFilter(ApplicationFilterChain.java:153) ~[tomcat-embed-core-9.0.83.jar:9.0.83]
	at org.apache.tomcat.websocket.server.WsFilter.doFilter(WsFilter.java:51) ~[tomcat-embed-websocket-9.0.83.jar:9.0.83]
	at org.apache.catalina.core.ApplicationFilterChain.internalDoFilter(ApplicationFilterChain.java:178) ~[tomcat-embed-core-9.0.83.jar:9.0.83]
	at org.apache.catalina.core.ApplicationFilterChain.doFilter(ApplicationFilterChain.java:153) ~[tomcat-embed-core-9.0.83.jar:9.0.83]
	at org.springframework.web.filter.OncePerRequestFilter.doFilter(OncePerRequestFilter.java:111) ~[spring-web-5.3.31.jar:5.3.31]
	at org.apache.catalina.core.ApplicationFilterChain.internalDoFilter(ApplicationFilterChain.java:178) ~[tomcat-embed-core-9.0.83.jar:9.0.83]
	at org.apache.catalina.core.ApplicationFilterChain.doFilter(ApplicationFilterChain.java:153) ~[tomcat-embed-core-9.0.83.jar:9.0.83]
	at org.springframework.security.web.FilterChainProxy$VirtualFilterChain.doFilter(FilterChainProxy.java:337) ~[spring-security-web-5.7.11.jar:5.7.11]
	at org.springframework.security.web.access.intercept.AuthorizationFilter.doFilter(AuthorizationFilter.java:96) ~[spring-security-web-5.7.11.jar:5.7.11]
	at org.springframework.security.web.FilterChainProxy$VirtualFilterChain.doFilter(FilterChainProxy.java:346) ~[spring-security-web-5.7.11.jar:5.7.11]
	at org.springframework.security.web.access.ExceptionTranslationFilter.doFilter(ExceptionTranslationFilter.java:122) ~[spring-security-web-5.7.11.jar:5.7.11]
	at org.springframework.security.web.access.ExceptionTranslationFilter.doFilter(ExceptionTranslationFilter.java:116) ~[spring-security-web-5.7.11.jar:5.7.11]
	at org.springframework.security.web.FilterChainProxy$VirtualFilterChain.doFilter(FilterChainProxy.java:346) ~[spring-security-web-5.7.11.jar:5.7.11]
	at org.springframework.security.web.session.SessionManagementFilter.doFilter(SessionManagementFilter.java:126) ~[spring-security-web-5.7.11.jar:5.7.11]
	at org.springframework.security.web.session.SessionManagementFilter.doFilter(SessionManagementFilter.java:81) ~[spring-security-web-5.7.11.jar:5.7.11]
	at org.springframework.security.web.FilterChainProxy$VirtualFilterChain.doFilter(FilterChainProxy.java:346) ~[spring-security-web-5.7.11.jar:5.7.11]
	at org.springframework.security.web.authentication.AnonymousAuthenticationFilter.doFilter(AnonymousAuthenticationFilter.java:109) ~[spring-security-web-5.7.11.jar:5.7.11]
	at org.springframework.security.web.FilterChainProxy$VirtualFilterChain.doFilter(FilterChainProxy.java:346) ~[spring-security-web-5.7.11.jar:5.7.11]
	at org.springframework.security.web.servletapi.SecurityContextHolderAwareRequestFilter.doFilter(SecurityContextHolderAwareRequestFilter.java:149) ~[spring-security-web-5.7.11.jar:5.7.11]
	at org.springframework.security.web.FilterChainProxy$VirtualFilterChain.doFilter(FilterChainProxy.java:346) ~[spring-security-web-5.7.11.jar:5.7.11]
	at org.springframework.security.web.savedrequest.RequestCacheAwareFilter.doFilter(RequestCacheAwareFilter.java:63) ~[spring-security-web-5.7.11.jar:5.7.11]
	at org.springframework.security.web.FilterChainProxy$VirtualFilterChain.doFilter(FilterChainProxy.java:346) ~[spring-security-web-5.7.11.jar:5.7.11]
	at maas.bcap.security.JwtAuthFilter.doFilterInternal(JwtAuthFilter.java:70) ~[classes/:?]
	at org.springframework.web.filter.OncePerRequestFilter.doFilter(OncePerRequestFilter.java:117) ~[spring-web-5.3.31.jar:5.3.31]
	at org.springframework.security.web.FilterChainProxy$VirtualFilterChain.doFilter(FilterChainProxy.java:346) ~[spring-security-web-5.7.11.jar:5.7.11]
	at org.springframework.security.web.authentication.logout.LogoutFilter.doFilter(LogoutFilter.java:103) ~[spring-security-web-5.7.11.jar:5.7.11]
	at org.springframework.security.web.authentication.logout.LogoutFilter.doFilter(LogoutFilter.java:89) ~[spring-security-web-5.7.11.jar:5.7.11]
	at org.springframework.security.web.FilterChainProxy$VirtualFilterChain.doFilter(FilterChainProxy.java:346) ~[spring-security-web-5.7.11.jar:5.7.11]
	at org.springframework.web.filter.CorsFilter.doFilterInternal(CorsFilter.java:91) ~[spring-web-5.3.31.jar:5.3.31]
	at org.springframework.web.filter.OncePerRequestFilter.doFilter(OncePerRequestFilter.java:117) ~[spring-web-5.3.31.jar:5.3.31]
	at org.springframework.security.web.FilterChainProxy$VirtualFilterChain.doFilter(FilterChainProxy.java:346) ~[spring-security-web-5.7.11.jar:5.7.11]
	at org.springframework.security.web.header.HeaderWriterFilter.doHeadersAfter(HeaderWriterFilter.java:90) ~[spring-security-web-5.7.11.jar:5.7.11]
	at org.springframework.security.web.header.HeaderWriterFilter.doFilterInternal(HeaderWriterFilter.java:75) ~[spring-security-web-5.7.11.jar:5.7.11]
	at org.springframework.web.filter.OncePerRequestFilter.doFilter(OncePerRequestFilter.java:117) ~[spring-web-5.3.31.jar:5.3.31]
	at org.springframework.security.web.FilterChainProxy$VirtualFilterChain.doFilter(FilterChainProxy.java:346) ~[spring-security-web-5.7.11.jar:5.7.11]
	at org.springframework.security.web.context.SecurityContextPersistenceFilter.doFilter(SecurityContextPersistenceFilter.java:112) ~[spring-security-web-5.7.11.jar:5.7.11]
	at org.springframework.security.web.context.SecurityContextPersistenceFilter.doFilter(SecurityContextPersistenceFilter.java:82) ~[spring-security-web-5.7.11.jar:5.7.11]
	at org.springframework.security.web.FilterChainProxy$VirtualFilterChain.doFilter(FilterChainProxy.java:346) ~[spring-security-web-5.7.11.jar:5.7.11]
	at org.springframework.security.web.context.request.async.WebAsyncManagerIntegrationFilter.doFilterInternal(WebAsyncManagerIntegrationFilter.java:55) ~[spring-security-web-5.7.11.jar:5.7.11]
	at org.springframework.web.filter.OncePerRequestFilter.doFilter(OncePerRequestFilter.java:117) ~[spring-web-5.3.31.jar:5.3.31]
	at org.springframework.security.web.FilterChainProxy$VirtualFilterChain.doFilter(FilterChainProxy.java:346) ~[spring-security-web-5.7.11.jar:5.7.11]
	at org.springframework.security.web.session.DisableEncodeUrlFilter.doFilterInternal(DisableEncodeUrlFilter.java:42) ~[spring-security-web-5.7.11.jar:5.7.11]
	at org.springframework.web.filter.OncePerRequestFilter.doFilter(OncePerRequestFilter.java:117) ~[spring-web-5.3.31.jar:5.3.31]
	at org.springframework.security.web.FilterChainProxy$VirtualFilterChain.doFilter(FilterChainProxy.java:346) ~[spring-security-web-5.7.11.jar:5.7.11]
	at org.springframework.security.web.FilterChainProxy.doFilterInternal(FilterChainProxy.java:221) ~[spring-security-web-5.7.11.jar:5.7.11]
	at org.springframework.security.web.FilterChainProxy.doFilter(FilterChainProxy.java:186) ~[spring-security-web-5.7.11.jar:5.7.11]
	at org.springframework.web.filter.DelegatingFilterProxy.invokeDelegate(DelegatingFilterProxy.java:354) ~[spring-web-5.3.31.jar:5.3.31]
	at org.springframework.web.filter.DelegatingFilterProxy.doFilter(DelegatingFilterProxy.java:267) ~[spring-web-5.3.31.jar:5.3.31]
	at org.apache.catalina.core.ApplicationFilterChain.internalDoFilter(ApplicationFilterChain.java:178) ~[tomcat-embed-core-9.0.83.jar:9.0.83]
	at org.apache.catalina.core.ApplicationFilterChain.doFilter(ApplicationFilterChain.java:153) ~[tomcat-embed-core-9.0.83.jar:9.0.83]
	at org.springframework.web.filter.RequestContextFilter.doFilterInternal(RequestContextFilter.java:100) ~[spring-web-5.3.31.jar:5.3.31]
	at org.springframework.web.filter.OncePerRequestFilter.doFilter(OncePerRequestFilter.java:117) ~[spring-web-5.3.31.jar:5.3.31]
	at org.apache.catalina.core.ApplicationFilterChain.internalDoFilter(ApplicationFilterChain.java:178) ~[tomcat-embed-core-9.0.83.jar:9.0.83]
	at org.apache.catalina.core.ApplicationFilterChain.doFilter(ApplicationFilterChain.java:153) ~[tomcat-embed-core-9.0.83.jar:9.0.83]
	at org.springframework.web.filter.FormContentFilter.doFilterInternal(FormContentFilter.java:93) ~[spring-web-5.3.31.jar:5.3.31]
	at org.springframework.web.filter.OncePerRequestFilter.doFilter(OncePerRequestFilter.java:117) ~[spring-web-5.3.31.jar:5.3.31]
	at org.apache.catalina.core.ApplicationFilterChain.internalDoFilter(ApplicationFilterChain.java:178) ~[tomcat-embed-core-9.0.83.jar:9.0.83]
	at org.apache.catalina.core.ApplicationFilterChain.doFilter(ApplicationFilterChain.java:153) ~[tomcat-embed-core-9.0.83.jar:9.0.83]
	at org.springframework.boot.actuate.metrics.web.servlet.WebMvcMetricsFilter.doFilterInternal(WebMvcMetricsFilter.java:96) ~[spring-boot-actuator-2.7.18.jar:2.7.18]
	at org.springframework.web.filter.OncePerRequestFilter.doFilter(OncePerRequestFilter.java:117) ~[spring-web-5.3.31.jar:5.3.31]
	at org.apache.catalina.core.ApplicationFilterChain.internalDoFilter(ApplicationFilterChain.java:178) ~[tomcat-embed-core-9.0.83.jar:9.0.83]
	at org.apache.catalina.core.ApplicationFilterChain.doFilter(ApplicationFilterChain.java:153) ~[tomcat-embed-core-9.0.83.jar:9.0.83]
	at org.springframework.web.filter.CharacterEncodingFilter.doFilterInternal(CharacterEncodingFilter.java:201) ~[spring-web-5.3.31.jar:5.3.31]
	at org.springframework.web.filter.OncePerRequestFilter.doFilter(OncePerRequestFilter.java:117) ~[spring-web-5.3.31.jar:5.3.31]
	at org.apache.catalina.core.ApplicationFilterChain.internalDoFilter(ApplicationFilterChain.java:178) ~[tomcat-embed-core-9.0.83.jar:9.0.83]
	at org.apache.catalina.core.ApplicationFilterChain.doFilter(ApplicationFilterChain.java:153) ~[tomcat-embed-core-9.0.83.jar:9.0.83]
	at org.apache.catalina.core.StandardWrapperValve.invoke(StandardWrapperValve.java:168) ~[tomcat-embed-core-9.0.83.jar:9.0.83]
	at org.apache.catalina.core.StandardContextValve.invoke(StandardContextValve.java:90) ~[tomcat-embed-core-9.0.83.jar:9.0.83]
	at org.apache.catalina.authenticator.AuthenticatorBase.invoke(AuthenticatorBase.java:481) ~[tomcat-embed-core-9.0.83.jar:9.0.83]
	at org.apache.catalina.core.StandardHostValve.invoke(StandardHostValve.java:130) ~[tomcat-embed-core-9.0.83.jar:9.0.83]
	at org.apache.catalina.valves.ErrorReportValve.invoke(ErrorReportValve.java:93) ~[tomcat-embed-core-9.0.83.jar:9.0.83]
	at org.apache.catalina.core.StandardEngineValve.invoke(StandardEngineValve.java:74) ~[tomcat-embed-core-9.0.83.jar:9.0.83]
	at org.apache.catalina.connector.CoyoteAdapter.service(CoyoteAdapter.java:342) ~[tomcat-embed-core-9.0.83.jar:9.0.83]
	at org.apache.coyote.http11.Http11Processor.service(Http11Processor.java:390) ~[tomcat-embed-core-9.0.83.jar:9.0.83]
	at org.apache.coyote.AbstractProcessorLight.process(AbstractProcessorLight.java:63) ~[tomcat-embed-core-9.0.83.jar:9.0.83]
	at org.apache.coyote.AbstractProtocol$ConnectionHandler.process(AbstractProtocol.java:928) ~[tomcat-embed-core-9.0.83.jar:9.0.83]
	at org.apache.tomcat.util.net.NioEndpoint$SocketProcessor.doRun(NioEndpoint.java:1794) ~[tomcat-embed-core-9.0.83.jar:9.0.83]
	at org.apache.tomcat.util.net.SocketProcessorBase.run(SocketProcessorBase.java:52) ~[tomcat-embed-core-9.0.83.jar:9.0.83]
	at org.apache.tomcat.util.threads.ThreadPoolExecutor.runWorker(ThreadPoolExecutor.java:1191) ~[tomcat-embed-core-9.0.83.jar:9.0.83]
	at org.apache.tomcat.util.threads.ThreadPoolExecutor$Worker.run(ThreadPoolExecutor.java:659) ~[tomcat-embed-core-9.0.83.jar:9.0.83]
	at org.apache.tomcat.util.threads.TaskThread$WrappingRunnable.run(TaskThread.java:61) ~[tomcat-embed-core-9.0.83.jar:9.0.83]
	at java.lang.Thread.run(Thread.java:1583) ~[?:?]
2025-10-28 20:55:52 [http-nio-8080-exec-8] INFO  FileManagerController:45 - inDto : FileUploadInDto(fileDiv=div1, fileDesc=desc1, extraPath=null, attachFileId=null, attachFileSeqNo=null, screenId=FileUpload)
2025-10-28 20:55:52 [http-nio-8080-exec-8] INFO  FileManagerController:46 - Files : [org.springframework.web.multipart.support.StandardMultipartHttpServletRequest$StandardMultipartFile@6d78d2fa]
2025-10-28 20:55:52 [http-nio-8080-exec-8] INFO  FileManagerService:49 - FileUploadService.upload
2025-10-28 20:55:52 [http-nio-8080-exec-8] INFO  FileManagerService:53 - Content-Type multipart/form-data; boundary=----WebKitFormBoundary7s9I6AyrQJLB9gzG
2025-10-28 20:55:52 [http-nio-8080-exec-8] INFO  FileManagerService:70 - UserInfoFileManagerDto(screenId=FileUpload, userIp=0:0:0:0:0:0:0:1)
2025-10-28 20:55:52 [http-nio-8080-exec-8] INFO  FileManagerService:89 - FileManagerService.registerFiles
2025-10-28 20:55:52 [http-nio-8080-exec-8] INFO  FileManagerService:95 - [org.springframework.web.multipart.support.StandardMultipartHttpServletRequest$StandardMultipartFile@6d78d2fa]
2025-10-28 20:55:52 [http-nio-8080-exec-8] INFO  FileManagerService:288 - FileUploadService.checkFileExtension
2025-10-28 20:55:52 [http-nio-8080-exec-8] INFO  FileManagerService:290 - originFileName : [v2.jpg]
2025-10-28 20:55:52 [http-nio-8080-exec-8] INFO  FileManagerService:292 - jpg
2025-10-28 20:55:52 [http-nio-8080-exec-8] ERROR [dispatcherServlet]:175 - Servlet.service() for servlet [dispatcherServlet] in context with path [] threw exception [Request processing failed; nested exception is java.lang.NullPointerException: Cannot invoke "maas.bcap.dto.AuthInfoDto.getUserId()" because "authInfoDto" is null] with root cause
java.lang.NullPointerException: Cannot invoke "maas.bcap.dto.AuthInfoDto.getUserId()" because "authInfoDto" is null
	at maas.bcap.service.FileManagerService.registerFiles(FileManagerService.java:120) ~[classes/:?]
	at maas.bcap.service.FileManagerService.upload(FileManagerService.java:80) ~[classes/:?]
	at maas.bcap.controller.FileManagerController.upload(FileManagerController.java:48) ~[classes/:?]
	at jdk.internal.reflect.DirectMethodHandleAccessor.invoke(DirectMethodHandleAccessor.java:103) ~[?:?]
	at java.lang.reflect.Method.invoke(Method.java:580) ~[?:?]
	at org.springframework.web.method.support.InvocableHandlerMethod.doInvoke(InvocableHandlerMethod.java:205) ~[spring-web-5.3.31.jar:5.3.31]
	at org.springframework.web.method.support.InvocableHandlerMethod.invokeForRequest(InvocableHandlerMethod.java:150) ~[spring-web-5.3.31.jar:5.3.31]
	at org.springframework.web.servlet.mvc.method.annotation.ServletInvocableHandlerMethod.invokeAndHandle(ServletInvocableHandlerMethod.java:117) ~[spring-webmvc-5.3.31.jar:5.3.31]
	at org.springframework.web.servlet.mvc.method.annotation.RequestMappingHandlerAdapter.invokeHandlerMethod(RequestMappingHandlerAdapter.java:895) ~[spring-webmvc-5.3.31.jar:5.3.31]
	at org.springframework.web.servlet.mvc.method.annotation.RequestMappingHandlerAdapter.handleInternal(RequestMappingHandlerAdapter.java:808) ~[spring-webmvc-5.3.31.jar:5.3.31]
	at org.springframework.web.servlet.mvc.method.AbstractHandlerMethodAdapter.handle(AbstractHandlerMethodAdapter.java:87) ~[spring-webmvc-5.3.31.jar:5.3.31]
	at org.springframework.web.servlet.DispatcherServlet.doDispatch(DispatcherServlet.java:1072) ~[spring-webmvc-5.3.31.jar:5.3.31]
	at org.springframework.web.servlet.DispatcherServlet.doService(DispatcherServlet.java:965) ~[spring-webmvc-5.3.31.jar:5.3.31]
	at org.springframework.web.servlet.FrameworkServlet.processRequest(FrameworkServlet.java:1006) ~[spring-webmvc-5.3.31.jar:5.3.31]
	at org.springframework.web.servlet.FrameworkServlet.doPost(FrameworkServlet.java:909) ~[spring-webmvc-5.3.31.jar:5.3.31]
	at javax.servlet.http.HttpServlet.service(HttpServlet.java:555) ~[tomcat-embed-core-9.0.83.jar:4.0.FR]
	at org.springframework.web.servlet.FrameworkServlet.service(FrameworkServlet.java:883) ~[spring-webmvc-5.3.31.jar:5.3.31]
	at javax.servlet.http.HttpServlet.service(HttpServlet.java:623) ~[tomcat-embed-core-9.0.83.jar:4.0.FR]
	at org.apache.catalina.core.ApplicationFilterChain.internalDoFilter(ApplicationFilterChain.java:209) ~[tomcat-embed-core-9.0.83.jar:9.0.83]
	at org.apache.catalina.core.ApplicationFilterChain.doFilter(ApplicationFilterChain.java:153) ~[tomcat-embed-core-9.0.83.jar:9.0.83]
	at org.apache.tomcat.websocket.server.WsFilter.doFilter(WsFilter.java:51) ~[tomcat-embed-websocket-9.0.83.jar:9.0.83]
	at org.apache.catalina.core.ApplicationFilterChain.internalDoFilter(ApplicationFilterChain.java:178) ~[tomcat-embed-core-9.0.83.jar:9.0.83]
	at org.apache.catalina.core.ApplicationFilterChain.doFilter(ApplicationFilterChain.java:153) ~[tomcat-embed-core-9.0.83.jar:9.0.83]
	at org.springframework.web.filter.OncePerRequestFilter.doFilter(OncePerRequestFilter.java:111) ~[spring-web-5.3.31.jar:5.3.31]
	at org.apache.catalina.core.ApplicationFilterChain.internalDoFilter(ApplicationFilterChain.java:178) ~[tomcat-embed-core-9.0.83.jar:9.0.83]
	at org.apache.catalina.core.ApplicationFilterChain.doFilter(ApplicationFilterChain.java:153) ~[tomcat-embed-core-9.0.83.jar:9.0.83]
	at org.springframework.security.web.FilterChainProxy$VirtualFilterChain.doFilter(FilterChainProxy.java:337) ~[spring-security-web-5.7.11.jar:5.7.11]
	at org.springframework.security.web.access.intercept.AuthorizationFilter.doFilter(AuthorizationFilter.java:96) ~[spring-security-web-5.7.11.jar:5.7.11]
	at org.springframework.security.web.FilterChainProxy$VirtualFilterChain.doFilter(FilterChainProxy.java:346) ~[spring-security-web-5.7.11.jar:5.7.11]
	at org.springframework.security.web.access.ExceptionTranslationFilter.doFilter(ExceptionTranslationFilter.java:122) ~[spring-security-web-5.7.11.jar:5.7.11]
	at org.springframework.security.web.access.ExceptionTranslationFilter.doFilter(ExceptionTranslationFilter.java:116) ~[spring-security-web-5.7.11.jar:5.7.11]
	at org.springframework.security.web.FilterChainProxy$VirtualFilterChain.doFilter(FilterChainProxy.java:346) ~[spring-security-web-5.7.11.jar:5.7.11]
	at org.springframework.security.web.session.SessionManagementFilter.doFilter(SessionManagementFilter.java:126) ~[spring-security-web-5.7.11.jar:5.7.11]
	at org.springframework.security.web.session.SessionManagementFilter.doFilter(SessionManagementFilter.java:81) ~[spring-security-web-5.7.11.jar:5.7.11]
	at org.springframework.security.web.FilterChainProxy$VirtualFilterChain.doFilter(FilterChainProxy.java:346) ~[spring-security-web-5.7.11.jar:5.7.11]
	at org.springframework.security.web.authentication.AnonymousAuthenticationFilter.doFilter(AnonymousAuthenticationFilter.java:109) ~[spring-security-web-5.7.11.jar:5.7.11]
	at org.springframework.security.web.FilterChainProxy$VirtualFilterChain.doFilter(FilterChainProxy.java:346) ~[spring-security-web-5.7.11.jar:5.7.11]
	at org.springframework.security.web.servletapi.SecurityContextHolderAwareRequestFilter.doFilter(SecurityContextHolderAwareRequestFilter.java:149) ~[spring-security-web-5.7.11.jar:5.7.11]
	at org.springframework.security.web.FilterChainProxy$VirtualFilterChain.doFilter(FilterChainProxy.java:346) ~[spring-security-web-5.7.11.jar:5.7.11]
	at org.springframework.security.web.savedrequest.RequestCacheAwareFilter.doFilter(RequestCacheAwareFilter.java:63) ~[spring-security-web-5.7.11.jar:5.7.11]
	at org.springframework.security.web.FilterChainProxy$VirtualFilterChain.doFilter(FilterChainProxy.java:346) ~[spring-security-web-5.7.11.jar:5.7.11]
	at maas.bcap.security.JwtAuthFilter.doFilterInternal(JwtAuthFilter.java:70) ~[classes/:?]
	at org.springframework.web.filter.OncePerRequestFilter.doFilter(OncePerRequestFilter.java:117) ~[spring-web-5.3.31.jar:5.3.31]
	at org.springframework.security.web.FilterChainProxy$VirtualFilterChain.doFilter(FilterChainProxy.java:346) ~[spring-security-web-5.7.11.jar:5.7.11]
	at org.springframework.security.web.authentication.logout.LogoutFilter.doFilter(LogoutFilter.java:103) ~[spring-security-web-5.7.11.jar:5.7.11]
	at org.springframework.security.web.authentication.logout.LogoutFilter.doFilter(LogoutFilter.java:89) ~[spring-security-web-5.7.11.jar:5.7.11]
	at org.springframework.security.web.FilterChainProxy$VirtualFilterChain.doFilter(FilterChainProxy.java:346) ~[spring-security-web-5.7.11.jar:5.7.11]
	at org.springframework.web.filter.CorsFilter.doFilterInternal(CorsFilter.java:91) ~[spring-web-5.3.31.jar:5.3.31]
	at org.springframework.web.filter.OncePerRequestFilter.doFilter(OncePerRequestFilter.java:117) ~[spring-web-5.3.31.jar:5.3.31]
	at org.springframework.security.web.FilterChainProxy$VirtualFilterChain.doFilter(FilterChainProxy.java:346) ~[spring-security-web-5.7.11.jar:5.7.11]
	at org.springframework.security.web.header.HeaderWriterFilter.doHeadersAfter(HeaderWriterFilter.java:90) ~[spring-security-web-5.7.11.jar:5.7.11]
	at org.springframework.security.web.header.HeaderWriterFilter.doFilterInternal(HeaderWriterFilter.java:75) ~[spring-security-web-5.7.11.jar:5.7.11]
	at org.springframework.web.filter.OncePerRequestFilter.doFilter(OncePerRequestFilter.java:117) ~[spring-web-5.3.31.jar:5.3.31]
	at org.springframework.security.web.FilterChainProxy$VirtualFilterChain.doFilter(FilterChainProxy.java:346) ~[spring-security-web-5.7.11.jar:5.7.11]
	at org.springframework.security.web.context.SecurityContextPersistenceFilter.doFilter(SecurityContextPersistenceFilter.java:112) ~[spring-security-web-5.7.11.jar:5.7.11]
	at org.springframework.security.web.context.SecurityContextPersistenceFilter.doFilter(SecurityContextPersistenceFilter.java:82) ~[spring-security-web-5.7.11.jar:5.7.11]
	at org.springframework.security.web.FilterChainProxy$VirtualFilterChain.doFilter(FilterChainProxy.java:346) ~[spring-security-web-5.7.11.jar:5.7.11]
	at org.springframework.security.web.context.request.async.WebAsyncManagerIntegrationFilter.doFilterInternal(WebAsyncManagerIntegrationFilter.java:55) ~[spring-security-web-5.7.11.jar:5.7.11]
	at org.springframework.web.filter.OncePerRequestFilter.doFilter(OncePerRequestFilter.java:117) ~[spring-web-5.3.31.jar:5.3.31]
	at org.springframework.security.web.FilterChainProxy$VirtualFilterChain.doFilter(FilterChainProxy.java:346) ~[spring-security-web-5.7.11.jar:5.7.11]
	at org.springframework.security.web.session.DisableEncodeUrlFilter.doFilterInternal(DisableEncodeUrlFilter.java:42) ~[spring-security-web-5.7.11.jar:5.7.11]
	at org.springframework.web.filter.OncePerRequestFilter.doFilter(OncePerRequestFilter.java:117) ~[spring-web-5.3.31.jar:5.3.31]
	at org.springframework.security.web.FilterChainProxy$VirtualFilterChain.doFilter(FilterChainProxy.java:346) ~[spring-security-web-5.7.11.jar:5.7.11]
	at org.springframework.security.web.FilterChainProxy.doFilterInternal(FilterChainProxy.java:221) ~[spring-security-web-5.7.11.jar:5.7.11]
	at org.springframework.security.web.FilterChainProxy.doFilter(FilterChainProxy.java:186) ~[spring-security-web-5.7.11.jar:5.7.11]
	at org.springframework.web.filter.DelegatingFilterProxy.invokeDelegate(DelegatingFilterProxy.java:354) ~[spring-web-5.3.31.jar:5.3.31]
	at org.springframework.web.filter.DelegatingFilterProxy.doFilter(DelegatingFilterProxy.java:267) ~[spring-web-5.3.31.jar:5.3.31]
	at org.apache.catalina.core.ApplicationFilterChain.internalDoFilter(ApplicationFilterChain.java:178) ~[tomcat-embed-core-9.0.83.jar:9.0.83]
	at org.apache.catalina.core.ApplicationFilterChain.doFilter(ApplicationFilterChain.java:153) ~[tomcat-embed-core-9.0.83.jar:9.0.83]
	at org.springframework.web.filter.RequestContextFilter.doFilterInternal(RequestContextFilter.java:100) ~[spring-web-5.3.31.jar:5.3.31]
	at org.springframework.web.filter.OncePerRequestFilter.doFilter(OncePerRequestFilter.java:117) ~[spring-web-5.3.31.jar:5.3.31]
	at org.apache.catalina.core.ApplicationFilterChain.internalDoFilter(ApplicationFilterChain.java:178) ~[tomcat-embed-core-9.0.83.jar:9.0.83]
	at org.apache.catalina.core.ApplicationFilterChain.doFilter(ApplicationFilterChain.java:153) ~[tomcat-embed-core-9.0.83.jar:9.0.83]
	at org.springframework.web.filter.FormContentFilter.doFilterInternal(FormContentFilter.java:93) ~[spring-web-5.3.31.jar:5.3.31]
	at org.springframework.web.filter.OncePerRequestFilter.doFilter(OncePerRequestFilter.java:117) ~[spring-web-5.3.31.jar:5.3.31]
	at org.apache.catalina.core.ApplicationFilterChain.internalDoFilter(ApplicationFilterChain.java:178) ~[tomcat-embed-core-9.0.83.jar:9.0.83]
	at org.apache.catalina.core.ApplicationFilterChain.doFilter(ApplicationFilterChain.java:153) ~[tomcat-embed-core-9.0.83.jar:9.0.83]
	at org.springframework.boot.actuate.metrics.web.servlet.WebMvcMetricsFilter.doFilterInternal(WebMvcMetricsFilter.java:96) ~[spring-boot-actuator-2.7.18.jar:2.7.18]
	at org.springframework.web.filter.OncePerRequestFilter.doFilter(OncePerRequestFilter.java:117) ~[spring-web-5.3.31.jar:5.3.31]
	at org.apache.catalina.core.ApplicationFilterChain.internalDoFilter(ApplicationFilterChain.java:178) ~[tomcat-embed-core-9.0.83.jar:9.0.83]
	at org.apache.catalina.core.ApplicationFilterChain.doFilter(ApplicationFilterChain.java:153) ~[tomcat-embed-core-9.0.83.jar:9.0.83]
	at org.springframework.web.filter.CharacterEncodingFilter.doFilterInternal(CharacterEncodingFilter.java:201) ~[spring-web-5.3.31.jar:5.3.31]
	at org.springframework.web.filter.OncePerRequestFilter.doFilter(OncePerRequestFilter.java:117) ~[spring-web-5.3.31.jar:5.3.31]
	at org.apache.catalina.core.ApplicationFilterChain.internalDoFilter(ApplicationFilterChain.java:178) ~[tomcat-embed-core-9.0.83.jar:9.0.83]
	at org.apache.catalina.core.ApplicationFilterChain.doFilter(ApplicationFilterChain.java:153) ~[tomcat-embed-core-9.0.83.jar:9.0.83]
	at org.apache.catalina.core.StandardWrapperValve.invoke(StandardWrapperValve.java:168) ~[tomcat-embed-core-9.0.83.jar:9.0.83]
	at org.apache.catalina.core.StandardContextValve.invoke(StandardContextValve.java:90) ~[tomcat-embed-core-9.0.83.jar:9.0.83]
	at org.apache.catalina.authenticator.AuthenticatorBase.invoke(AuthenticatorBase.java:481) ~[tomcat-embed-core-9.0.83.jar:9.0.83]
	at org.apache.catalina.core.StandardHostValve.invoke(StandardHostValve.java:130) ~[tomcat-embed-core-9.0.83.jar:9.0.83]
	at org.apache.catalina.valves.ErrorReportValve.invoke(ErrorReportValve.java:93) ~[tomcat-embed-core-9.0.83.jar:9.0.83]
	at org.apache.catalina.core.StandardEngineValve.invoke(StandardEngineValve.java:74) ~[tomcat-embed-core-9.0.83.jar:9.0.83]
	at org.apache.catalina.connector.CoyoteAdapter.service(CoyoteAdapter.java:342) ~[tomcat-embed-core-9.0.83.jar:9.0.83]
	at org.apache.coyote.http11.Http11Processor.service(Http11Processor.java:390) ~[tomcat-embed-core-9.0.83.jar:9.0.83]
	at org.apache.coyote.AbstractProcessorLight.process(AbstractProcessorLight.java:63) ~[tomcat-embed-core-9.0.83.jar:9.0.83]
	at org.apache.coyote.AbstractProtocol$ConnectionHandler.process(AbstractProtocol.java:928) ~[tomcat-embed-core-9.0.83.jar:9.0.83]
	at org.apache.tomcat.util.net.NioEndpoint$SocketProcessor.doRun(NioEndpoint.java:1794) ~[tomcat-embed-core-9.0.83.jar:9.0.83]
	at org.apache.tomcat.util.net.SocketProcessorBase.run(SocketProcessorBase.java:52) ~[tomcat-embed-core-9.0.83.jar:9.0.83]
	at org.apache.tomcat.util.threads.ThreadPoolExecutor.runWorker(ThreadPoolExecutor.java:1191) ~[tomcat-embed-core-9.0.83.jar:9.0.83]
	at org.apache.tomcat.util.threads.ThreadPoolExecutor$Worker.run(ThreadPoolExecutor.java:659) ~[tomcat-embed-core-9.0.83.jar:9.0.83]
	at org.apache.tomcat.util.threads.TaskThread$WrappingRunnable.run(TaskThread.java:61) ~[tomcat-embed-core-9.0.83.jar:9.0.83]
	at java.lang.Thread.run(Thread.java:1583) ~[?:?]
2025-10-28 20:58:10 [main] INFO  BcapApplication:55 - Starting BcapApplication using Java 21.0.6 on LeRuccoLOQ with PID 29204 (C:\bcap\bcap-be\target\classes started by drucc in C:\bcap\bcap-be)
2025-10-28 20:58:10 [main] INFO  BcapApplication:632 - No active profile set, falling back to 1 default profile: "default"
2025-10-28 20:58:12 [main] INFO  TomcatWebServer:108 - Tomcat initialized with port(s): 8080 (http)
2025-10-28 20:58:12 [main] INFO  Http11NioProtocol:173 - Initializing ProtocolHandler ["http-nio-8080"]
2025-10-28 20:58:12 [main] INFO  StandardService:173 - Starting service [Tomcat]
2025-10-28 20:58:12 [main] INFO  StandardEngine:173 - Starting Servlet engine: [Apache Tomcat/9.0.83]
2025-10-28 20:58:12 [main] INFO  [/]:173 - Initializing Spring embedded WebApplicationContext
2025-10-28 20:58:12 [main] INFO  ServletWebServerApplicationContext:292 - Root WebApplicationContext: initialization completed in 1571 ms
2025-10-28 20:58:12 [main] WARN  UserDetailsServiceAutoConfiguration:89 - 

Using generated security password: e928c830-0d1e-4d4c-99ad-5ab7c75bf2ab

This generated password is for development use only. Your security configuration must be updated before running your application in production.

2025-10-28 20:58:12 [main] INFO  DefaultSecurityFilterChain:55 - Will secure any request with [org.springframework.security.web.session.DisableEncodeUrlFilter@7a083b96, org.springframework.security.web.context.request.async.WebAsyncManagerIntegrationFilter@6da4feeb, org.springframework.security.web.context.SecurityContextPersistenceFilter@681c0ae6, org.springframework.security.web.header.HeaderWriterFilter@2b6c7012, org.springframework.web.filter.CorsFilter@2c604965, org.springframework.security.web.authentication.logout.LogoutFilter@4971f459, maas.bcap.security.JwtAuthFilter@51bddd98, org.springframework.security.web.savedrequest.RequestCacheAwareFilter@4d98e41b, org.springframework.security.web.servletapi.SecurityContextHolderAwareRequestFilter@7eeb38b2, org.springframework.security.web.authentication.AnonymousAuthenticationFilter@57f8951a, org.springframework.security.web.session.SessionManagementFilter@4fba8eec, org.springframework.security.web.access.ExceptionTranslationFilter@4e140497, org.springframework.security.web.access.intercept.AuthorizationFilter@1f71194d]
2025-10-28 20:58:13 [main] INFO  EndpointLinksResolver:58 - Exposing 1 endpoint(s) beneath base path '/actuator'
2025-10-28 20:58:13 [main] INFO  Http11NioProtocol:173 - Starting ProtocolHandler ["http-nio-8080"]
2025-10-28 20:58:13 [main] INFO  TomcatWebServer:220 - Tomcat started on port(s): 8080 (http) with context path ''
2025-10-28 20:58:13 [main] INFO  BcapApplication:61 - Started BcapApplication in 2.976 seconds (JVM running for 3.712)
2025-10-28 20:58:13 [main] INFO  BcapApplication:18 - Start Application
2025-10-28 20:58:19 [http-nio-8080-exec-1] INFO  [/]:173 - Initializing Spring DispatcherServlet 'dispatcherServlet'
2025-10-28 20:58:19 [http-nio-8080-exec-1] INFO  DispatcherServlet:525 - Initializing Servlet 'dispatcherServlet'
2025-10-28 20:58:19 [http-nio-8080-exec-1] INFO  DispatcherServlet:547 - Completed initialization in 0 ms
2025-10-28 20:58:19 [http-nio-8080-exec-2] INFO  FileManagerController:45 - inDto : FileUploadInDto(fileDiv=div1, fileDesc=desc1, extraPath=null, attachFileId=null, attachFileSeqNo=null, screenId=FileUpload)
2025-10-28 20:58:19 [http-nio-8080-exec-2] INFO  FileManagerController:46 - Files : [org.springframework.web.multipart.support.StandardMultipartHttpServletRequest$StandardMultipartFile@76a6029e]
2025-10-28 20:58:19 [http-nio-8080-exec-2] INFO  FileManagerService:49 - FileUploadService.upload
2025-10-28 20:58:19 [http-nio-8080-exec-2] INFO  FileManagerService:53 - Content-Type multipart/form-data; boundary=----WebKitFormBoundary6Jy65TA7bWSzgn18
2025-10-28 20:58:19 [http-nio-8080-exec-2] INFO  FileManagerService:70 - UserInfoFileManagerDto(screenId=FileUpload, userIp=0:0:0:0:0:0:0:1)
2025-10-28 20:58:19 [http-nio-8080-exec-2] INFO  FileManagerService:89 - FileManagerService.registerFiles
2025-10-28 20:58:19 [http-nio-8080-exec-2] INFO  FileManagerService:95 - [org.springframework.web.multipart.support.StandardMultipartHttpServletRequest$StandardMultipartFile@76a6029e]
2025-10-28 20:58:19 [http-nio-8080-exec-2] INFO  FileManagerService:288 - FileUploadService.checkFileExtension
2025-10-28 20:58:19 [http-nio-8080-exec-2] INFO  FileManagerService:290 - originFileName : [v2.jpg]
2025-10-28 20:58:19 [http-nio-8080-exec-2] INFO  FileManagerService:292 - jpg
2025-10-28 20:58:19 [http-nio-8080-exec-2] INFO  FileManagerService:124 - [FileInSub1Vo(attach_file_id=null, attach_file_seq_no=null, attach_file_clcd=null, del_yn=null, file_nm=v2.jpg, upl_file_size=52277, upl_file_nm=null, file_path=D:/bcap\div1, pfr_rank=0, inp_usr_id=1787130271, inp_pgm_id=FileUpload, chng_usr_id=null, chng_pgm_id=null)]
2025-10-28 20:58:19 [http-nio-8080-exec-2] INFO  FileManagerService:133 - FileInVo(attach_file_id=null, attach_file_clcd=div1, attach_file_expl=desc1, upd_yn=N, req_clcd=null, sub1Vos=[FileInSub1Vo(attach_file_id=null, attach_file_seq_no=null, attach_file_clcd=null, del_yn=null, file_nm=v2.jpg, upl_file_size=52277, upl_file_nm=null, file_path=D:/bcap\div1, pfr_rank=0, inp_usr_id=1787130271, inp_pgm_id=FileUpload, chng_usr_id=null, chng_pgm_id=null)])
2025-10-28 20:58:19 [http-nio-8080-exec-2] INFO  FileManagerService:155 - [FileOutSub1Vo(attach_file_id=null, attach_file_seq_no=null, attach_file_clcd=null, del_yn=null, file_nm=v2.jpg, upl_file_size=52277, upl_file_nm=null, file_path=D:/bcap\div1, pfr_rank=0, inp_usr_id=1787130271, inp_pgm_id=FileUpload, chng_usr_id=null, chng_pgm_id=null)]
2025-10-28 20:58:19 [http-nio-8080-exec-2] INFO  FileManagerService:156 - FileOutVo(rson_cd=null, attach_file_id=null, attach_file_clcd=div1, attach_file_expl=desc1, upd_yn=N, req_clcd=null, sub1Vos=[FileOutSub1Vo(attach_file_id=null, attach_file_seq_no=null, attach_file_clcd=null, del_yn=null, file_nm=v2.jpg, upl_file_size=52277, upl_file_nm=null, file_path=D:/bcap\div1, pfr_rank=0, inp_usr_id=1787130271, inp_pgm_id=FileUpload, chng_usr_id=null, chng_pgm_id=null)])
2025-10-28 21:00:37 [main] INFO  BcapApplication:55 - Starting BcapApplication using Java 21.0.6 on LeRuccoLOQ with PID 20192 (C:\bcap\bcap-be\target\classes started by drucc in C:\bcap\bcap-be)
2025-10-28 21:00:37 [main] INFO  BcapApplication:632 - No active profile set, falling back to 1 default profile: "default"
2025-10-28 21:00:39 [main] INFO  TomcatWebServer:108 - Tomcat initialized with port(s): 8080 (http)
2025-10-28 21:00:39 [main] INFO  Http11NioProtocol:173 - Initializing ProtocolHandler ["http-nio-8080"]
2025-10-28 21:00:39 [main] INFO  StandardService:173 - Starting service [Tomcat]
2025-10-28 21:00:39 [main] INFO  StandardEngine:173 - Starting Servlet engine: [Apache Tomcat/9.0.83]
2025-10-28 21:00:39 [main] INFO  [/]:173 - Initializing Spring embedded WebApplicationContext
2025-10-28 21:00:39 [main] INFO  ServletWebServerApplicationContext:292 - Root WebApplicationContext: initialization completed in 1209 ms
2025-10-28 21:00:39 [main] WARN  UserDetailsServiceAutoConfiguration:89 - 

Using generated security password: e18a95a3-e195-437f-a06a-bddd7b3dc222

This generated password is for development use only. Your security configuration must be updated before running your application in production.

2025-10-28 21:00:39 [main] INFO  DefaultSecurityFilterChain:55 - Will secure any request with [org.springframework.security.web.session.DisableEncodeUrlFilter@54af3cb9, org.springframework.security.web.context.request.async.WebAsyncManagerIntegrationFilter@236fdf, org.springframework.security.web.context.SecurityContextPersistenceFilter@2b6c7012, org.springframework.security.web.header.HeaderWriterFilter@285005b8, org.springframework.web.filter.CorsFilter@16e99306, org.springframework.security.web.authentication.logout.LogoutFilter@49c099b, maas.bcap.security.JwtAuthFilter@9b5f3c7, org.springframework.security.web.savedrequest.RequestCacheAwareFilter@5f726750, org.springframework.security.web.servletapi.SecurityContextHolderAwareRequestFilter@1c30cb85, org.springframework.security.web.authentication.AnonymousAuthenticationFilter@653fb8d1, org.springframework.security.web.session.SessionManagementFilter@740dcae3, org.springframework.security.web.access.ExceptionTranslationFilter@d3e3085, org.springframework.security.web.access.intercept.AuthorizationFilter@4c531172]
2025-10-28 21:00:39 [main] INFO  EndpointLinksResolver:58 - Exposing 1 endpoint(s) beneath base path '/actuator'
2025-10-28 21:00:39 [main] INFO  Http11NioProtocol:173 - Starting ProtocolHandler ["http-nio-8080"]
2025-10-28 21:00:39 [main] INFO  TomcatWebServer:220 - Tomcat started on port(s): 8080 (http) with context path ''
2025-10-28 21:00:39 [main] INFO  BcapApplication:61 - Started BcapApplication in 2.2 seconds (JVM running for 2.66)
2025-10-28 21:00:39 [main] INFO  BcapApplication:18 - Start Application
2025-10-28 21:00:49 [http-nio-8080-exec-1] INFO  [/]:173 - Initializing Spring DispatcherServlet 'dispatcherServlet'
2025-10-28 21:00:49 [http-nio-8080-exec-1] INFO  DispatcherServlet:525 - Initializing Servlet 'dispatcherServlet'
2025-10-28 21:00:49 [http-nio-8080-exec-1] INFO  DispatcherServlet:547 - Completed initialization in 2 ms
2025-10-28 21:00:49 [http-nio-8080-exec-4] INFO  FileManagerController:45 - authInfoDto : AuthInfoDto(userId=1787130271, encryptionPassword=7DB3C8AE5015726FB1B0120DCA9C6C7452279219553DCF4818C4DF885164463A)
2025-10-28 21:00:49 [http-nio-8080-exec-4] INFO  FileManagerController:46 - inDto : FileUploadInDto(fileDiv=div1, fileDesc=desc1, extraPath=null, attachFileId=null, attachFileSeqNo=null, screenId=FileUpload)
2025-10-28 21:00:49 [http-nio-8080-exec-4] INFO  FileManagerController:47 - Files : [org.springframework.web.multipart.support.StandardMultipartHttpServletRequest$StandardMultipartFile@4f6fcc5d]
2025-10-28 21:00:49 [http-nio-8080-exec-4] INFO  FileManagerService:49 - FileUploadService.upload
2025-10-28 21:00:49 [http-nio-8080-exec-4] INFO  FileManagerService:53 - Content-Type multipart/form-data; boundary=----WebKitFormBoundary7US9QiE7k05V1V2L
2025-10-28 21:00:49 [http-nio-8080-exec-4] INFO  FileManagerService:70 - UserInfoFileManagerDto(screenId=FileUpload, userIp=0:0:0:0:0:0:0:1)
2025-10-28 21:00:49 [http-nio-8080-exec-4] INFO  FileManagerService:89 - FileManagerService.registerFiles
2025-10-28 21:00:49 [http-nio-8080-exec-4] INFO  FileManagerService:95 - [org.springframework.web.multipart.support.StandardMultipartHttpServletRequest$StandardMultipartFile@4f6fcc5d]
2025-10-28 21:00:49 [http-nio-8080-exec-4] INFO  FileManagerService:288 - FileUploadService.checkFileExtension
2025-10-28 21:00:49 [http-nio-8080-exec-4] INFO  FileManagerService:290 - originFileName : [v2.jpg]
2025-10-28 21:00:49 [http-nio-8080-exec-4] INFO  FileManagerService:292 - jpg
2025-10-28 21:00:49 [http-nio-8080-exec-4] INFO  FileManagerService:124 - [FileInSub1Vo(attach_file_id=null, attach_file_seq_no=null, attach_file_clcd=null, del_yn=null, file_nm=v2.jpg, upl_file_size=52277, upl_file_nm=null, file_path=D:/bcap\div1, pfr_rank=0, inp_usr_id=1787130271, inp_pgm_id=FileUpload, chng_usr_id=null, chng_pgm_id=null)]
2025-10-28 21:00:49 [http-nio-8080-exec-4] INFO  FileManagerService:133 - FileInVo(attach_file_id=null, attach_file_clcd=div1, attach_file_expl=desc1, upd_yn=N, req_clcd=null, sub1Vos=[FileInSub1Vo(attach_file_id=null, attach_file_seq_no=null, attach_file_clcd=null, del_yn=null, file_nm=v2.jpg, upl_file_size=52277, upl_file_nm=null, file_path=D:/bcap\div1, pfr_rank=0, inp_usr_id=1787130271, inp_pgm_id=FileUpload, chng_usr_id=null, chng_pgm_id=null)])
2025-10-28 21:00:49 [http-nio-8080-exec-4] INFO  FileManagerService:155 - [FileOutSub1Vo(attach_file_id=null, attach_file_seq_no=null, attach_file_clcd=null, del_yn=null, file_nm=v2.jpg, upl_file_size=52277, upl_file_nm=null, file_path=D:/bcap\div1, pfr_rank=0, inp_usr_id=1787130271, inp_pgm_id=FileUpload, chng_usr_id=null, chng_pgm_id=null)]
2025-10-28 21:00:49 [http-nio-8080-exec-4] INFO  FileManagerService:156 - FileOutVo(rson_cd=null, attach_file_id=null, attach_file_clcd=div1, attach_file_expl=desc1, upd_yn=N, req_clcd=null, sub1Vos=[FileOutSub1Vo(attach_file_id=null, attach_file_seq_no=null, attach_file_clcd=null, del_yn=null, file_nm=v2.jpg, upl_file_size=52277, upl_file_nm=null, file_path=D:/bcap\div1, pfr_rank=0, inp_usr_id=1787130271, inp_pgm_id=FileUpload, chng_usr_id=null, chng_pgm_id=null)])
2025-10-28 21:14:33 [main] INFO  BcapApplication:55 - Starting BcapApplication using Java 21.0.6 on LeRuccoLOQ with PID 25744 (C:\bcap\bcap-be\target\classes started by drucc in C:\bcap\bcap-be)
2025-10-28 21:14:33 [main] INFO  BcapApplication:632 - No active profile set, falling back to 1 default profile: "default"
2025-10-28 21:14:36 [main] INFO  TomcatWebServer:108 - Tomcat initialized with port(s): 8080 (http)
2025-10-28 21:14:36 [main] INFO  Http11NioProtocol:173 - Initializing ProtocolHandler ["http-nio-8080"]
2025-10-28 21:14:36 [main] INFO  StandardService:173 - Starting service [Tomcat]
2025-10-28 21:14:36 [main] INFO  StandardEngine:173 - Starting Servlet engine: [Apache Tomcat/9.0.83]
2025-10-28 21:14:36 [main] INFO  [/]:173 - Initializing Spring embedded WebApplicationContext
2025-10-28 21:14:36 [main] INFO  ServletWebServerApplicationContext:292 - Root WebApplicationContext: initialization completed in 2564 ms
2025-10-28 21:14:37 [main] WARN  UserDetailsServiceAutoConfiguration:89 - 

Using generated security password: 372904ae-37bd-49d3-a3c4-dafb19f7a610

This generated password is for development use only. Your security configuration must be updated before running your application in production.

2025-10-28 21:14:37 [main] INFO  DefaultSecurityFilterChain:55 - Will secure any request with [org.springframework.security.web.session.DisableEncodeUrlFilter@88b76f2, org.springframework.security.web.context.request.async.WebAsyncManagerIntegrationFilter@1b4872bc, org.springframework.security.web.context.SecurityContextPersistenceFilter@7eeb38b2, org.springframework.security.web.header.HeaderWriterFilter@1c30cb85, org.springframework.web.filter.CorsFilter@498a612d, org.springframework.security.web.authentication.logout.LogoutFilter@2506e949, maas.bcap.security.JwtAuthFilter@252744a1, org.springframework.security.web.savedrequest.RequestCacheAwareFilter@6d6bff89, org.springframework.security.web.servletapi.SecurityContextHolderAwareRequestFilter@6acffb2d, org.springframework.security.web.authentication.AnonymousAuthenticationFilter@1e1237ab, org.springframework.security.web.session.SessionManagementFilter@5ed5b321, org.springframework.security.web.access.ExceptionTranslationFilter@624b523, org.springframework.security.web.access.intercept.AuthorizationFilter@57f8951a]
2025-10-28 21:14:37 [main] INFO  EndpointLinksResolver:58 - Exposing 1 endpoint(s) beneath base path '/actuator'
2025-10-28 21:14:37 [main] INFO  Http11NioProtocol:173 - Starting ProtocolHandler ["http-nio-8080"]
2025-10-28 21:14:38 [main] INFO  TomcatWebServer:220 - Tomcat started on port(s): 8080 (http) with context path ''
2025-10-28 21:14:38 [main] INFO  BcapApplication:61 - Started BcapApplication in 4.747 seconds (JVM running for 5.652)
2025-10-28 21:14:38 [main] INFO  BcapApplication:18 - Start Application
2025-10-28 21:15:07 [http-nio-8080-exec-1] INFO  [/]:173 - Initializing Spring DispatcherServlet 'dispatcherServlet'
2025-10-28 21:15:07 [http-nio-8080-exec-1] INFO  DispatcherServlet:525 - Initializing Servlet 'dispatcherServlet'
2025-10-28 21:15:07 [http-nio-8080-exec-1] INFO  DispatcherServlet:547 - Completed initialization in 1 ms
2025-10-28 21:15:07 [http-nio-8080-exec-3] INFO  FileManagerController:45 - authInfoDto : AuthInfoDto(userId=1787130271, encryptionPassword=7DB3C8AE5015726FB1B0120DCA9C6C7452279219553DCF4818C4DF885164463A)
2025-10-28 21:15:07 [http-nio-8080-exec-3] INFO  FileManagerController:46 - inDto : FileUploadInDto(fileDiv=div1, fileDesc=desc1, extraPath=null, attachFileId=null, attachFileSeqNo=null, screenId=FileUpload)
2025-10-28 21:15:07 [http-nio-8080-exec-3] INFO  FileManagerController:47 - Files : [org.springframework.web.multipart.support.StandardMultipartHttpServletRequest$StandardMultipartFile@60fee370]
2025-10-28 21:15:07 [http-nio-8080-exec-3] INFO  FileManagerService:49 - FileUploadService.upload
2025-10-28 21:15:07 [http-nio-8080-exec-3] INFO  FileManagerService:53 - Content-Type multipart/form-data; boundary=----WebKitFormBoundary7Ac7Zgutagf0W7gV
2025-10-28 21:15:07 [http-nio-8080-exec-3] INFO  FileManagerService:70 - UserInfoFileManagerDto(screenId=FileUpload, userIp=0:0:0:0:0:0:0:1)
2025-10-28 21:15:07 [http-nio-8080-exec-3] INFO  FileManagerService:89 - FileManagerService.registerFiles
2025-10-28 21:15:07 [http-nio-8080-exec-3] INFO  FileManagerService:95 - [org.springframework.web.multipart.support.StandardMultipartHttpServletRequest$StandardMultipartFile@60fee370]
2025-10-28 21:15:07 [http-nio-8080-exec-3] INFO  FileManagerService:289 - FileUploadService.checkFileExtension
2025-10-28 21:15:07 [http-nio-8080-exec-3] INFO  FileManagerService:291 - originFileName : [v2.jpg]
2025-10-28 21:15:07 [http-nio-8080-exec-3] INFO  FileManagerService:293 - jpg
2025-10-28 21:15:07 [http-nio-8080-exec-3] INFO  FileManagerService:124 - [FileInSub1Vo(attach_file_id=null, attach_file_seq_no=null, attach_file_clcd=null, del_yn=null, file_nm=v2.jpg, upl_file_size=52277, upl_file_nm=null, file_path=D:/bcap\div1, pfr_rank=0, inp_usr_id=1787130271, inp_pgm_id=FileUpload, chng_usr_id=null, chng_pgm_id=null)]
2025-10-28 21:15:07 [http-nio-8080-exec-3] INFO  FileManagerService:133 - FileInVo(attach_file_id=null, attach_file_clcd=div1, attach_file_expl=desc1, upd_yn=N, req_clcd=null, sub1Vos=[FileInSub1Vo(attach_file_id=null, attach_file_seq_no=null, attach_file_clcd=null, del_yn=null, file_nm=v2.jpg, upl_file_size=52277, upl_file_nm=null, file_path=D:/bcap\div1, pfr_rank=0, inp_usr_id=1787130271, inp_pgm_id=FileUpload, chng_usr_id=null, chng_pgm_id=null)])
2025-10-28 21:15:07 [http-nio-8080-exec-3] INFO  FileManagerService:155 - [FileOutSub1Vo(attach_file_id=null, attach_file_seq_no=null, attach_file_clcd=null, del_yn=null, file_nm=v2.jpg, upl_file_size=52277, upl_file_nm=v2.jpg, file_path=D:/bcap\div1, pfr_rank=0, inp_usr_id=1787130271, inp_pgm_id=FileUpload, chng_usr_id=null, chng_pgm_id=null)]
2025-10-28 21:15:07 [http-nio-8080-exec-3] INFO  FileManagerService:156 - FileOutVo(rson_cd=null, attach_file_id=null, attach_file_clcd=div1, attach_file_expl=desc1, upd_yn=N, req_clcd=null, sub1Vos=[FileOutSub1Vo(attach_file_id=null, attach_file_seq_no=null, attach_file_clcd=null, del_yn=null, file_nm=v2.jpg, upl_file_size=52277, upl_file_nm=v2.jpg, file_path=D:/bcap\div1, pfr_rank=0, inp_usr_id=1787130271, inp_pgm_id=FileUpload, chng_usr_id=null, chng_pgm_id=null)])
2025-10-28 21:15:07 [http-nio-8080-exec-3] INFO  FileManagerService:245 - FileManagerService.saveToDisk
2025-10-28 21:21:46 [main] INFO  BcapApplication:55 - Starting BcapApplication using Java 21.0.6 on LeRuccoLOQ with PID 28248 (C:\bcap\bcap-be\target\classes started by drucc in C:\bcap\bcap-be)
2025-10-28 21:21:46 [main] INFO  BcapApplication:632 - No active profile set, falling back to 1 default profile: "default"
2025-10-28 21:21:48 [main] INFO  TomcatWebServer:108 - Tomcat initialized with port(s): 8080 (http)
2025-10-28 21:21:48 [main] INFO  Http11NioProtocol:173 - Initializing ProtocolHandler ["http-nio-8080"]
2025-10-28 21:21:48 [main] INFO  StandardService:173 - Starting service [Tomcat]
2025-10-28 21:21:49 [main] INFO  StandardEngine:173 - Starting Servlet engine: [Apache Tomcat/9.0.83]
2025-10-28 21:21:49 [main] INFO  [/]:173 - Initializing Spring embedded WebApplicationContext
2025-10-28 21:21:49 [main] INFO  ServletWebServerApplicationContext:292 - Root WebApplicationContext: initialization completed in 2906 ms
2025-10-28 21:21:49 [main] WARN  UserDetailsServiceAutoConfiguration:89 - 

Using generated security password: d615c327-31f8-44b8-874d-69d7afb146c6

This generated password is for development use only. Your security configuration must be updated before running your application in production.

2025-10-28 21:21:50 [main] INFO  DefaultSecurityFilterChain:55 - Will secure any request with [org.springframework.security.web.session.DisableEncodeUrlFilter@5ac53c06, org.springframework.security.web.context.request.async.WebAsyncManagerIntegrationFilter@54af3cb9, org.springframework.security.web.context.SecurityContextPersistenceFilter@481b2f10, org.springframework.security.web.header.HeaderWriterFilter@2ba42204, org.springframework.web.filter.CorsFilter@236fdf, org.springframework.security.web.authentication.logout.LogoutFilter@54ffa561, maas.bcap.security.JwtAuthFilter@9b5f3c7, org.springframework.security.web.savedrequest.RequestCacheAwareFilter@31acfd4e, org.springframework.security.web.servletapi.SecurityContextHolderAwareRequestFilter@50b46e24, org.springframework.security.web.authentication.AnonymousAuthenticationFilter@16e99306, org.springframework.security.web.session.SessionManagementFilter@51c65a43, org.springframework.security.web.access.ExceptionTranslationFilter@4b87074a, org.springframework.security.web.access.intercept.AuthorizationFilter@6f1c3f18]
2025-10-28 21:21:50 [main] INFO  EndpointLinksResolver:58 - Exposing 1 endpoint(s) beneath base path '/actuator'
2025-10-28 21:21:50 [main] INFO  Http11NioProtocol:173 - Starting ProtocolHandler ["http-nio-8080"]
2025-10-28 21:21:50 [main] INFO  TomcatWebServer:220 - Tomcat started on port(s): 8080 (http) with context path ''
2025-10-28 21:21:50 [main] INFO  BcapApplication:61 - Started BcapApplication in 5.492 seconds (JVM running for 6.556)
2025-10-28 21:21:50 [main] INFO  BcapApplication:18 - Start Application
2025-10-28 21:22:54 [http-nio-8080-exec-1] INFO  [/]:173 - Initializing Spring DispatcherServlet 'dispatcherServlet'
2025-10-28 21:22:54 [http-nio-8080-exec-1] INFO  DispatcherServlet:525 - Initializing Servlet 'dispatcherServlet'
2025-10-28 21:22:54 [http-nio-8080-exec-1] INFO  DispatcherServlet:547 - Completed initialization in 0 ms
2025-10-28 21:22:54 [http-nio-8080-exec-2] INFO  FileManagerController:45 - authInfoDto : AuthInfoDto(userId=1787130271, encryptionPassword=7DB3C8AE5015726FB1B0120DCA9C6C7452279219553DCF4818C4DF885164463A)
2025-10-28 21:22:54 [http-nio-8080-exec-2] INFO  FileManagerController:46 - inDto : FileUploadInDto(fileDiv=div1, fileDesc=desc1, extraPath=null, attachFileId=null, attachFileSeqNo=null, screenId=FileUpload)
2025-10-28 21:22:54 [http-nio-8080-exec-2] INFO  FileManagerController:47 - Files : [org.springframework.web.multipart.support.StandardMultipartHttpServletRequest$StandardMultipartFile@5225d4b8]
2025-10-28 21:22:54 [http-nio-8080-exec-2] INFO  FileManagerService:49 - FileUploadService.upload
2025-10-28 21:22:54 [http-nio-8080-exec-2] INFO  FileManagerService:53 - Content-Type multipart/form-data; boundary=----WebKitFormBoundaryWTy3v6DzBfzoEqEH
2025-10-28 21:22:54 [http-nio-8080-exec-2] INFO  FileManagerService:70 - UserInfoFileManagerDto(screenId=FileUpload, userIp=0:0:0:0:0:0:0:1)
2025-10-28 21:22:54 [http-nio-8080-exec-2] INFO  FileManagerService:89 - FileManagerService.registerFiles
2025-10-28 21:22:54 [http-nio-8080-exec-2] INFO  FileManagerService:95 - [org.springframework.web.multipart.support.StandardMultipartHttpServletRequest$StandardMultipartFile@5225d4b8]
2025-10-28 21:22:54 [http-nio-8080-exec-2] INFO  FileManagerService:289 - FileUploadService.checkFileExtension
2025-10-28 21:22:54 [http-nio-8080-exec-2] INFO  FileManagerService:291 - originFileName : [v2.jpg]
2025-10-28 21:22:54 [http-nio-8080-exec-2] INFO  FileManagerService:293 - jpg
2025-10-28 21:22:54 [http-nio-8080-exec-2] INFO  FileManagerService:124 - [FileInSub1Vo(attach_file_id=null, attach_file_seq_no=null, attach_file_clcd=null, del_yn=null, file_nm=v2.jpg, upl_file_size=52277, upl_file_nm=null, file_path=D:/bcap\div1, pfr_rank=0, inp_usr_id=1787130271, inp_pgm_id=FileUpload, chng_usr_id=null, chng_pgm_id=null)]
2025-10-28 21:22:54 [http-nio-8080-exec-2] INFO  FileManagerService:133 - FileInVo(attach_file_id=null, attach_file_clcd=div1, attach_file_expl=desc1, upd_yn=N, req_clcd=null, sub1Vos=[FileInSub1Vo(attach_file_id=null, attach_file_seq_no=null, attach_file_clcd=null, del_yn=null, file_nm=v2.jpg, upl_file_size=52277, upl_file_nm=null, file_path=D:/bcap\div1, pfr_rank=0, inp_usr_id=1787130271, inp_pgm_id=FileUpload, chng_usr_id=null, chng_pgm_id=null)])
2025-10-28 21:22:54 [http-nio-8080-exec-2] INFO  FileUploadService:28 - FileUploadService.saveFilesToDevonC
2025-10-28 21:22:54 [http-nio-8080-exec-2] INFO  FileUploadService:32 - FileInVo(attach_file_id=null, attach_file_clcd=div1, attach_file_expl=desc1, upd_yn=N, req_clcd=U1, sub1Vos=[FileInSub1Vo(attach_file_id=null, attach_file_seq_no=null, attach_file_clcd=null, del_yn=null, file_nm=v2.jpg, upl_file_size=52277, upl_file_nm=null, file_path=D:/bcap\div1, pfr_rank=0, inp_usr_id=1787130271, inp_pgm_id=FileUpload, chng_usr_id=null, chng_pgm_id=null)])
2025-10-28 21:22:54 [http-nio-8080-exec-2] INFO  FileUploadService:91 - FileUploadService.interfaceTuxedo
2025-10-28 21:22:54 [http-nio-8080-exec-2] INFO  FileUploadService:106 - TelegramUserDataInput(tx_code=SAZ06F010U, client_ip_no=0:0:0:0:0:0:0:1, client_mac=, scrn_id=FileUpload, op_id=1787130271, sync_type=A, async_rspn_yn=0, rspn_svc_code=, ttl_use_flag=0, ttl=0, long_msg_type=1, dst_inst_code=null, fail_knd=null, ap_host_name=null, ap_caller_id=null, lang_type=EN)
2025-10-28 21:22:54 [http-nio-8080-exec-2] INFO  InterfaceTelegram:19 - #################### Interface Tuxedo ####################
2025-10-28 21:22:54 [http-nio-8080-exec-2] INFO  InterfaceTelegram:20 - FileInVo(attach_file_id=null, attach_file_clcd=div1, attach_file_expl=desc1, upd_yn=N, req_clcd=U1, sub1Vos=[FileInSub1Vo(attach_file_id=null, attach_file_seq_no=null, attach_file_clcd=null, del_yn=null, file_nm=v2.jpg, upl_file_size=52277, upl_file_nm=null, file_path=D:/bcap\div1, pfr_rank=0, inp_usr_id=1787130271, inp_pgm_id=FileUpload, chng_usr_id=null, chng_pgm_id=null)])
2025-10-28 21:22:54 [http-nio-8080-exec-2] INFO  InterfaceTelegram:21 - FileOutVo(rson_cd=null, attach_file_id=null, attach_file_clcd=null, attach_file_expl=null, upd_yn=null, req_clcd=null, sub1Vos=null)
2025-10-28 21:22:54 [http-nio-8080-exec-2] INFO  InterfaceTelegram:24 - ByteEncoder
2025-10-28 21:22:54 [http-nio-8080-exec-2] INFO  TelegramUtil:331 - TelegramUtil.getPacketSize
2025-10-28 21:22:54 [http-nio-8080-exec-2] INFO  TelegramUtil:331 - TelegramUtil.getPacketSize
2025-10-28 21:22:54 [http-nio-8080-exec-2] INFO  TelegramUtil:331 - TelegramUtil.getPacketSize
2025-10-28 21:22:54 [http-nio-8080-exec-2] INFO  TelegramUtil:331 - TelegramUtil.getPacketSize
2025-10-28 21:22:54 [http-nio-8080-exec-2] INFO  TelegramUtil:331 - TelegramUtil.getPacketSize
2025-10-28 21:22:54 [http-nio-8080-exec-2] INFO  TelegramUtil:331 - TelegramUtil.getPacketSize
2025-10-28 21:22:54 [http-nio-8080-exec-2] INFO  TelegramUtil:331 - TelegramUtil.getPacketSize
2025-10-28 21:22:54 [http-nio-8080-exec-2] INFO  TelegramUtil:331 - TelegramUtil.getPacketSize
2025-10-28 21:22:54 [http-nio-8080-exec-2] INFO  InterfaceTelegram:26 - TelegramIn(header=TelegramHeader(msg_len=803, gid_sysname=LeRuccoLOQ, gid_yyyyymmdd=20251028, gid_hhmmss=212254, gid_seq=002, gid_pid=00000, gid_stat=00, tx_code=SAZ06F010U, inst_no=MTI, send_rspn_type=S, rspn_svc_code=, ori_global_id=LeRuccoL202510282122540020000000, ori_send_time=20251028212254000521, chnl_id=WEB, client_ip_no=0:0:0:0:0:0:0:1, client_mac=, scrn_id=FileUpload, scrn_lock_yn=N, op_id=1787130271, xa_begin_flag=0, send_time=20251028212254000521, rspn_time=, sync_type=A, async_rspn_yn=0, call_depth=0, msg_count_no=0, ttl_use_flag=0, ttl_from_time=, ttl=0, long_msg_type=1, err_flag=0, err_src=, err_type=, err_code=, dst_inst_code=, fail_knd=null, ap_host_name=null, ap_caller_id=null, inf_id=, lang_type=EN, reserved=), data=TelegramInData(dataType=D, length=300, reserved=null, data=FileInVo(attach_file_id=null, attach_file_clcd=div1, attach_file_expl=desc1, upd_yn=N, req_clcd=U1, sub1Vos=[FileInSub1Vo(attach_file_id=null, attach_file_seq_no=null, attach_file_clcd=null, del_yn=null, file_nm=v2.jpg, upl_file_size=52277, upl_file_nm=null, file_path=D:/bcap\div1, pfr_rank=0, inp_usr_id=1787130271, inp_pgm_id=FileUpload, chng_usr_id=null, chng_pgm_id=null)])), tail=@@)
2025-10-28 21:22:54 [http-nio-8080-exec-2] INFO  TelegramUtil:331 - TelegramUtil.getPacketSize
2025-10-28 21:22:54 [http-nio-8080-exec-2] INFO  TelegramUtil:331 - TelegramUtil.getPacketSize
2025-10-28 21:22:54 [http-nio-8080-exec-2] INFO  TelegramUtil:331 - TelegramUtil.getPacketSize
2025-10-28 21:22:54 [http-nio-8080-exec-2] INFO  TelegramUtil:331 - TelegramUtil.getPacketSize
2025-10-28 21:22:54 [http-nio-8080-exec-2] INFO  TelegramUtil:331 - TelegramUtil.getPacketSize
2025-10-28 21:22:54 [http-nio-8080-exec-2] INFO  TelegramUtil:331 - TelegramUtil.getPacketSize
2025-10-28 21:22:54 [http-nio-8080-exec-2] INFO  TelegramUtil:331 - TelegramUtil.getPacketSize
2025-10-28 21:22:54 [http-nio-8080-exec-2] INFO  TelegramUtil:331 - TelegramUtil.getPacketSize
2025-10-28 21:22:54 [http-nio-8080-exec-2] INFO  TelegramUtil:331 - TelegramUtil.getPacketSize
2025-10-28 21:22:54 [http-nio-8080-exec-2] INFO  TelegramUtil:331 - TelegramUtil.getPacketSize
2025-10-28 21:22:54 [http-nio-8080-exec-2] INFO  TelegramUtil:331 - TelegramUtil.getPacketSize
2025-10-28 21:22:54 [http-nio-8080-exec-2] INFO  TelegramUtil:331 - TelegramUtil.getPacketSize
2025-10-28 21:22:54 [http-nio-8080-exec-2] INFO  TelegramUtil:331 - TelegramUtil.getPacketSize
2025-10-28 21:22:54 [http-nio-8080-exec-2] ERROR FileUploadService:116 - TelegramNestedRuntimeException [fieldName=data, msg=null, ftype=VO, method=null, pointer=0, objName=mti.com.telegram.vo.TelegramIn, parser=ByteEncoder]
2025-10-28 21:22:54 [http-nio-8080-exec-2] ERROR FileUploadService:11 - TelegramNestedRuntimeException [fieldName=data, msg=null, ftype=VO, method=null, pointer=0, objName=mti.com.telegram.vo.TelegramIn, parser=ByteEncoder]
2025-10-28 21:22:54 [http-nio-8080-exec-2] ERROR FileUploadService:19 - java.base/java.nio.HeapByteBuffer.put(HeapByteBuffer.java:238)
2025-10-28 21:22:54 [http-nio-8080-exec-2] ERROR FileUploadService:19 - java.base/java.nio.ByteBuffer.put(ByteBuffer.java:1242)
2025-10-28 21:22:54 [http-nio-8080-exec-2] ERROR FileUploadService:19 - mti.com.telegram.mapping.ByteEncoder.handleListField(ByteEncoder.java:169)
2025-10-28 21:22:54 [http-nio-8080-exec-2] ERROR FileUploadService:19 - mti.com.telegram.mapping.ByteEncoder.appendSerializedField(ByteEncoder.java:135)
2025-10-28 21:22:54 [http-nio-8080-exec-2] ERROR FileUploadService:19 - mti.com.telegram.mapping.ByteEncoder.convertObjectToBytes(ByteEncoder.java:47)
2025-10-28 21:22:54 [http-nio-8080-exec-2] ERROR FileUploadService:19 - mti.com.telegram.mapping.ByteEncoder.appendSerializedField(ByteEncoder.java:133)
2025-10-28 21:22:54 [http-nio-8080-exec-2] ERROR FileUploadService:19 - mti.com.telegram.mapping.ByteEncoder.convertObjectToBytes(ByteEncoder.java:47)
2025-10-28 21:22:54 [http-nio-8080-exec-2] ERROR FileUploadService:19 - mti.com.telegram.mapping.ByteEncoder.appendSerializedField(ByteEncoder.java:133)
2025-10-28 21:22:54 [http-nio-8080-exec-2] ERROR FileUploadService:19 - mti.com.telegram.mapping.ByteEncoder.convertObjectToBytes(ByteEncoder.java:47)
2025-10-28 21:22:54 [http-nio-8080-exec-2] ERROR FileUploadService:19 - mti.com.telegram.util.InterfaceTelegram.interfaceTuxedo(InterfaceTelegram.java:27)
2025-10-28 21:22:54 [http-nio-8080-exec-2] ERROR FileUploadService:19 - maas.bcap.common.ServiceSupport.tuxedoTransaction(ServiceSupport.java:63)
2025-10-28 21:22:54 [http-nio-8080-exec-2] ERROR FileUploadService:19 - maas.bcap.service.FileUploadService.interfaceTuxedo(FileUploadService.java:112)
2025-10-28 21:22:54 [http-nio-8080-exec-2] ERROR FileUploadService:19 - maas.bcap.service.FileUploadService.saveFilesToDevonC(FileUploadService.java:34)
2025-10-28 21:22:54 [http-nio-8080-exec-2] ERROR FileUploadService:19 - maas.bcap.service.FileManagerService.registerFiles(FileManagerService.java:136)
2025-10-28 21:22:54 [http-nio-8080-exec-2] ERROR FileUploadService:19 - maas.bcap.service.FileManagerService.upload(FileManagerService.java:80)
2025-10-28 21:22:54 [http-nio-8080-exec-2] ERROR FileUploadService:19 - maas.bcap.controller.FileManagerController.upload(FileManagerController.java:50)
2025-10-28 21:22:54 [http-nio-8080-exec-2] ERROR FileUploadService:19 - java.base/jdk.internal.reflect.DirectMethodHandleAccessor.invoke(DirectMethodHandleAccessor.java:103)
2025-10-28 21:22:54 [http-nio-8080-exec-2] ERROR FileUploadService:19 - java.base/java.lang.reflect.Method.invoke(Method.java:580)
2025-10-28 21:22:54 [http-nio-8080-exec-2] ERROR FileUploadService:19 - org.springframework.web.method.support.InvocableHandlerMethod.doInvoke(InvocableHandlerMethod.java:205)
2025-10-28 21:22:54 [http-nio-8080-exec-2] ERROR FileUploadService:19 - org.springframework.web.method.support.InvocableHandlerMethod.invokeForRequest(InvocableHandlerMethod.java:150)
2025-10-28 21:22:54 [http-nio-8080-exec-2] ERROR FileUploadService:19 - org.springframework.web.servlet.mvc.method.annotation.ServletInvocableHandlerMethod.invokeAndHandle(ServletInvocableHandlerMethod.java:117)
2025-10-28 21:22:54 [http-nio-8080-exec-2] ERROR FileUploadService:19 - org.springframework.web.servlet.mvc.method.annotation.RequestMappingHandlerAdapter.invokeHandlerMethod(RequestMappingHandlerAdapter.java:895)
2025-10-28 21:22:54 [http-nio-8080-exec-2] ERROR FileUploadService:19 - org.springframework.web.servlet.mvc.method.annotation.RequestMappingHandlerAdapter.handleInternal(RequestMappingHandlerAdapter.java:808)
2025-10-28 21:22:54 [http-nio-8080-exec-2] ERROR FileUploadService:19 - org.springframework.web.servlet.mvc.method.AbstractHandlerMethodAdapter.handle(AbstractHandlerMethodAdapter.java:87)
2025-10-28 21:22:54 [http-nio-8080-exec-2] ERROR FileUploadService:19 - org.springframework.web.servlet.DispatcherServlet.doDispatch(DispatcherServlet.java:1072)
2025-10-28 21:22:54 [http-nio-8080-exec-2] ERROR FileUploadService:19 - org.springframework.web.servlet.DispatcherServlet.doService(DispatcherServlet.java:965)
2025-10-28 21:22:54 [http-nio-8080-exec-2] ERROR FileUploadService:19 - org.springframework.web.servlet.FrameworkServlet.processRequest(FrameworkServlet.java:1006)
2025-10-28 21:22:54 [http-nio-8080-exec-2] ERROR FileUploadService:19 - org.springframework.web.servlet.FrameworkServlet.doPost(FrameworkServlet.java:909)
2025-10-28 21:22:54 [http-nio-8080-exec-2] ERROR FileUploadService:19 - javax.servlet.http.HttpServlet.service(HttpServlet.java:555)
2025-10-28 21:22:54 [http-nio-8080-exec-2] ERROR FileUploadService:19 - org.springframework.web.servlet.FrameworkServlet.service(FrameworkServlet.java:883)
2025-10-28 21:22:54 [http-nio-8080-exec-2] ERROR FileUploadService:19 - javax.servlet.http.HttpServlet.service(HttpServlet.java:623)
2025-10-28 21:22:54 [http-nio-8080-exec-2] ERROR FileUploadService:19 - org.apache.catalina.core.ApplicationFilterChain.internalDoFilter(ApplicationFilterChain.java:209)
2025-10-28 21:22:54 [http-nio-8080-exec-2] ERROR FileUploadService:19 - org.apache.catalina.core.ApplicationFilterChain.doFilter(ApplicationFilterChain.java:153)
2025-10-28 21:22:54 [http-nio-8080-exec-2] ERROR FileUploadService:19 - org.apache.tomcat.websocket.server.WsFilter.doFilter(WsFilter.java:51)
2025-10-28 21:22:54 [http-nio-8080-exec-2] ERROR FileUploadService:19 - org.apache.catalina.core.ApplicationFilterChain.internalDoFilter(ApplicationFilterChain.java:178)
2025-10-28 21:22:54 [http-nio-8080-exec-2] ERROR FileUploadService:19 - org.apache.catalina.core.ApplicationFilterChain.doFilter(ApplicationFilterChain.java:153)
2025-10-28 21:22:54 [http-nio-8080-exec-2] ERROR FileUploadService:19 - org.springframework.web.filter.OncePerRequestFilter.doFilter(OncePerRequestFilter.java:111)
2025-10-28 21:22:54 [http-nio-8080-exec-2] ERROR FileUploadService:19 - org.apache.catalina.core.ApplicationFilterChain.internalDoFilter(ApplicationFilterChain.java:178)
2025-10-28 21:22:54 [http-nio-8080-exec-2] ERROR FileUploadService:19 - org.apache.catalina.core.ApplicationFilterChain.doFilter(ApplicationFilterChain.java:153)
2025-10-28 21:22:54 [http-nio-8080-exec-2] ERROR FileUploadService:19 - org.springframework.security.web.FilterChainProxy$VirtualFilterChain.doFilter(FilterChainProxy.java:337)
2025-10-28 21:22:54 [http-nio-8080-exec-2] ERROR FileUploadService:19 - org.springframework.security.web.access.intercept.AuthorizationFilter.doFilter(AuthorizationFilter.java:96)
2025-10-28 21:22:54 [http-nio-8080-exec-2] ERROR FileUploadService:19 - org.springframework.security.web.FilterChainProxy$VirtualFilterChain.doFilter(FilterChainProxy.java:346)
2025-10-28 21:22:54 [http-nio-8080-exec-2] ERROR FileUploadService:19 - org.springframework.security.web.access.ExceptionTranslationFilter.doFilter(ExceptionTranslationFilter.java:122)
2025-10-28 21:22:54 [http-nio-8080-exec-2] ERROR FileUploadService:19 - org.springframework.security.web.access.ExceptionTranslationFilter.doFilter(ExceptionTranslationFilter.java:116)
2025-10-28 21:22:54 [http-nio-8080-exec-2] ERROR FileUploadService:19 - org.springframework.security.web.FilterChainProxy$VirtualFilterChain.doFilter(FilterChainProxy.java:346)
2025-10-28 21:22:54 [http-nio-8080-exec-2] ERROR FileUploadService:19 - org.springframework.security.web.session.SessionManagementFilter.doFilter(SessionManagementFilter.java:126)
2025-10-28 21:22:54 [http-nio-8080-exec-2] ERROR FileUploadService:19 - org.springframework.security.web.session.SessionManagementFilter.doFilter(SessionManagementFilter.java:81)
2025-10-28 21:22:54 [http-nio-8080-exec-2] ERROR FileUploadService:19 - org.springframework.security.web.FilterChainProxy$VirtualFilterChain.doFilter(FilterChainProxy.java:346)
2025-10-28 21:22:54 [http-nio-8080-exec-2] ERROR FileUploadService:19 - org.springframework.security.web.authentication.AnonymousAuthenticationFilter.doFilter(AnonymousAuthenticationFilter.java:109)
2025-10-28 21:22:54 [http-nio-8080-exec-2] ERROR FileUploadService:19 - org.springframework.security.web.FilterChainProxy$VirtualFilterChain.doFilter(FilterChainProxy.java:346)
2025-10-28 21:22:54 [http-nio-8080-exec-2] ERROR FileUploadService:19 - org.springframework.security.web.servletapi.SecurityContextHolderAwareRequestFilter.doFilter(SecurityContextHolderAwareRequestFilter.java:149)
2025-10-28 21:22:54 [http-nio-8080-exec-2] ERROR FileUploadService:19 - org.springframework.security.web.FilterChainProxy$VirtualFilterChain.doFilter(FilterChainProxy.java:346)
2025-10-28 21:22:54 [http-nio-8080-exec-2] ERROR FileUploadService:19 - org.springframework.security.web.savedrequest.RequestCacheAwareFilter.doFilter(RequestCacheAwareFilter.java:63)
2025-10-28 21:22:54 [http-nio-8080-exec-2] ERROR FileUploadService:19 - org.springframework.security.web.FilterChainProxy$VirtualFilterChain.doFilter(FilterChainProxy.java:346)
2025-10-28 21:22:54 [http-nio-8080-exec-2] ERROR FileUploadService:19 - maas.bcap.security.JwtAuthFilter.doFilterInternal(JwtAuthFilter.java:70)
2025-10-28 21:22:54 [http-nio-8080-exec-2] ERROR FileUploadService:19 - org.springframework.web.filter.OncePerRequestFilter.doFilter(OncePerRequestFilter.java:117)
2025-10-28 21:22:54 [http-nio-8080-exec-2] ERROR FileUploadService:19 - org.springframework.security.web.FilterChainProxy$VirtualFilterChain.doFilter(FilterChainProxy.java:346)
2025-10-28 21:22:54 [http-nio-8080-exec-2] ERROR FileUploadService:19 - org.springframework.security.web.authentication.logout.LogoutFilter.doFilter(LogoutFilter.java:103)
2025-10-28 21:22:54 [http-nio-8080-exec-2] ERROR FileUploadService:19 - org.springframework.security.web.authentication.logout.LogoutFilter.doFilter(LogoutFilter.java:89)
2025-10-28 21:22:54 [http-nio-8080-exec-2] ERROR FileUploadService:19 - org.springframework.security.web.FilterChainProxy$VirtualFilterChain.doFilter(FilterChainProxy.java:346)
2025-10-28 21:22:54 [http-nio-8080-exec-2] ERROR FileUploadService:19 - org.springframework.web.filter.CorsFilter.doFilterInternal(CorsFilter.java:91)
2025-10-28 21:22:54 [http-nio-8080-exec-2] ERROR FileUploadService:19 - org.springframework.web.filter.OncePerRequestFilter.doFilter(OncePerRequestFilter.java:117)
2025-10-28 21:22:54 [http-nio-8080-exec-2] ERROR FileUploadService:19 - org.springframework.security.web.FilterChainProxy$VirtualFilterChain.doFilter(FilterChainProxy.java:346)
2025-10-28 21:22:54 [http-nio-8080-exec-2] ERROR FileUploadService:19 - org.springframework.security.web.header.HeaderWriterFilter.doHeadersAfter(HeaderWriterFilter.java:90)
2025-10-28 21:22:54 [http-nio-8080-exec-2] ERROR FileUploadService:19 - org.springframework.security.web.header.HeaderWriterFilter.doFilterInternal(HeaderWriterFilter.java:75)
2025-10-28 21:22:54 [http-nio-8080-exec-2] ERROR FileUploadService:19 - org.springframework.web.filter.OncePerRequestFilter.doFilter(OncePerRequestFilter.java:117)
2025-10-28 21:22:54 [http-nio-8080-exec-2] ERROR FileUploadService:19 - org.springframework.security.web.FilterChainProxy$VirtualFilterChain.doFilter(FilterChainProxy.java:346)
2025-10-28 21:22:54 [http-nio-8080-exec-2] ERROR FileUploadService:19 - org.springframework.security.web.context.SecurityContextPersistenceFilter.doFilter(SecurityContextPersistenceFilter.java:112)
2025-10-28 21:22:54 [http-nio-8080-exec-2] ERROR FileUploadService:19 - org.springframework.security.web.context.SecurityContextPersistenceFilter.doFilter(SecurityContextPersistenceFilter.java:82)
2025-10-28 21:22:54 [http-nio-8080-exec-2] ERROR FileUploadService:19 - org.springframework.security.web.FilterChainProxy$VirtualFilterChain.doFilter(FilterChainProxy.java:346)
2025-10-28 21:22:54 [http-nio-8080-exec-2] ERROR FileUploadService:19 - org.springframework.security.web.context.request.async.WebAsyncManagerIntegrationFilter.doFilterInternal(WebAsyncManagerIntegrationFilter.java:55)
2025-10-28 21:22:54 [http-nio-8080-exec-2] ERROR FileUploadService:19 - org.springframework.web.filter.OncePerRequestFilter.doFilter(OncePerRequestFilter.java:117)
2025-10-28 21:22:54 [http-nio-8080-exec-2] ERROR FileUploadService:19 - org.springframework.security.web.FilterChainProxy$VirtualFilterChain.doFilter(FilterChainProxy.java:346)
2025-10-28 21:22:54 [http-nio-8080-exec-2] ERROR FileUploadService:19 - org.springframework.security.web.session.DisableEncodeUrlFilter.doFilterInternal(DisableEncodeUrlFilter.java:42)
2025-10-28 21:22:54 [http-nio-8080-exec-2] ERROR FileUploadService:19 - org.springframework.web.filter.OncePerRequestFilter.doFilter(OncePerRequestFilter.java:117)
2025-10-28 21:22:54 [http-nio-8080-exec-2] ERROR FileUploadService:19 - org.springframework.security.web.FilterChainProxy$VirtualFilterChain.doFilter(FilterChainProxy.java:346)
2025-10-28 21:22:54 [http-nio-8080-exec-2] ERROR FileUploadService:19 - org.springframework.security.web.FilterChainProxy.doFilterInternal(FilterChainProxy.java:221)
2025-10-28 21:22:54 [http-nio-8080-exec-2] ERROR FileUploadService:19 - org.springframework.security.web.FilterChainProxy.doFilter(FilterChainProxy.java:186)
2025-10-28 21:22:54 [http-nio-8080-exec-2] ERROR FileUploadService:19 - org.springframework.web.filter.DelegatingFilterProxy.invokeDelegate(DelegatingFilterProxy.java:354)
2025-10-28 21:22:54 [http-nio-8080-exec-2] ERROR FileUploadService:19 - org.springframework.web.filter.DelegatingFilterProxy.doFilter(DelegatingFilterProxy.java:267)
2025-10-28 21:22:54 [http-nio-8080-exec-2] ERROR FileUploadService:19 - org.apache.catalina.core.ApplicationFilterChain.internalDoFilter(ApplicationFilterChain.java:178)
2025-10-28 21:22:54 [http-nio-8080-exec-2] ERROR FileUploadService:19 - org.apache.catalina.core.ApplicationFilterChain.doFilter(ApplicationFilterChain.java:153)
2025-10-28 21:22:54 [http-nio-8080-exec-2] ERROR FileUploadService:19 - org.springframework.web.filter.RequestContextFilter.doFilterInternal(RequestContextFilter.java:100)
2025-10-28 21:22:54 [http-nio-8080-exec-2] ERROR FileUploadService:19 - org.springframework.web.filter.OncePerRequestFilter.doFilter(OncePerRequestFilter.java:117)
2025-10-28 21:22:54 [http-nio-8080-exec-2] ERROR FileUploadService:19 - org.apache.catalina.core.ApplicationFilterChain.internalDoFilter(ApplicationFilterChain.java:178)
2025-10-28 21:22:54 [http-nio-8080-exec-2] ERROR FileUploadService:19 - org.apache.catalina.core.ApplicationFilterChain.doFilter(ApplicationFilterChain.java:153)
2025-10-28 21:22:54 [http-nio-8080-exec-2] ERROR FileUploadService:19 - org.springframework.web.filter.FormContentFilter.doFilterInternal(FormContentFilter.java:93)
2025-10-28 21:22:54 [http-nio-8080-exec-2] ERROR FileUploadService:19 - org.springframework.web.filter.OncePerRequestFilter.doFilter(OncePerRequestFilter.java:117)
2025-10-28 21:22:54 [http-nio-8080-exec-2] ERROR FileUploadService:19 - org.apache.catalina.core.ApplicationFilterChain.internalDoFilter(ApplicationFilterChain.java:178)
2025-10-28 21:22:54 [http-nio-8080-exec-2] ERROR FileUploadService:19 - org.apache.catalina.core.ApplicationFilterChain.doFilter(ApplicationFilterChain.java:153)
2025-10-28 21:22:54 [http-nio-8080-exec-2] ERROR FileUploadService:19 - org.springframework.boot.actuate.metrics.web.servlet.WebMvcMetricsFilter.doFilterInternal(WebMvcMetricsFilter.java:96)
2025-10-28 21:22:54 [http-nio-8080-exec-2] ERROR FileUploadService:19 - org.springframework.web.filter.OncePerRequestFilter.doFilter(OncePerRequestFilter.java:117)
2025-10-28 21:22:54 [http-nio-8080-exec-2] ERROR FileUploadService:19 - org.apache.catalina.core.ApplicationFilterChain.internalDoFilter(ApplicationFilterChain.java:178)
2025-10-28 21:22:54 [http-nio-8080-exec-2] ERROR FileUploadService:19 - org.apache.catalina.core.ApplicationFilterChain.doFilter(ApplicationFilterChain.java:153)
2025-10-28 21:22:54 [http-nio-8080-exec-2] ERROR FileUploadService:19 - org.springframework.web.filter.CharacterEncodingFilter.doFilterInternal(CharacterEncodingFilter.java:201)
2025-10-28 21:22:54 [http-nio-8080-exec-2] ERROR FileUploadService:19 - org.springframework.web.filter.OncePerRequestFilter.doFilter(OncePerRequestFilter.java:117)
2025-10-28 21:22:54 [http-nio-8080-exec-2] ERROR FileUploadService:19 - org.apache.catalina.core.ApplicationFilterChain.internalDoFilter(ApplicationFilterChain.java:178)
2025-10-28 21:22:54 [http-nio-8080-exec-2] ERROR FileUploadService:19 - org.apache.catalina.core.ApplicationFilterChain.doFilter(ApplicationFilterChain.java:153)
2025-10-28 21:22:54 [http-nio-8080-exec-2] ERROR FileUploadService:19 - org.apache.catalina.core.StandardWrapperValve.invoke(StandardWrapperValve.java:168)
2025-10-28 21:22:54 [http-nio-8080-exec-2] ERROR FileUploadService:19 - org.apache.catalina.core.StandardContextValve.invoke(StandardContextValve.java:90)
2025-10-28 21:22:54 [http-nio-8080-exec-2] ERROR FileUploadService:19 - org.apache.catalina.authenticator.AuthenticatorBase.invoke(AuthenticatorBase.java:481)
2025-10-28 21:22:54 [http-nio-8080-exec-2] ERROR FileUploadService:19 - org.apache.catalina.core.StandardHostValve.invoke(StandardHostValve.java:130)
2025-10-28 21:22:54 [http-nio-8080-exec-2] ERROR FileUploadService:19 - org.apache.catalina.valves.ErrorReportValve.invoke(ErrorReportValve.java:93)
2025-10-28 21:22:54 [http-nio-8080-exec-2] ERROR FileUploadService:19 - org.apache.catalina.core.StandardEngineValve.invoke(StandardEngineValve.java:74)
2025-10-28 21:22:54 [http-nio-8080-exec-2] ERROR FileUploadService:19 - org.apache.catalina.connector.CoyoteAdapter.service(CoyoteAdapter.java:342)
2025-10-28 21:22:54 [http-nio-8080-exec-2] ERROR FileUploadService:19 - org.apache.coyote.http11.Http11Processor.service(Http11Processor.java:390)
2025-10-28 21:22:54 [http-nio-8080-exec-2] ERROR FileUploadService:19 - org.apache.coyote.AbstractProcessorLight.process(AbstractProcessorLight.java:63)
2025-10-28 21:22:54 [http-nio-8080-exec-2] ERROR FileUploadService:19 - org.apache.coyote.AbstractProtocol$ConnectionHandler.process(AbstractProtocol.java:928)
2025-10-28 21:22:54 [http-nio-8080-exec-2] ERROR FileUploadService:19 - org.apache.tomcat.util.net.NioEndpoint$SocketProcessor.doRun(NioEndpoint.java:1794)
2025-10-28 21:22:54 [http-nio-8080-exec-2] ERROR FileUploadService:19 - org.apache.tomcat.util.net.SocketProcessorBase.run(SocketProcessorBase.java:52)
2025-10-28 21:22:54 [http-nio-8080-exec-2] ERROR FileUploadService:19 - org.apache.tomcat.util.threads.ThreadPoolExecutor.runWorker(ThreadPoolExecutor.java:1191)
2025-10-28 21:22:54 [http-nio-8080-exec-2] ERROR FileUploadService:19 - org.apache.tomcat.util.threads.ThreadPoolExecutor$Worker.run(ThreadPoolExecutor.java:659)
2025-10-28 21:22:54 [http-nio-8080-exec-2] ERROR FileUploadService:19 - org.apache.tomcat.util.threads.TaskThread$WrappingRunnable.run(TaskThread.java:61)
2025-10-28 21:22:54 [http-nio-8080-exec-2] ERROR FileUploadService:19 - java.base/java.lang.Thread.run(Thread.java:1583)
2025-10-28 21:22:54 [http-nio-8080-exec-2] ERROR [dispatcherServlet]:175 - Servlet.service() for servlet [dispatcherServlet] in context with path [] threw exception [Request processing failed; nested exception is TelegramNestedRuntimeException [fieldName=data, msg=null, ftype=VO, method=null, pointer=0, objName=mti.com.telegram.vo.TelegramIn, parser=ByteEncoder]] with root cause
mti.com.telegram.exception.TelegramNestedRuntimeException: null
	at java.nio.HeapByteBuffer.put(HeapByteBuffer.java:238) ~[?:?]
	at java.nio.ByteBuffer.put(ByteBuffer.java:1242) ~[?:?]
	at mti.com.telegram.mapping.ByteEncoder.handleListField(ByteEncoder.java:169) ~[classes/:?]
	at mti.com.telegram.mapping.ByteEncoder.appendSerializedField(ByteEncoder.java:135) ~[classes/:?]
	at mti.com.telegram.mapping.ByteEncoder.convertObjectToBytes(ByteEncoder.java:47) ~[classes/:?]
	at mti.com.telegram.mapping.ByteEncoder.appendSerializedField(ByteEncoder.java:133) ~[classes/:?]
	at mti.com.telegram.mapping.ByteEncoder.convertObjectToBytes(ByteEncoder.java:47) ~[classes/:?]
	at mti.com.telegram.mapping.ByteEncoder.appendSerializedField(ByteEncoder.java:133) ~[classes/:?]
	at mti.com.telegram.mapping.ByteEncoder.convertObjectToBytes(ByteEncoder.java:47) ~[classes/:?]
	at mti.com.telegram.util.InterfaceTelegram.interfaceTuxedo(InterfaceTelegram.java:27) ~[classes/:?]
	at maas.bcap.common.ServiceSupport.tuxedoTransaction(ServiceSupport.java:63) ~[classes/:?]
	at maas.bcap.service.FileUploadService.interfaceTuxedo(FileUploadService.java:112) ~[classes/:?]
	at maas.bcap.service.FileUploadService.saveFilesToDevonC(FileUploadService.java:34) ~[classes/:?]
	at maas.bcap.service.FileManagerService.registerFiles(FileManagerService.java:136) ~[classes/:?]
	at maas.bcap.service.FileManagerService.upload(FileManagerService.java:80) ~[classes/:?]
	at maas.bcap.controller.FileManagerController.upload(FileManagerController.java:50) ~[classes/:?]
	at jdk.internal.reflect.DirectMethodHandleAccessor.invoke(DirectMethodHandleAccessor.java:103) ~[?:?]
	at java.lang.reflect.Method.invoke(Method.java:580) ~[?:?]
	at org.springframework.web.method.support.InvocableHandlerMethod.doInvoke(InvocableHandlerMethod.java:205) ~[spring-web-5.3.31.jar:5.3.31]
	at org.springframework.web.method.support.InvocableHandlerMethod.invokeForRequest(InvocableHandlerMethod.java:150) ~[spring-web-5.3.31.jar:5.3.31]
	at org.springframework.web.servlet.mvc.method.annotation.ServletInvocableHandlerMethod.invokeAndHandle(ServletInvocableHandlerMethod.java:117) ~[spring-webmvc-5.3.31.jar:5.3.31]
	at org.springframework.web.servlet.mvc.method.annotation.RequestMappingHandlerAdapter.invokeHandlerMethod(RequestMappingHandlerAdapter.java:895) ~[spring-webmvc-5.3.31.jar:5.3.31]
	at org.springframework.web.servlet.mvc.method.annotation.RequestMappingHandlerAdapter.handleInternal(RequestMappingHandlerAdapter.java:808) ~[spring-webmvc-5.3.31.jar:5.3.31]
	at org.springframework.web.servlet.mvc.method.AbstractHandlerMethodAdapter.handle(AbstractHandlerMethodAdapter.java:87) ~[spring-webmvc-5.3.31.jar:5.3.31]
	at org.springframework.web.servlet.DispatcherServlet.doDispatch(DispatcherServlet.java:1072) ~[spring-webmvc-5.3.31.jar:5.3.31]
	at org.springframework.web.servlet.DispatcherServlet.doService(DispatcherServlet.java:965) ~[spring-webmvc-5.3.31.jar:5.3.31]
	at org.springframework.web.servlet.FrameworkServlet.processRequest(FrameworkServlet.java:1006) ~[spring-webmvc-5.3.31.jar:5.3.31]
	at org.springframework.web.servlet.FrameworkServlet.doPost(FrameworkServlet.java:909) ~[spring-webmvc-5.3.31.jar:5.3.31]
	at javax.servlet.http.HttpServlet.service(HttpServlet.java:555) ~[tomcat-embed-core-9.0.83.jar:4.0.FR]
	at org.springframework.web.servlet.FrameworkServlet.service(FrameworkServlet.java:883) ~[spring-webmvc-5.3.31.jar:5.3.31]
	at javax.servlet.http.HttpServlet.service(HttpServlet.java:623) ~[tomcat-embed-core-9.0.83.jar:4.0.FR]
	at org.apache.catalina.core.ApplicationFilterChain.internalDoFilter(ApplicationFilterChain.java:209) ~[tomcat-embed-core-9.0.83.jar:9.0.83]
	at org.apache.catalina.core.ApplicationFilterChain.doFilter(ApplicationFilterChain.java:153) ~[tomcat-embed-core-9.0.83.jar:9.0.83]
	at org.apache.tomcat.websocket.server.WsFilter.doFilter(WsFilter.java:51) ~[tomcat-embed-websocket-9.0.83.jar:9.0.83]
	at org.apache.catalina.core.ApplicationFilterChain.internalDoFilter(ApplicationFilterChain.java:178) ~[tomcat-embed-core-9.0.83.jar:9.0.83]
	at org.apache.catalina.core.ApplicationFilterChain.doFilter(ApplicationFilterChain.java:153) ~[tomcat-embed-core-9.0.83.jar:9.0.83]
	at org.springframework.web.filter.OncePerRequestFilter.doFilter(OncePerRequestFilter.java:111) ~[spring-web-5.3.31.jar:5.3.31]
	at org.apache.catalina.core.ApplicationFilterChain.internalDoFilter(ApplicationFilterChain.java:178) ~[tomcat-embed-core-9.0.83.jar:9.0.83]
	at org.apache.catalina.core.ApplicationFilterChain.doFilter(ApplicationFilterChain.java:153) ~[tomcat-embed-core-9.0.83.jar:9.0.83]
	at org.springframework.security.web.FilterChainProxy$VirtualFilterChain.doFilter(FilterChainProxy.java:337) ~[spring-security-web-5.7.11.jar:5.7.11]
	at org.springframework.security.web.access.intercept.AuthorizationFilter.doFilter(AuthorizationFilter.java:96) ~[spring-security-web-5.7.11.jar:5.7.11]
	at org.springframework.security.web.FilterChainProxy$VirtualFilterChain.doFilter(FilterChainProxy.java:346) ~[spring-security-web-5.7.11.jar:5.7.11]
	at org.springframework.security.web.access.ExceptionTranslationFilter.doFilter(ExceptionTranslationFilter.java:122) ~[spring-security-web-5.7.11.jar:5.7.11]
	at org.springframework.security.web.access.ExceptionTranslationFilter.doFilter(ExceptionTranslationFilter.java:116) ~[spring-security-web-5.7.11.jar:5.7.11]
	at org.springframework.security.web.FilterChainProxy$VirtualFilterChain.doFilter(FilterChainProxy.java:346) ~[spring-security-web-5.7.11.jar:5.7.11]
	at org.springframework.security.web.session.SessionManagementFilter.doFilter(SessionManagementFilter.java:126) ~[spring-security-web-5.7.11.jar:5.7.11]
	at org.springframework.security.web.session.SessionManagementFilter.doFilter(SessionManagementFilter.java:81) ~[spring-security-web-5.7.11.jar:5.7.11]
	at org.springframework.security.web.FilterChainProxy$VirtualFilterChain.doFilter(FilterChainProxy.java:346) ~[spring-security-web-5.7.11.jar:5.7.11]
	at org.springframework.security.web.authentication.AnonymousAuthenticationFilter.doFilter(AnonymousAuthenticationFilter.java:109) ~[spring-security-web-5.7.11.jar:5.7.11]
	at org.springframework.security.web.FilterChainProxy$VirtualFilterChain.doFilter(FilterChainProxy.java:346) ~[spring-security-web-5.7.11.jar:5.7.11]
	at org.springframework.security.web.servletapi.SecurityContextHolderAwareRequestFilter.doFilter(SecurityContextHolderAwareRequestFilter.java:149) ~[spring-security-web-5.7.11.jar:5.7.11]
	at org.springframework.security.web.FilterChainProxy$VirtualFilterChain.doFilter(FilterChainProxy.java:346) ~[spring-security-web-5.7.11.jar:5.7.11]
	at org.springframework.security.web.savedrequest.RequestCacheAwareFilter.doFilter(RequestCacheAwareFilter.java:63) ~[spring-security-web-5.7.11.jar:5.7.11]
	at org.springframework.security.web.FilterChainProxy$VirtualFilterChain.doFilter(FilterChainProxy.java:346) ~[spring-security-web-5.7.11.jar:5.7.11]
	at maas.bcap.security.JwtAuthFilter.doFilterInternal(JwtAuthFilter.java:70) ~[classes/:?]
	at org.springframework.web.filter.OncePerRequestFilter.doFilter(OncePerRequestFilter.java:117) ~[spring-web-5.3.31.jar:5.3.31]
	at org.springframework.security.web.FilterChainProxy$VirtualFilterChain.doFilter(FilterChainProxy.java:346) ~[spring-security-web-5.7.11.jar:5.7.11]
	at org.springframework.security.web.authentication.logout.LogoutFilter.doFilter(LogoutFilter.java:103) ~[spring-security-web-5.7.11.jar:5.7.11]
	at org.springframework.security.web.authentication.logout.LogoutFilter.doFilter(LogoutFilter.java:89) ~[spring-security-web-5.7.11.jar:5.7.11]
	at org.springframework.security.web.FilterChainProxy$VirtualFilterChain.doFilter(FilterChainProxy.java:346) ~[spring-security-web-5.7.11.jar:5.7.11]
	at org.springframework.web.filter.CorsFilter.doFilterInternal(CorsFilter.java:91) ~[spring-web-5.3.31.jar:5.3.31]
	at org.springframework.web.filter.OncePerRequestFilter.doFilter(OncePerRequestFilter.java:117) ~[spring-web-5.3.31.jar:5.3.31]
	at org.springframework.security.web.FilterChainProxy$VirtualFilterChain.doFilter(FilterChainProxy.java:346) ~[spring-security-web-5.7.11.jar:5.7.11]
	at org.springframework.security.web.header.HeaderWriterFilter.doHeadersAfter(HeaderWriterFilter.java:90) ~[spring-security-web-5.7.11.jar:5.7.11]
	at org.springframework.security.web.header.HeaderWriterFilter.doFilterInternal(HeaderWriterFilter.java:75) ~[spring-security-web-5.7.11.jar:5.7.11]
	at org.springframework.web.filter.OncePerRequestFilter.doFilter(OncePerRequestFilter.java:117) ~[spring-web-5.3.31.jar:5.3.31]
	at org.springframework.security.web.FilterChainProxy$VirtualFilterChain.doFilter(FilterChainProxy.java:346) ~[spring-security-web-5.7.11.jar:5.7.11]
	at org.springframework.security.web.context.SecurityContextPersistenceFilter.doFilter(SecurityContextPersistenceFilter.java:112) ~[spring-security-web-5.7.11.jar:5.7.11]
	at org.springframework.security.web.context.SecurityContextPersistenceFilter.doFilter(SecurityContextPersistenceFilter.java:82) ~[spring-security-web-5.7.11.jar:5.7.11]
	at org.springframework.security.web.FilterChainProxy$VirtualFilterChain.doFilter(FilterChainProxy.java:346) ~[spring-security-web-5.7.11.jar:5.7.11]
	at org.springframework.security.web.context.request.async.WebAsyncManagerIntegrationFilter.doFilterInternal(WebAsyncManagerIntegrationFilter.java:55) ~[spring-security-web-5.7.11.jar:5.7.11]
	at org.springframework.web.filter.OncePerRequestFilter.doFilter(OncePerRequestFilter.java:117) ~[spring-web-5.3.31.jar:5.3.31]
	at org.springframework.security.web.FilterChainProxy$VirtualFilterChain.doFilter(FilterChainProxy.java:346) ~[spring-security-web-5.7.11.jar:5.7.11]
	at org.springframework.security.web.session.DisableEncodeUrlFilter.doFilterInternal(DisableEncodeUrlFilter.java:42) ~[spring-security-web-5.7.11.jar:5.7.11]
	at org.springframework.web.filter.OncePerRequestFilter.doFilter(OncePerRequestFilter.java:117) ~[spring-web-5.3.31.jar:5.3.31]
	at org.springframework.security.web.FilterChainProxy$VirtualFilterChain.doFilter(FilterChainProxy.java:346) ~[spring-security-web-5.7.11.jar:5.7.11]
	at org.springframework.security.web.FilterChainProxy.doFilterInternal(FilterChainProxy.java:221) ~[spring-security-web-5.7.11.jar:5.7.11]
	at org.springframework.security.web.FilterChainProxy.doFilter(FilterChainProxy.java:186) ~[spring-security-web-5.7.11.jar:5.7.11]
	at org.springframework.web.filter.DelegatingFilterProxy.invokeDelegate(DelegatingFilterProxy.java:354) ~[spring-web-5.3.31.jar:5.3.31]
	at org.springframework.web.filter.DelegatingFilterProxy.doFilter(DelegatingFilterProxy.java:267) ~[spring-web-5.3.31.jar:5.3.31]
	at org.apache.catalina.core.ApplicationFilterChain.internalDoFilter(ApplicationFilterChain.java:178) ~[tomcat-embed-core-9.0.83.jar:9.0.83]
	at org.apache.catalina.core.ApplicationFilterChain.doFilter(ApplicationFilterChain.java:153) ~[tomcat-embed-core-9.0.83.jar:9.0.83]
	at org.springframework.web.filter.RequestContextFilter.doFilterInternal(RequestContextFilter.java:100) ~[spring-web-5.3.31.jar:5.3.31]
	at org.springframework.web.filter.OncePerRequestFilter.doFilter(OncePerRequestFilter.java:117) ~[spring-web-5.3.31.jar:5.3.31]
	at org.apache.catalina.core.ApplicationFilterChain.internalDoFilter(ApplicationFilterChain.java:178) ~[tomcat-embed-core-9.0.83.jar:9.0.83]
	at org.apache.catalina.core.ApplicationFilterChain.doFilter(ApplicationFilterChain.java:153) ~[tomcat-embed-core-9.0.83.jar:9.0.83]
	at org.springframework.web.filter.FormContentFilter.doFilterInternal(FormContentFilter.java:93) ~[spring-web-5.3.31.jar:5.3.31]
	at org.springframework.web.filter.OncePerRequestFilter.doFilter(OncePerRequestFilter.java:117) ~[spring-web-5.3.31.jar:5.3.31]
	at org.apache.catalina.core.ApplicationFilterChain.internalDoFilter(ApplicationFilterChain.java:178) ~[tomcat-embed-core-9.0.83.jar:9.0.83]
	at org.apache.catalina.core.ApplicationFilterChain.doFilter(ApplicationFilterChain.java:153) ~[tomcat-embed-core-9.0.83.jar:9.0.83]
	at org.springframework.boot.actuate.metrics.web.servlet.WebMvcMetricsFilter.doFilterInternal(WebMvcMetricsFilter.java:96) ~[spring-boot-actuator-2.7.18.jar:2.7.18]
	at org.springframework.web.filter.OncePerRequestFilter.doFilter(OncePerRequestFilter.java:117) ~[spring-web-5.3.31.jar:5.3.31]
	at org.apache.catalina.core.ApplicationFilterChain.internalDoFilter(ApplicationFilterChain.java:178) ~[tomcat-embed-core-9.0.83.jar:9.0.83]
	at org.apache.catalina.core.ApplicationFilterChain.doFilter(ApplicationFilterChain.java:153) ~[tomcat-embed-core-9.0.83.jar:9.0.83]
	at org.springframework.web.filter.CharacterEncodingFilter.doFilterInternal(CharacterEncodingFilter.java:201) ~[spring-web-5.3.31.jar:5.3.31]
	at org.springframework.web.filter.OncePerRequestFilter.doFilter(OncePerRequestFilter.java:117) ~[spring-web-5.3.31.jar:5.3.31]
	at org.apache.catalina.core.ApplicationFilterChain.internalDoFilter(ApplicationFilterChain.java:178) ~[tomcat-embed-core-9.0.83.jar:9.0.83]
	at org.apache.catalina.core.ApplicationFilterChain.doFilter(ApplicationFilterChain.java:153) ~[tomcat-embed-core-9.0.83.jar:9.0.83]
	at org.apache.catalina.core.StandardWrapperValve.invoke(StandardWrapperValve.java:168) ~[tomcat-embed-core-9.0.83.jar:9.0.83]
	at org.apache.catalina.core.StandardContextValve.invoke(StandardContextValve.java:90) ~[tomcat-embed-core-9.0.83.jar:9.0.83]
	at org.apache.catalina.authenticator.AuthenticatorBase.invoke(AuthenticatorBase.java:481) ~[tomcat-embed-core-9.0.83.jar:9.0.83]
	at org.apache.catalina.core.StandardHostValve.invoke(StandardHostValve.java:130) ~[tomcat-embed-core-9.0.83.jar:9.0.83]
	at org.apache.catalina.valves.ErrorReportValve.invoke(ErrorReportValve.java:93) ~[tomcat-embed-core-9.0.83.jar:9.0.83]
	at org.apache.catalina.core.StandardEngineValve.invoke(StandardEngineValve.java:74) ~[tomcat-embed-core-9.0.83.jar:9.0.83]
	at org.apache.catalina.connector.CoyoteAdapter.service(CoyoteAdapter.java:342) ~[tomcat-embed-core-9.0.83.jar:9.0.83]
	at org.apache.coyote.http11.Http11Processor.service(Http11Processor.java:390) ~[tomcat-embed-core-9.0.83.jar:9.0.83]
	at org.apache.coyote.AbstractProcessorLight.process(AbstractProcessorLight.java:63) ~[tomcat-embed-core-9.0.83.jar:9.0.83]
	at org.apache.coyote.AbstractProtocol$ConnectionHandler.process(AbstractProtocol.java:928) ~[tomcat-embed-core-9.0.83.jar:9.0.83]
	at org.apache.tomcat.util.net.NioEndpoint$SocketProcessor.doRun(NioEndpoint.java:1794) ~[tomcat-embed-core-9.0.83.jar:9.0.83]
	at org.apache.tomcat.util.net.SocketProcessorBase.run(SocketProcessorBase.java:52) ~[tomcat-embed-core-9.0.83.jar:9.0.83]
	at org.apache.tomcat.util.threads.ThreadPoolExecutor.runWorker(ThreadPoolExecutor.java:1191) ~[tomcat-embed-core-9.0.83.jar:9.0.83]
	at org.apache.tomcat.util.threads.ThreadPoolExecutor$Worker.run(ThreadPoolExecutor.java:659) ~[tomcat-embed-core-9.0.83.jar:9.0.83]
	at org.apache.tomcat.util.threads.TaskThread$WrappingRunnable.run(TaskThread.java:61) ~[tomcat-embed-core-9.0.83.jar:9.0.83]
	at java.lang.Thread.run(Thread.java:1583) ~[?:?]
2025-10-28 22:00:01 [main] INFO  FileManagerTest:55 - Starting FileManagerTest using Java 21.0.6 on LeRuccoLOQ with PID 6456 (started by drucc in C:\bcap\bcap-be)
2025-10-28 22:00:01 [main] INFO  FileManagerTest:632 - No active profile set, falling back to 1 default profile: "default"
2025-10-28 22:00:02 [main] WARN  UserDetailsServiceAutoConfiguration:89 - 

Using generated security password: 81c225e3-f49d-4bdd-8abe-5d333de3d7ed

This generated password is for development use only. Your security configuration must be updated before running your application in production.

2025-10-28 22:00:02 [main] INFO  DefaultSecurityFilterChain:55 - Will secure any request with [org.springframework.security.web.session.DisableEncodeUrlFilter@4e8b357d, org.springframework.security.web.context.request.async.WebAsyncManagerIntegrationFilter@2e1eb85f, org.springframework.security.web.context.SecurityContextPersistenceFilter@2bb41f5c, org.springframework.security.web.header.HeaderWriterFilter@543d5863, org.springframework.web.filter.CorsFilter@ea7a4c3, org.springframework.security.web.authentication.logout.LogoutFilter@37a9b687, maas.bcap.security.JwtAuthFilter@7d42404e, org.springframework.security.web.savedrequest.RequestCacheAwareFilter@2ed9f6f8, org.springframework.security.web.servletapi.SecurityContextHolderAwareRequestFilter@182e7eda, org.springframework.security.web.authentication.AnonymousAuthenticationFilter@6af5b246, org.springframework.security.web.session.SessionManagementFilter@664e848c, org.springframework.security.web.access.ExceptionTranslationFilter@ee21292, org.springframework.security.web.access.intercept.AuthorizationFilter@6e02721d]
2025-10-28 22:00:03 [main] INFO  EndpointLinksResolver:58 - Exposing 1 endpoint(s) beneath base path '/actuator'
2025-10-28 22:00:03 [main] INFO  FileManagerTest:61 - Started FileManagerTest in 2.794 seconds (JVM running for 3.773)
2025-10-28 22:00:03 [main] INFO  InterfaceTelegram:19 - #################### Interface Tuxedo ####################
2025-10-28 22:00:03 [main] INFO  InterfaceTelegram:20 - FileInVo(attach_file_id=null, attach_file_clcd=div1, attach_file_expl=desc1, upd_yn=N, req_clcd=U1, sub1Vos=[FileInSub1Vo(attach_file_id=null, attach_file_seq_no=null, attach_file_clcd=null, del_yn=null, file_nm=v2.jpg, upl_file_size=52277, upl_file_nm=null, file_path=D:/bcap\div1, pfr_rank=0, inp_usr_id=1787130271, inp_pgm_id=FileUpload, chng_usr_id=null, chng_pgm_id=null)])
2025-10-28 22:00:03 [main] INFO  InterfaceTelegram:21 - FileOutVo(rson_cd=null, attach_file_id=null, attach_file_clcd=null, attach_file_expl=null, upd_yn=null, req_clcd=null, sub1Vos=null)
2025-10-28 22:00:03 [main] INFO  InterfaceTelegram:24 - ByteEncoder
2025-10-28 22:00:03 [main] INFO  InterfaceTelegram:26 - TelegramIn(header=TelegramHeader(msg_len=803, gid_sysname=LeRuccoLOQ, gid_yyyyymmdd=20251028, gid_hhmmss=220003, gid_seq=002, gid_pid=00000, gid_stat=00, tx_code=SAZ06F010U, inst_no=MTI, send_rspn_type=S, rspn_svc_code=, ori_global_id=LeRuccoL202510282200030020000000, ori_send_time=20251028220003000870, chnl_id=WEB, client_ip_no=0:0:0:0:0:0:0:1, client_mac=, scrn_id=FileUpload, scrn_lock_yn=N, op_id=1787130271, xa_begin_flag=0, send_time=20251028220003000870, rspn_time=, sync_type=A, async_rspn_yn=0, call_depth=0, msg_count_no=0, ttl_use_flag=0, ttl_from_time=, ttl=0, long_msg_type=1, err_flag=0, err_src=, err_type=, err_code=, dst_inst_code=, fail_knd=null, ap_host_name=null, ap_caller_id=null, inf_id=, lang_type=EN, reserved=), data=TelegramInData(dataType=D, length=300, reserved=null, data=FileInVo(attach_file_id=null, attach_file_clcd=div1, attach_file_expl=desc1, upd_yn=N, req_clcd=U1, sub1Vos=[FileInSub1Vo(attach_file_id=null, attach_file_seq_no=null, attach_file_clcd=null, del_yn=null, file_nm=v2.jpg, upl_file_size=52277, upl_file_nm=null, file_path=D:/bcap\div1, pfr_rank=0, inp_usr_id=1787130271, inp_pgm_id=FileUpload, chng_usr_id=null, chng_pgm_id=null)])), tail=@@)
2025-10-28 22:02:51 [main] INFO  FileManagerTest:55 - Starting FileManagerTest using Java 21.0.6 on LeRuccoLOQ with PID 21240 (started by drucc in C:\bcap\bcap-be)
2025-10-28 22:02:51 [main] INFO  FileManagerTest:632 - No active profile set, falling back to 1 default profile: "default"
2025-10-28 22:02:53 [main] WARN  UserDetailsServiceAutoConfiguration:89 - 

Using generated security password: 0156d35b-527d-47b1-a092-29d3eb2b083e

This generated password is for development use only. Your security configuration must be updated before running your application in production.

2025-10-28 22:02:53 [main] INFO  DefaultSecurityFilterChain:55 - Will secure any request with [org.springframework.security.web.session.DisableEncodeUrlFilter@2a4f8009, org.springframework.security.web.context.request.async.WebAsyncManagerIntegrationFilter@a85644c, org.springframework.security.web.context.SecurityContextPersistenceFilter@5f61371d, org.springframework.security.web.header.HeaderWriterFilter@697d6ded, org.springframework.web.filter.CorsFilter@8054fe2, org.springframework.security.web.authentication.logout.LogoutFilter@359066bc, maas.bcap.security.JwtAuthFilter@1e3f0aea, org.springframework.security.web.savedrequest.RequestCacheAwareFilter@5921b93c, org.springframework.security.web.servletapi.SecurityContextHolderAwareRequestFilter@69f2cb04, org.springframework.security.web.authentication.AnonymousAuthenticationFilter@48268eec, org.springframework.security.web.session.SessionManagementFilter@7da635c0, org.springframework.security.web.access.ExceptionTranslationFilter@dd3f8aa, org.springframework.security.web.access.intercept.AuthorizationFilter@2a8b33ba]
2025-10-28 22:02:54 [main] INFO  EndpointLinksResolver:58 - Exposing 1 endpoint(s) beneath base path '/actuator'
2025-10-28 22:02:54 [main] INFO  FileManagerTest:61 - Started FileManagerTest in 2.789 seconds (JVM running for 3.838)
2025-10-28 22:02:54 [main] INFO  FileManagerTest:38 - TelegramUserDataInput(tx_code=SAZ06F010U, client_ip_no=0:0:0:0:0:0:0:1, client_mac=, scrn_id=FileUpload, op_id=1787130271, sync_type=A, async_rspn_yn=0, rspn_svc_code=, ttl_use_flag=0, ttl=0, long_msg_type=1, dst_inst_code=null, fail_knd=null, ap_host_name=null, ap_caller_id=null, lang_type=EN)
2025-10-28 22:02:54 [main] INFO  FileManagerTest:72 - FileInVo(attach_file_id=null, attach_file_clcd=div1, attach_file_expl=desc1, upd_yn=N, req_clcd=U1, sub1Vos=[FileInSub1Vo(attach_file_id=null, attach_file_seq_no=null, attach_file_clcd=null, del_yn=null, file_nm=v2.jpg, upl_file_size=52277, upl_file_nm=null, file_path=D:/bcap\div1, pfr_rank=0, inp_usr_id=1787130271, inp_pgm_id=FileUpload, chng_usr_id=null, chng_pgm_id=null)])
2025-10-28 22:02:54 [main] INFO  InterfaceTelegram:19 - #################### Interface Tuxedo ####################
2025-10-28 22:02:54 [main] INFO  InterfaceTelegram:20 - FileInVo(attach_file_id=null, attach_file_clcd=div1, attach_file_expl=desc1, upd_yn=N, req_clcd=U1, sub1Vos=[FileInSub1Vo(attach_file_id=null, attach_file_seq_no=null, attach_file_clcd=null, del_yn=null, file_nm=v2.jpg, upl_file_size=52277, upl_file_nm=null, file_path=D:/bcap\div1, pfr_rank=0, inp_usr_id=1787130271, inp_pgm_id=FileUpload, chng_usr_id=null, chng_pgm_id=null)])
2025-10-28 22:02:54 [main] INFO  InterfaceTelegram:21 - FileOutVo(rson_cd=null, attach_file_id=null, attach_file_clcd=null, attach_file_expl=null, upd_yn=null, req_clcd=null, sub1Vos=null)
2025-10-28 22:02:54 [main] INFO  InterfaceTelegram:24 - ByteEncoder
2025-10-28 22:02:54 [main] INFO  InterfaceTelegram:26 - TelegramIn(header=TelegramHeader(msg_len=803, gid_sysname=LeRuccoLOQ, gid_yyyyymmdd=20251028, gid_hhmmss=220254, gid_seq=002, gid_pid=00000, gid_stat=00, tx_code=SAZ06F010U, inst_no=MTI, send_rspn_type=S, rspn_svc_code=, ori_global_id=LeRuccoL202510282202540020000000, ori_send_time=20251028220254000468, chnl_id=WEB, client_ip_no=0:0:0:0:0:0:0:1, client_mac=, scrn_id=FileUpload, scrn_lock_yn=N, op_id=1787130271, xa_begin_flag=0, send_time=20251028220254000469, rspn_time=, sync_type=A, async_rspn_yn=0, call_depth=0, msg_count_no=0, ttl_use_flag=0, ttl_from_time=, ttl=0, long_msg_type=1, err_flag=0, err_src=, err_type=, err_code=, dst_inst_code=, fail_knd=null, ap_host_name=null, ap_caller_id=null, inf_id=, lang_type=EN, reserved=), data=TelegramInData(dataType=D, length=300, reserved=null, data=FileInVo(attach_file_id=null, attach_file_clcd=div1, attach_file_expl=desc1, upd_yn=N, req_clcd=U1, sub1Vos=[FileInSub1Vo(attach_file_id=null, attach_file_seq_no=null, attach_file_clcd=null, del_yn=null, file_nm=v2.jpg, upl_file_size=52277, upl_file_nm=null, file_path=D:/bcap\div1, pfr_rank=0, inp_usr_id=1787130271, inp_pgm_id=FileUpload, chng_usr_id=null, chng_pgm_id=null)])), tail=@@)
2025-10-28 23:08:37 [main] INFO  FileManagerTest:55 - Starting FileManagerTest using Java 21.0.6 on LeRuccoLOQ with PID 6220 (started by drucc in C:\bcap\bcap-be)
2025-10-28 23:08:37 [main] INFO  FileManagerTest:632 - No active profile set, falling back to 1 default profile: "default"
2025-10-28 23:08:39 [main] WARN  UserDetailsServiceAutoConfiguration:89 - 

Using generated security password: 2f252272-e0ff-4070-bbab-9fdb20cf7c79

This generated password is for development use only. Your security configuration must be updated before running your application in production.

2025-10-28 23:08:40 [main] INFO  DefaultSecurityFilterChain:55 - Will secure any request with [org.springframework.security.web.session.DisableEncodeUrlFilter@28279a49, org.springframework.security.web.context.request.async.WebAsyncManagerIntegrationFilter@384fda47, org.springframework.security.web.context.SecurityContextPersistenceFilter@1ca610a0, org.springframework.security.web.header.HeaderWriterFilter@1980a3f, org.springframework.web.filter.CorsFilter@3663d0ba, org.springframework.security.web.authentication.logout.LogoutFilter@45843650, maas.bcap.security.JwtAuthFilter@575cabf0, org.springframework.security.web.savedrequest.RequestCacheAwareFilter@3bfae028, org.springframework.security.web.servletapi.SecurityContextHolderAwareRequestFilter@43f03c23, org.springframework.security.web.authentication.AnonymousAuthenticationFilter@433d9680, org.springframework.security.web.session.SessionManagementFilter@74b86971, org.springframework.security.web.access.ExceptionTranslationFilter@64b70f41, org.springframework.security.web.access.intercept.AuthorizationFilter@2b73bd6b]
2025-10-28 23:08:41 [main] INFO  EndpointLinksResolver:58 - Exposing 1 endpoint(s) beneath base path '/actuator'
2025-10-28 23:08:41 [main] INFO  FileManagerTest:61 - Started FileManagerTest in 4.085 seconds (JVM running for 5.152)
2025-10-28 23:08:41 [main] INFO  FileManagerTest:38 - TelegramUserDataInput(tx_code=SAZ06F010U, client_ip_no=0:0:0:0:0:0:0:1, client_mac=, scrn_id=FileUpload, op_id=1787130271, sync_type=A, async_rspn_yn=0, rspn_svc_code=, ttl_use_flag=0, ttl=0, long_msg_type=1, dst_inst_code=null, fail_knd=null, ap_host_name=null, ap_caller_id=null, lang_type=EN)
2025-10-28 23:08:41 [main] INFO  FileManagerTest:72 - FileInVo(attach_file_id=null, attach_file_clcd=div1, attach_file_expl=desc1, upd_yn=N, req_clcd=U1, sub1Vos=[FileInSub1Vo(attach_file_id=null, attach_file_seq_no=null, attach_file_clcd=null, del_yn=null, file_nm=v2.jpg, upl_file_size=52277, upl_file_nm=null, file_path=D:/bcap\div1, pfr_rank=0, inp_usr_id=1787130271, inp_pgm_id=FileUpload, chng_usr_id=null, chng_pgm_id=null)])
2025-10-28 23:08:41 [main] INFO  InterfaceTelegram:19 - #################### Interface Tuxedo ####################
2025-10-28 23:08:41 [main] INFO  InterfaceTelegram:20 - FileInVo(attach_file_id=null, attach_file_clcd=div1, attach_file_expl=desc1, upd_yn=N, req_clcd=U1, sub1Vos=[FileInSub1Vo(attach_file_id=null, attach_file_seq_no=null, attach_file_clcd=null, del_yn=null, file_nm=v2.jpg, upl_file_size=52277, upl_file_nm=null, file_path=D:/bcap\div1, pfr_rank=0, inp_usr_id=1787130271, inp_pgm_id=FileUpload, chng_usr_id=null, chng_pgm_id=null)])
2025-10-28 23:08:41 [main] INFO  InterfaceTelegram:21 - FileOutVo(rson_cd=null, attach_file_id=null, attach_file_clcd=null, attach_file_expl=null, upd_yn=null, req_clcd=null, sub1Vos=null)
2025-10-28 23:08:41 [main] INFO  InterfaceTelegram:24 - ByteEncoder
2025-10-28 23:08:41 [main] INFO  InterfaceTelegram:26 - TelegramIn(header=TelegramHeader(msg_len=803, gid_sysname=LeRuccoLOQ, gid_yyyyymmdd=20251028, gid_hhmmss=230841, gid_seq=002, gid_pid=00000, gid_stat=00, tx_code=SAZ06F010U, inst_no=MTI, send_rspn_type=S, rspn_svc_code=, ori_global_id=LeRuccoL202510282308410020000000, ori_send_time=20251028230841000915, chnl_id=WEB, client_ip_no=0:0:0:0:0:0:0:1, client_mac=, scrn_id=FileUpload, scrn_lock_yn=N, op_id=1787130271, xa_begin_flag=0, send_time=20251028230841000915, rspn_time=, sync_type=A, async_rspn_yn=0, call_depth=0, msg_count_no=0, ttl_use_flag=0, ttl_from_time=, ttl=0, long_msg_type=1, err_flag=0, err_src=, err_type=, err_code=, dst_inst_code=, fail_knd=null, ap_host_name=null, ap_caller_id=null, inf_id=, lang_type=EN, reserved=), data=TelegramInData(dataType=D, length=300, reserved=null, data=FileInVo(attach_file_id=null, attach_file_clcd=div1, attach_file_expl=desc1, upd_yn=N, req_clcd=U1, sub1Vos=[FileInSub1Vo(attach_file_id=null, attach_file_seq_no=null, attach_file_clcd=null, del_yn=null, file_nm=v2.jpg, upl_file_size=52277, upl_file_nm=null, file_path=D:/bcap\div1, pfr_rank=0, inp_usr_id=1787130271, inp_pgm_id=FileUpload, chng_usr_id=null, chng_pgm_id=null)])), tail=@@)
2025-10-28 23:09:04 [main] INFO  FileManagerTest:55 - Starting FileManagerTest using Java 21.0.6 on LeRuccoLOQ with PID 12280 (started by drucc in C:\bcap\bcap-be)
2025-10-28 23:09:04 [main] INFO  FileManagerTest:632 - No active profile set, falling back to 1 default profile: "default"
2025-10-28 23:09:06 [main] WARN  UserDetailsServiceAutoConfiguration:89 - 

Using generated security password: 20d9f3b8-7499-44f5-8847-d2ff5243fa6d

This generated password is for development use only. Your security configuration must be updated before running your application in production.

2025-10-28 23:09:06 [main] INFO  DefaultSecurityFilterChain:55 - Will secure any request with [org.springframework.security.web.session.DisableEncodeUrlFilter@1e3f0aea, org.springframework.security.web.context.request.async.WebAsyncManagerIntegrationFilter@48268eec, org.springframework.security.web.context.SecurityContextPersistenceFilter@5921b93c, org.springframework.security.web.header.HeaderWriterFilter@160b4809, org.springframework.web.filter.CorsFilter@69a024a0, org.springframework.security.web.authentication.logout.LogoutFilter@245253d8, maas.bcap.security.JwtAuthFilter@4bf80c29, org.springframework.security.web.savedrequest.RequestCacheAwareFilter@3dce6dd8, org.springframework.security.web.servletapi.SecurityContextHolderAwareRequestFilter@45292ec1, org.springframework.security.web.authentication.AnonymousAuthenticationFilter@2d7637e6, org.springframework.security.web.session.SessionManagementFilter@35650279, org.springframework.security.web.access.ExceptionTranslationFilter@40ce9049, org.springframework.security.web.access.intercept.AuthorizationFilter@ea7a4c3]
2025-10-28 23:09:07 [main] INFO  EndpointLinksResolver:58 - Exposing 1 endpoint(s) beneath base path '/actuator'
2025-10-28 23:09:07 [main] INFO  FileManagerTest:61 - Started FileManagerTest in 3.805 seconds (JVM running for 5.195)
2025-10-28 23:09:07 [main] INFO  FileManagerTest:38 - TelegramUserDataInput(tx_code=SAZ06F010U, client_ip_no=0:0:0:0:0:0:0:1, client_mac=, scrn_id=FileUpload, op_id=1787130271, sync_type=A, async_rspn_yn=0, rspn_svc_code=, ttl_use_flag=0, ttl=0, long_msg_type=1, dst_inst_code=null, fail_knd=null, ap_host_name=null, ap_caller_id=null, lang_type=EN)
2025-10-28 23:09:07 [main] INFO  FileManagerTest:72 - FileInVo(attach_file_id=null, attach_file_clcd=div1, attach_file_expl=desc1, upd_yn=N, req_clcd=U1, sub1Vos=[FileInSub1Vo(attach_file_id=null, attach_file_seq_no=null, attach_file_clcd=null, del_yn=null, file_nm=v2.jpg, upl_file_size=52277, upl_file_nm=null, file_path=D:/bcap\div1, pfr_rank=0, inp_usr_id=1787130271, inp_pgm_id=FileUpload, chng_usr_id=null, chng_pgm_id=null)])
2025-10-28 23:09:07 [main] INFO  InterfaceTelegram:19 - #################### Interface Tuxedo ####################
2025-10-28 23:09:07 [main] INFO  InterfaceTelegram:20 - FileInVo(attach_file_id=null, attach_file_clcd=div1, attach_file_expl=desc1, upd_yn=N, req_clcd=U1, sub1Vos=[FileInSub1Vo(attach_file_id=null, attach_file_seq_no=null, attach_file_clcd=null, del_yn=null, file_nm=v2.jpg, upl_file_size=52277, upl_file_nm=null, file_path=D:/bcap\div1, pfr_rank=0, inp_usr_id=1787130271, inp_pgm_id=FileUpload, chng_usr_id=null, chng_pgm_id=null)])
2025-10-28 23:09:07 [main] INFO  InterfaceTelegram:21 - FileOutVo(rson_cd=null, attach_file_id=null, attach_file_clcd=null, attach_file_expl=null, upd_yn=null, req_clcd=null, sub1Vos=null)
2025-10-28 23:09:07 [main] INFO  InterfaceTelegram:24 - ByteEncoder
2025-10-28 23:09:07 [main] INFO  InterfaceTelegram:26 - TelegramIn(header=TelegramHeader(msg_len=803, gid_sysname=LeRuccoLOQ, gid_yyyyymmdd=20251028, gid_hhmmss=230907, gid_seq=002, gid_pid=00000, gid_stat=00, tx_code=SAZ06F010U, inst_no=MTI, send_rspn_type=S, rspn_svc_code=, ori_global_id=LeRuccoL202510282309070020000000, ori_send_time=20251028230907000989, chnl_id=WEB, client_ip_no=0:0:0:0:0:0:0:1, client_mac=, scrn_id=FileUpload, scrn_lock_yn=N, op_id=1787130271, xa_begin_flag=0, send_time=20251028230907000990, rspn_time=, sync_type=A, async_rspn_yn=0, call_depth=0, msg_count_no=0, ttl_use_flag=0, ttl_from_time=, ttl=0, long_msg_type=1, err_flag=0, err_src=, err_type=, err_code=, dst_inst_code=, fail_knd=null, ap_host_name=null, ap_caller_id=null, inf_id=, lang_type=EN, reserved=), data=TelegramInData(dataType=D, length=300, reserved=null, data=FileInVo(attach_file_id=null, attach_file_clcd=div1, attach_file_expl=desc1, upd_yn=N, req_clcd=U1, sub1Vos=[FileInSub1Vo(attach_file_id=null, attach_file_seq_no=null, attach_file_clcd=null, del_yn=null, file_nm=v2.jpg, upl_file_size=52277, upl_file_nm=null, file_path=D:/bcap\div1, pfr_rank=0, inp_usr_id=1787130271, inp_pgm_id=FileUpload, chng_usr_id=null, chng_pgm_id=null)])), tail=@@)
2025-10-28 23:13:10 [main] INFO  FileManagerTest:55 - Starting FileManagerTest using Java 21.0.6 on LeRuccoLOQ with PID 19428 (started by drucc in C:\bcap\bcap-be)
2025-10-28 23:13:10 [main] INFO  FileManagerTest:632 - No active profile set, falling back to 1 default profile: "default"
2025-10-28 23:13:12 [main] WARN  UserDetailsServiceAutoConfiguration:89 - 

Using generated security password: 3e820d69-ff3b-4296-9795-c229f4b3be68

This generated password is for development use only. Your security configuration must be updated before running your application in production.

2025-10-28 23:13:12 [main] INFO  DefaultSecurityFilterChain:55 - Will secure any request with [org.springframework.security.web.session.DisableEncodeUrlFilter@2e71240b, org.springframework.security.web.context.request.async.WebAsyncManagerIntegrationFilter@23cd5d42, org.springframework.security.web.context.SecurityContextPersistenceFilter@3a7c678b, org.springframework.security.web.header.HeaderWriterFilter@2bb41f5c, org.springframework.web.filter.CorsFilter@2b44d6d0, org.springframework.security.web.authentication.logout.LogoutFilter@392781e, maas.bcap.security.JwtAuthFilter@3e900e1a, org.springframework.security.web.savedrequest.RequestCacheAwareFilter@168ad26f, org.springframework.security.web.servletapi.SecurityContextHolderAwareRequestFilter@25b38203, org.springframework.security.web.authentication.AnonymousAuthenticationFilter@196624bf, org.springframework.security.web.session.SessionManagementFilter@19b02dfd, org.springframework.security.web.access.ExceptionTranslationFilter@664e848c, org.springframework.security.web.access.intercept.AuthorizationFilter@8054fe2]
2025-10-28 23:13:13 [main] INFO  EndpointLinksResolver:58 - Exposing 1 endpoint(s) beneath base path '/actuator'
2025-10-28 23:13:13 [main] INFO  FileManagerTest:61 - Started FileManagerTest in 2.902 seconds (JVM running for 3.907)
2025-10-28 23:13:13 [main] INFO  FileManagerTest:38 - TelegramUserDataInput(tx_code=SAZ06F010U, client_ip_no=0:0:0:0:0:0:0:1, client_mac=, scrn_id=FileUpload, op_id=1787130271, sync_type=A, async_rspn_yn=0, rspn_svc_code=, ttl_use_flag=0, ttl=0, long_msg_type=1, dst_inst_code=null, fail_knd=null, ap_host_name=null, ap_caller_id=null, lang_type=EN)
2025-10-28 23:13:13 [main] INFO  FileManagerTest:72 - FileInVo(attach_file_id=null, attach_file_clcd=div1, attach_file_expl=desc1, upd_yn=N, req_clcd=U1, sub1Vos=[FileInSub1Vo(attach_file_id=null, attach_file_seq_no=null, attach_file_clcd=null, del_yn=null, file_nm=v2.jpg, upl_file_size=52277, upl_file_nm=null, file_path=D:/bcap\div1, pfr_rank=0, inp_usr_id=1787130271, inp_pgm_id=FileUpload, chng_usr_id=null, chng_pgm_id=null)])
2025-10-28 23:13:13 [main] INFO  InterfaceTelegram:19 - #################### Interface Tuxedo ####################
2025-10-28 23:13:13 [main] INFO  InterfaceTelegram:20 - FileInVo(attach_file_id=null, attach_file_clcd=div1, attach_file_expl=desc1, upd_yn=N, req_clcd=U1, sub1Vos=[FileInSub1Vo(attach_file_id=null, attach_file_seq_no=null, attach_file_clcd=null, del_yn=null, file_nm=v2.jpg, upl_file_size=52277, upl_file_nm=null, file_path=D:/bcap\div1, pfr_rank=0, inp_usr_id=1787130271, inp_pgm_id=FileUpload, chng_usr_id=null, chng_pgm_id=null)])
2025-10-28 23:13:13 [main] INFO  InterfaceTelegram:21 - FileOutVo(rson_cd=null, attach_file_id=null, attach_file_clcd=null, attach_file_expl=null, upd_yn=null, req_clcd=null, sub1Vos=null)
2025-10-28 23:13:13 [main] INFO  InterfaceTelegram:24 - ByteEncoder
2025-10-28 23:13:13 [main] INFO  InterfaceTelegram:26 - TelegramIn(header=TelegramHeader(msg_len=803, gid_sysname=LeRuccoLOQ, gid_yyyyymmdd=20251028, gid_hhmmss=231313, gid_seq=002, gid_pid=00000, gid_stat=00, tx_code=SAZ06F010U, inst_no=MTI, send_rspn_type=S, rspn_svc_code=, ori_global_id=LeRuccoL202510282313130020000000, ori_send_time=20251028231313000381, chnl_id=WEB, client_ip_no=0:0:0:0:0:0:0:1, client_mac=, scrn_id=FileUpload, scrn_lock_yn=N, op_id=1787130271, xa_begin_flag=0, send_time=20251028231313000381, rspn_time=, sync_type=A, async_rspn_yn=0, call_depth=0, msg_count_no=0, ttl_use_flag=0, ttl_from_time=, ttl=0, long_msg_type=1, err_flag=0, err_src=, err_type=, err_code=, dst_inst_code=, fail_knd=null, ap_host_name=null, ap_caller_id=null, inf_id=, lang_type=EN, reserved=), data=TelegramInData(dataType=D, length=300, reserved=null, data=FileInVo(attach_file_id=null, attach_file_clcd=div1, attach_file_expl=desc1, upd_yn=N, req_clcd=U1, sub1Vos=[FileInSub1Vo(attach_file_id=null, attach_file_seq_no=null, attach_file_clcd=null, del_yn=null, file_nm=v2.jpg, upl_file_size=52277, upl_file_nm=null, file_path=D:/bcap\div1, pfr_rank=0, inp_usr_id=1787130271, inp_pgm_id=FileUpload, chng_usr_id=null, chng_pgm_id=null)])), tail=@@)
2025-10-28 23:15:14 [main] INFO  FileManagerTest:55 - Starting FileManagerTest using Java 21.0.6 on LeRuccoLOQ with PID 29076 (started by drucc in C:\bcap\bcap-be)
2025-10-28 23:15:14 [main] INFO  FileManagerTest:632 - No active profile set, falling back to 1 default profile: "default"
2025-10-28 23:15:16 [main] WARN  UserDetailsServiceAutoConfiguration:89 - 

Using generated security password: 2b395681-3fba-4673-b6cf-30e21bfacbf3

This generated password is for development use only. Your security configuration must be updated before running your application in production.

2025-10-28 23:15:16 [main] INFO  DefaultSecurityFilterChain:55 - Will secure any request with [org.springframework.security.web.session.DisableEncodeUrlFilter@50085d9c, org.springframework.security.web.context.request.async.WebAsyncManagerIntegrationFilter@5df7e31b, org.springframework.security.web.context.SecurityContextPersistenceFilter@322204dc, org.springframework.security.web.header.HeaderWriterFilter@35650279, org.springframework.web.filter.CorsFilter@63a9c661, org.springframework.security.web.authentication.logout.LogoutFilter@79b18230, maas.bcap.security.JwtAuthFilter@4b425577, org.springframework.security.web.savedrequest.RequestCacheAwareFilter@778a1250, org.springframework.security.web.servletapi.SecurityContextHolderAwareRequestFilter@7f3ca64a, org.springframework.security.web.authentication.AnonymousAuthenticationFilter@5934153e, org.springframework.security.web.session.SessionManagementFilter@45292ec1, org.springframework.security.web.access.ExceptionTranslationFilter@f2b90fc, org.springframework.security.web.access.intercept.AuthorizationFilter@2d7637e6]
2025-10-28 23:15:17 [main] INFO  EndpointLinksResolver:58 - Exposing 1 endpoint(s) beneath base path '/actuator'
2025-10-28 23:15:17 [main] INFO  FileManagerTest:61 - Started FileManagerTest in 2.915 seconds (JVM running for 3.918)
2025-10-28 23:15:17 [main] INFO  FileManagerTest:38 - TelegramUserDataInput(tx_code=SAZ06F010U, client_ip_no=0:0:0:0:0:0:0:1, client_mac=, scrn_id=FileUpload, op_id=1787130271, sync_type=A, async_rspn_yn=0, rspn_svc_code=, ttl_use_flag=0, ttl=0, long_msg_type=1, dst_inst_code=null, fail_knd=null, ap_host_name=null, ap_caller_id=null, lang_type=EN)
2025-10-28 23:15:17 [main] INFO  FileManagerTest:72 - FileInVo(attach_file_id=null, attach_file_clcd=div1, attach_file_expl=desc1, upd_yn=N, req_clcd=U1, sub1Vos=[FileInSub1Vo(attach_file_id=null, attach_file_seq_no=null, attach_file_clcd=null, del_yn=null, file_nm=v2.jpg, upl_file_size=52277, upl_file_nm=null, file_path=D:/bcap\div1, pfr_rank=0, inp_usr_id=1787130271, inp_pgm_id=FileUpload, chng_usr_id=null, chng_pgm_id=null)])
2025-10-28 23:15:17 [main] INFO  InterfaceTelegram:19 - #################### Interface Tuxedo ####################
2025-10-28 23:15:17 [main] INFO  InterfaceTelegram:20 - FileInVo(attach_file_id=null, attach_file_clcd=div1, attach_file_expl=desc1, upd_yn=N, req_clcd=U1, sub1Vos=[FileInSub1Vo(attach_file_id=null, attach_file_seq_no=null, attach_file_clcd=null, del_yn=null, file_nm=v2.jpg, upl_file_size=52277, upl_file_nm=null, file_path=D:/bcap\div1, pfr_rank=0, inp_usr_id=1787130271, inp_pgm_id=FileUpload, chng_usr_id=null, chng_pgm_id=null)])
2025-10-28 23:15:17 [main] INFO  InterfaceTelegram:21 - FileOutVo(rson_cd=null, attach_file_id=null, attach_file_clcd=null, attach_file_expl=null, upd_yn=null, req_clcd=null, sub1Vos=null)
2025-10-28 23:15:17 [main] INFO  InterfaceTelegram:24 - ByteEncoder
2025-10-28 23:15:17 [main] INFO  InterfaceTelegram:26 - TelegramIn(header=TelegramHeader(msg_len=803, gid_sysname=LeRuccoLOQ, gid_yyyyymmdd=20251028, gid_hhmmss=231517, gid_seq=002, gid_pid=00000, gid_stat=00, tx_code=SAZ06F010U, inst_no=MTI, send_rspn_type=S, rspn_svc_code=, ori_global_id=LeRuccoL202510282315170020000000, ori_send_time=20251028231517000816, chnl_id=WEB, client_ip_no=0:0:0:0:0:0:0:1, client_mac=, scrn_id=FileUpload, scrn_lock_yn=N, op_id=1787130271, xa_begin_flag=0, send_time=20251028231517000816, rspn_time=, sync_type=A, async_rspn_yn=0, call_depth=0, msg_count_no=0, ttl_use_flag=0, ttl_from_time=, ttl=0, long_msg_type=1, err_flag=0, err_src=, err_type=, err_code=, dst_inst_code=, fail_knd=null, ap_host_name=null, ap_caller_id=null, inf_id=, lang_type=EN, reserved=), data=TelegramInData(dataType=D, length=300, reserved=null, data=FileInVo(attach_file_id=null, attach_file_clcd=div1, attach_file_expl=desc1, upd_yn=N, req_clcd=U1, sub1Vos=[FileInSub1Vo(attach_file_id=null, attach_file_seq_no=null, attach_file_clcd=null, del_yn=null, file_nm=v2.jpg, upl_file_size=52277, upl_file_nm=null, file_path=D:/bcap\div1, pfr_rank=0, inp_usr_id=1787130271, inp_pgm_id=FileUpload, chng_usr_id=null, chng_pgm_id=null)])), tail=@@)
2025-10-28 23:17:55 [main] INFO  FileManagerTest:55 - Starting FileManagerTest using Java 21.0.6 on LeRuccoLOQ with PID 14436 (started by drucc in C:\bcap\bcap-be)
2025-10-28 23:17:55 [main] INFO  FileManagerTest:632 - No active profile set, falling back to 1 default profile: "default"
2025-10-28 23:17:57 [main] WARN  UserDetailsServiceAutoConfiguration:89 - 

Using generated security password: c7f9bac2-ab54-4741-ab08-10c35dca5a7a

This generated password is for development use only. Your security configuration must be updated before running your application in production.

2025-10-28 23:17:57 [main] INFO  DefaultSecurityFilterChain:55 - Will secure any request with [org.springframework.security.web.session.DisableEncodeUrlFilter@3bb9ca38, org.springframework.security.web.context.request.async.WebAsyncManagerIntegrationFilter@160e99e0, org.springframework.security.web.context.SecurityContextPersistenceFilter@61191222, org.springframework.security.web.header.HeaderWriterFilter@3292d91a, org.springframework.web.filter.CorsFilter@4f3e9fbb, org.springframework.security.web.authentication.logout.LogoutFilter@902fdbe, maas.bcap.security.JwtAuthFilter@365afe87, org.springframework.security.web.savedrequest.RequestCacheAwareFilter@4d464510, org.springframework.security.web.servletapi.SecurityContextHolderAwareRequestFilter@401c4250, org.springframework.security.web.authentication.AnonymousAuthenticationFilter@43471a7e, org.springframework.security.web.session.SessionManagementFilter@4f93bf0a, org.springframework.security.web.access.ExceptionTranslationFilter@251c4280, org.springframework.security.web.access.intercept.AuthorizationFilter@23cd5d42]
2025-10-28 23:17:58 [main] INFO  EndpointLinksResolver:58 - Exposing 1 endpoint(s) beneath base path '/actuator'
2025-10-28 23:17:58 [main] INFO  FileManagerTest:61 - Started FileManagerTest in 3.554 seconds (JVM running for 4.975)
2025-10-28 23:17:58 [main] INFO  FileManagerTest:38 - TelegramUserDataInput(tx_code=SAZ06F010U, client_ip_no=0:0:0:0:0:0:0:1, client_mac=, scrn_id=FileUpload, op_id=1787130271, sync_type=A, async_rspn_yn=0, rspn_svc_code=, ttl_use_flag=0, ttl=0, long_msg_type=1, dst_inst_code=null, fail_knd=null, ap_host_name=null, ap_caller_id=null, lang_type=EN)
2025-10-28 23:17:58 [main] INFO  FileManagerTest:72 - FileInVo(attach_file_id=null, attach_file_clcd=div1, attach_file_expl=desc1, upd_yn=N, req_clcd=U1, sub1Vos=[FileInSub1Vo(attach_file_id=null, attach_file_seq_no=null, attach_file_clcd=null, del_yn=null, file_nm=v2.jpg, upl_file_size=52277, upl_file_nm=null, file_path=D:/bcap\div1, pfr_rank=0, inp_usr_id=1787130271, inp_pgm_id=FileUpload, chng_usr_id=null, chng_pgm_id=null)])
2025-10-28 23:17:58 [main] INFO  InterfaceTelegram:19 - #################### Interface Tuxedo ####################
2025-10-28 23:17:58 [main] INFO  InterfaceTelegram:20 - FileInVo(attach_file_id=null, attach_file_clcd=div1, attach_file_expl=desc1, upd_yn=N, req_clcd=U1, sub1Vos=[FileInSub1Vo(attach_file_id=null, attach_file_seq_no=null, attach_file_clcd=null, del_yn=null, file_nm=v2.jpg, upl_file_size=52277, upl_file_nm=null, file_path=D:/bcap\div1, pfr_rank=0, inp_usr_id=1787130271, inp_pgm_id=FileUpload, chng_usr_id=null, chng_pgm_id=null)])
2025-10-28 23:17:58 [main] INFO  InterfaceTelegram:21 - FileOutVo(rson_cd=null, attach_file_id=null, attach_file_clcd=null, attach_file_expl=null, upd_yn=null, req_clcd=null, sub1Vos=null)
2025-10-28 23:17:58 [main] INFO  InterfaceTelegram:24 - ByteEncoder
2025-10-28 23:17:58 [main] INFO  InterfaceTelegram:26 - TelegramIn(header=TelegramHeader(msg_len=803, gid_sysname=LeRuccoLOQ, gid_yyyyymmdd=20251028, gid_hhmmss=231758, gid_seq=002, gid_pid=00000, gid_stat=00, tx_code=SAZ06F010U, inst_no=MTI, send_rspn_type=S, rspn_svc_code=, ori_global_id=LeRuccoL202510282317580020000000, ori_send_time=20251028231758000724, chnl_id=WEB, client_ip_no=0:0:0:0:0:0:0:1, client_mac=, scrn_id=FileUpload, scrn_lock_yn=N, op_id=1787130271, xa_begin_flag=0, send_time=20251028231758000725, rspn_time=, sync_type=A, async_rspn_yn=0, call_depth=0, msg_count_no=0, ttl_use_flag=0, ttl_from_time=, ttl=0, long_msg_type=1, err_flag=0, err_src=, err_type=, err_code=, dst_inst_code=, fail_knd=null, ap_host_name=null, ap_caller_id=null, inf_id=, lang_type=EN, reserved=), data=TelegramInData(dataType=D, length=300, reserved=null, data=FileInVo(attach_file_id=null, attach_file_clcd=div1, attach_file_expl=desc1, upd_yn=N, req_clcd=U1, sub1Vos=[FileInSub1Vo(attach_file_id=null, attach_file_seq_no=null, attach_file_clcd=null, del_yn=null, file_nm=v2.jpg, upl_file_size=52277, upl_file_nm=null, file_path=D:/bcap\div1, pfr_rank=0, inp_usr_id=1787130271, inp_pgm_id=FileUpload, chng_usr_id=null, chng_pgm_id=null)])), tail=@@)
2025-10-28 23:18:23 [main] INFO  FileManagerTest:55 - Starting FileManagerTest using Java 21.0.6 on LeRuccoLOQ with PID 26916 (started by drucc in C:\bcap\bcap-be)
2025-10-28 23:18:23 [main] INFO  FileManagerTest:632 - No active profile set, falling back to 1 default profile: "default"
2025-10-28 23:18:25 [main] WARN  UserDetailsServiceAutoConfiguration:89 - 

Using generated security password: b9ad704c-e965-4de2-bd03-8a43bc23ca70

This generated password is for development use only. Your security configuration must be updated before running your application in production.

2025-10-28 23:18:25 [main] INFO  DefaultSecurityFilterChain:55 - Will secure any request with [org.springframework.security.web.session.DisableEncodeUrlFilter@50085d9c, org.springframework.security.web.context.request.async.WebAsyncManagerIntegrationFilter@5df7e31b, org.springframework.security.web.context.SecurityContextPersistenceFilter@322204dc, org.springframework.security.web.header.HeaderWriterFilter@35650279, org.springframework.web.filter.CorsFilter@63a9c661, org.springframework.security.web.authentication.logout.LogoutFilter@79b18230, maas.bcap.security.JwtAuthFilter@4b425577, org.springframework.security.web.savedrequest.RequestCacheAwareFilter@778a1250, org.springframework.security.web.servletapi.SecurityContextHolderAwareRequestFilter@7f3ca64a, org.springframework.security.web.authentication.AnonymousAuthenticationFilter@5934153e, org.springframework.security.web.session.SessionManagementFilter@45292ec1, org.springframework.security.web.access.ExceptionTranslationFilter@f2b90fc, org.springframework.security.web.access.intercept.AuthorizationFilter@2d7637e6]
2025-10-28 23:18:26 [main] INFO  EndpointLinksResolver:58 - Exposing 1 endpoint(s) beneath base path '/actuator'
2025-10-28 23:18:26 [main] INFO  FileManagerTest:61 - Started FileManagerTest in 3.741 seconds (JVM running for 5.294)
2025-10-28 23:18:27 [main] INFO  FileManagerTest:38 - TelegramUserDataInput(tx_code=SAZ06F010U, client_ip_no=0:0:0:0:0:0:0:1, client_mac=, scrn_id=FileUpload, op_id=1787130271, sync_type=A, async_rspn_yn=0, rspn_svc_code=, ttl_use_flag=0, ttl=0, long_msg_type=1, dst_inst_code=null, fail_knd=null, ap_host_name=null, ap_caller_id=null, lang_type=EN)
2025-10-28 23:18:27 [main] INFO  FileManagerTest:72 - FileInVo(attach_file_id=null, attach_file_clcd=div1, attach_file_expl=desc1, upd_yn=N, req_clcd=U1, sub1Vos=[FileInSub1Vo(attach_file_id=null, attach_file_seq_no=null, attach_file_clcd=null, del_yn=null, file_nm=v2.jpg, upl_file_size=52277, upl_file_nm=null, file_path=D:/bcap/div1, pfr_rank=0, inp_usr_id=1787130271, inp_pgm_id=FileUpload, chng_usr_id=null, chng_pgm_id=null)])
2025-10-28 23:18:27 [main] INFO  InterfaceTelegram:19 - #################### Interface Tuxedo ####################
2025-10-28 23:18:27 [main] INFO  InterfaceTelegram:20 - FileInVo(attach_file_id=null, attach_file_clcd=div1, attach_file_expl=desc1, upd_yn=N, req_clcd=U1, sub1Vos=[FileInSub1Vo(attach_file_id=null, attach_file_seq_no=null, attach_file_clcd=null, del_yn=null, file_nm=v2.jpg, upl_file_size=52277, upl_file_nm=null, file_path=D:/bcap/div1, pfr_rank=0, inp_usr_id=1787130271, inp_pgm_id=FileUpload, chng_usr_id=null, chng_pgm_id=null)])
2025-10-28 23:18:27 [main] INFO  InterfaceTelegram:21 - FileOutVo(rson_cd=null, attach_file_id=null, attach_file_clcd=null, attach_file_expl=null, upd_yn=null, req_clcd=null, sub1Vos=null)
2025-10-28 23:18:27 [main] INFO  InterfaceTelegram:24 - ByteEncoder
2025-10-28 23:18:27 [main] INFO  InterfaceTelegram:26 - TelegramIn(header=TelegramHeader(msg_len=803, gid_sysname=LeRuccoLOQ, gid_yyyyymmdd=20251028, gid_hhmmss=231827, gid_seq=002, gid_pid=00000, gid_stat=00, tx_code=SAZ06F010U, inst_no=MTI, send_rspn_type=S, rspn_svc_code=, ori_global_id=LeRuccoL202510282318270020000000, ori_send_time=20251028231827000160, chnl_id=WEB, client_ip_no=0:0:0:0:0:0:0:1, client_mac=, scrn_id=FileUpload, scrn_lock_yn=N, op_id=1787130271, xa_begin_flag=0, send_time=20251028231827000160, rspn_time=, sync_type=A, async_rspn_yn=0, call_depth=0, msg_count_no=0, ttl_use_flag=0, ttl_from_time=, ttl=0, long_msg_type=1, err_flag=0, err_src=, err_type=, err_code=, dst_inst_code=, fail_knd=null, ap_host_name=null, ap_caller_id=null, inf_id=, lang_type=EN, reserved=), data=TelegramInData(dataType=D, length=300, reserved=null, data=FileInVo(attach_file_id=null, attach_file_clcd=div1, attach_file_expl=desc1, upd_yn=N, req_clcd=U1, sub1Vos=[FileInSub1Vo(attach_file_id=null, attach_file_seq_no=null, attach_file_clcd=null, del_yn=null, file_nm=v2.jpg, upl_file_size=52277, upl_file_nm=null, file_path=D:/bcap/div1, pfr_rank=0, inp_usr_id=1787130271, inp_pgm_id=FileUpload, chng_usr_id=null, chng_pgm_id=null)])), tail=@@)
2025-10-28 23:20:52 [main] INFO  FileManagerTest:55 - Starting FileManagerTest using Java 21.0.6 on LeRuccoLOQ with PID 25708 (started by drucc in C:\bcap\bcap-be)
2025-10-28 23:20:52 [main] INFO  FileManagerTest:632 - No active profile set, falling back to 1 default profile: "default"
2025-10-28 23:20:54 [main] WARN  UserDetailsServiceAutoConfiguration:89 - 

Using generated security password: 39e17170-130c-4e58-9763-f15927777da1

This generated password is for development use only. Your security configuration must be updated before running your application in production.

2025-10-28 23:20:54 [main] INFO  DefaultSecurityFilterChain:55 - Will secure any request with [org.springframework.security.web.session.DisableEncodeUrlFilter@32a4ecbe, org.springframework.security.web.context.request.async.WebAsyncManagerIntegrationFilter@2e71240b, org.springframework.security.web.context.SecurityContextPersistenceFilter@45292ec1, org.springframework.security.web.header.HeaderWriterFilter@f2b90fc, org.springframework.web.filter.CorsFilter@23cd5d42, org.springframework.security.web.authentication.logout.LogoutFilter@787e4357, maas.bcap.security.JwtAuthFilter@2b44d6d0, org.springframework.security.web.savedrequest.RequestCacheAwareFilter@1ad9b8d3, org.springframework.security.web.servletapi.SecurityContextHolderAwareRequestFilter@656a3d6b, org.springframework.security.web.authentication.AnonymousAuthenticationFilter@3e900e1a, org.springframework.security.web.session.SessionManagementFilter@faea4da, org.springframework.security.web.access.ExceptionTranslationFilter@149b4d20, org.springframework.security.web.access.intercept.AuthorizationFilter@a85644c]
2025-10-28 23:20:55 [main] INFO  EndpointLinksResolver:58 - Exposing 1 endpoint(s) beneath base path '/actuator'
2025-10-28 23:20:55 [main] INFO  FileManagerTest:61 - Started FileManagerTest in 4.031 seconds (JVM running for 5.535)
2025-10-28 23:20:56 [main] INFO  FileManagerTest:38 - TelegramUserDataInput(tx_code=SAZ06F010U, client_ip_no=0:0:0:0:0:0:0:1, client_mac=, scrn_id=FileUpload, op_id=1787130271, sync_type=A, async_rspn_yn=0, rspn_svc_code=, ttl_use_flag=0, ttl=0, long_msg_type=1, dst_inst_code=null, fail_knd=null, ap_host_name=null, ap_caller_id=null, lang_type=EN)
2025-10-28 23:20:56 [main] INFO  FileManagerTest:72 - FileInVo(attach_file_id=null, attach_file_clcd=div1, attach_file_expl=desc1, upd_yn=N, req_clcd=U1, sub1Vos=[FileInSub1Vo(attach_file_id=null, attach_file_seq_no=null, attach_file_clcd=null, del_yn=null, file_nm=v2.jpg, upl_file_size=52277, upl_file_nm=null, file_path=D:/bcap/div1, pfr_rank=0, inp_usr_id=1787130271, inp_pgm_id=FileUpload, chng_usr_id=null, chng_pgm_id=null)])
2025-10-28 23:20:56 [main] INFO  InterfaceTelegram:19 - #################### Interface Tuxedo ####################
2025-10-28 23:20:56 [main] INFO  InterfaceTelegram:20 - FileInVo(attach_file_id=null, attach_file_clcd=div1, attach_file_expl=desc1, upd_yn=N, req_clcd=U1, sub1Vos=[FileInSub1Vo(attach_file_id=null, attach_file_seq_no=null, attach_file_clcd=null, del_yn=null, file_nm=v2.jpg, upl_file_size=52277, upl_file_nm=null, file_path=D:/bcap/div1, pfr_rank=0, inp_usr_id=1787130271, inp_pgm_id=FileUpload, chng_usr_id=null, chng_pgm_id=null)])
2025-10-28 23:20:56 [main] INFO  InterfaceTelegram:21 - FileOutVo(rson_cd=null, attach_file_id=null, attach_file_clcd=null, attach_file_expl=null, upd_yn=null, req_clcd=null, sub1Vos=null)
2025-10-28 23:20:56 [main] INFO  InterfaceTelegram:24 - ByteEncoder
2025-10-28 23:20:56 [main] INFO  InterfaceTelegram:26 - TelegramIn(header=TelegramHeader(msg_len=803, gid_sysname=LeRuccoLOQ, gid_yyyyymmdd=20251028, gid_hhmmss=232056, gid_seq=002, gid_pid=00000, gid_stat=00, tx_code=SAZ06F010U, inst_no=MTI, send_rspn_type=S, rspn_svc_code=, ori_global_id=LeRuccoL202510282320560020000000, ori_send_time=20251028232056000224, chnl_id=WEB, client_ip_no=0:0:0:0:0:0:0:1, client_mac=, scrn_id=FileUpload, scrn_lock_yn=N, op_id=1787130271, xa_begin_flag=0, send_time=20251028232056000224, rspn_time=, sync_type=A, async_rspn_yn=0, call_depth=0, msg_count_no=0, ttl_use_flag=0, ttl_from_time=, ttl=0, long_msg_type=1, err_flag=0, err_src=, err_type=, err_code=, dst_inst_code=, fail_knd=null, ap_host_name=null, ap_caller_id=null, inf_id=, lang_type=EN, reserved=), data=TelegramInData(dataType=D, length=300, reserved=null, data=FileInVo(attach_file_id=null, attach_file_clcd=div1, attach_file_expl=desc1, upd_yn=N, req_clcd=U1, sub1Vos=[FileInSub1Vo(attach_file_id=null, attach_file_seq_no=null, attach_file_clcd=null, del_yn=null, file_nm=v2.jpg, upl_file_size=52277, upl_file_nm=null, file_path=D:/bcap/div1, pfr_rank=0, inp_usr_id=1787130271, inp_pgm_id=FileUpload, chng_usr_id=null, chng_pgm_id=null)])), tail=@@)
2025-10-28 23:21:28 [main] INFO  FileManagerTest:55 - Starting FileManagerTest using Java 21.0.6 on LeRuccoLOQ with PID 24196 (started by drucc in C:\bcap\bcap-be)
2025-10-28 23:21:28 [main] INFO  FileManagerTest:632 - No active profile set, falling back to 1 default profile: "default"
2025-10-28 23:21:30 [main] WARN  UserDetailsServiceAutoConfiguration:89 - 

Using generated security password: 7430f149-e342-4da2-b92a-fd0d88383944

This generated password is for development use only. Your security configuration must be updated before running your application in production.

2025-10-28 23:21:30 [main] INFO  DefaultSecurityFilterChain:55 - Will secure any request with [org.springframework.security.web.session.DisableEncodeUrlFilter@7fbd3e75, org.springframework.security.web.context.request.async.WebAsyncManagerIntegrationFilter@198536f6, org.springframework.security.web.context.SecurityContextPersistenceFilter@27dc627a, org.springframework.security.web.header.HeaderWriterFilter@28babeca, org.springframework.web.filter.CorsFilter@7fdd43cd, org.springframework.security.web.authentication.logout.LogoutFilter@ea7a4c3, maas.bcap.security.JwtAuthFilter@3a38f122, org.springframework.security.web.savedrequest.RequestCacheAwareFilter@525b1b70, org.springframework.security.web.servletapi.SecurityContextHolderAwareRequestFilter@661d6bb6, org.springframework.security.web.authentication.AnonymousAuthenticationFilter@2ce03e86, org.springframework.security.web.session.SessionManagementFilter@64e7d698, org.springframework.security.web.access.ExceptionTranslationFilter@3dce6dd8, org.springframework.security.web.access.intercept.AuthorizationFilter@160e99e0]
2025-10-28 23:21:31 [main] INFO  EndpointLinksResolver:58 - Exposing 1 endpoint(s) beneath base path '/actuator'
2025-10-28 23:21:31 [main] INFO  FileManagerTest:61 - Started FileManagerTest in 3.497 seconds (JVM running for 4.836)
2025-10-28 23:21:31 [main] INFO  FileManagerTest:38 - TelegramUserDataInput(tx_code=SAZ06F010U, client_ip_no=0:0:0:0:0:0:0:1, client_mac=, scrn_id=FileUpload, op_id=1787130271, sync_type=A, async_rspn_yn=0, rspn_svc_code=, ttl_use_flag=0, ttl=0, long_msg_type=1, dst_inst_code=null, fail_knd=null, ap_host_name=null, ap_caller_id=null, lang_type=EN)
2025-10-28 23:21:31 [main] INFO  FileManagerTest:72 - FileInVo(attach_file_id=null, attach_file_clcd=div1, attach_file_expl=desc1, upd_yn=N, req_clcd=U1, sub1Vos=[FileInSub1Vo(attach_file_id=null, attach_file_seq_no=null, attach_file_clcd=null, del_yn=null, file_nm=v2.jpg, upl_file_size=52277, upl_file_nm=null, file_path=D:/bcap/div1, pfr_rank=0, inp_usr_id=1787130271, inp_pgm_id=FileUpload, chng_usr_id=null, chng_pgm_id=null)])
2025-10-28 23:21:31 [main] INFO  InterfaceTelegram:19 - #################### Interface Tuxedo ####################
2025-10-28 23:21:31 [main] INFO  InterfaceTelegram:20 - FileInVo(attach_file_id=null, attach_file_clcd=div1, attach_file_expl=desc1, upd_yn=N, req_clcd=U1, sub1Vos=[FileInSub1Vo(attach_file_id=null, attach_file_seq_no=null, attach_file_clcd=null, del_yn=null, file_nm=v2.jpg, upl_file_size=52277, upl_file_nm=null, file_path=D:/bcap/div1, pfr_rank=0, inp_usr_id=1787130271, inp_pgm_id=FileUpload, chng_usr_id=null, chng_pgm_id=null)])
2025-10-28 23:21:31 [main] INFO  InterfaceTelegram:21 - FileOutVo(rson_cd=null, attach_file_id=null, attach_file_clcd=null, attach_file_expl=null, upd_yn=null, req_clcd=null, sub1Vos=null)
2025-10-28 23:21:31 [main] INFO  InterfaceTelegram:24 - ByteEncoder
2025-10-28 23:21:31 [main] INFO  InterfaceTelegram:26 - TelegramIn(header=TelegramHeader(msg_len=803, gid_sysname=LeRuccoLOQ, gid_yyyyymmdd=20251028, gid_hhmmss=232131, gid_seq=002, gid_pid=00000, gid_stat=00, tx_code=SAZ06F010U, inst_no=MTI, send_rspn_type=S, rspn_svc_code=, ori_global_id=LeRuccoL202510282321310020000000, ori_send_time=20251028232131000858, chnl_id=WEB, client_ip_no=0:0:0:0:0:0:0:1, client_mac=, scrn_id=FileUpload, scrn_lock_yn=N, op_id=1787130271, xa_begin_flag=0, send_time=20251028232131000859, rspn_time=, sync_type=A, async_rspn_yn=0, call_depth=0, msg_count_no=0, ttl_use_flag=0, ttl_from_time=, ttl=0, long_msg_type=1, err_flag=0, err_src=, err_type=, err_code=, dst_inst_code=, fail_knd=null, ap_host_name=null, ap_caller_id=null, inf_id=, lang_type=EN, reserved=), data=TelegramInData(dataType=D, length=300, reserved=null, data=FileInVo(attach_file_id=null, attach_file_clcd=div1, attach_file_expl=desc1, upd_yn=N, req_clcd=U1, sub1Vos=[FileInSub1Vo(attach_file_id=null, attach_file_seq_no=null, attach_file_clcd=null, del_yn=null, file_nm=v2.jpg, upl_file_size=52277, upl_file_nm=null, file_path=D:/bcap/div1, pfr_rank=0, inp_usr_id=1787130271, inp_pgm_id=FileUpload, chng_usr_id=null, chng_pgm_id=null)])), tail=@@)
2025-10-28 23:23:08 [main] INFO  FileManagerTest:55 - Starting FileManagerTest using Java 21.0.6 on LeRuccoLOQ with PID 22816 (started by drucc in C:\bcap\bcap-be)
2025-10-28 23:23:08 [main] INFO  FileManagerTest:632 - No active profile set, falling back to 1 default profile: "default"
2025-10-28 23:23:10 [main] WARN  UserDetailsServiceAutoConfiguration:89 - 

Using generated security password: 135f8835-a0d7-4320-bbec-b2ee2c2d8b6f

This generated password is for development use only. Your security configuration must be updated before running your application in production.

2025-10-28 23:23:10 [main] INFO  DefaultSecurityFilterChain:55 - Will secure any request with [org.springframework.security.web.session.DisableEncodeUrlFilter@3cc053, org.springframework.security.web.context.request.async.WebAsyncManagerIntegrationFilter@388c519, org.springframework.security.web.context.SecurityContextPersistenceFilter@1a950fdd, org.springframework.security.web.header.HeaderWriterFilter@45292ec1, org.springframework.web.filter.CorsFilter@7fbd3e75, org.springframework.security.web.authentication.logout.LogoutFilter@4e8b357d, maas.bcap.security.JwtAuthFilter@198536f6, org.springframework.security.web.savedrequest.RequestCacheAwareFilter@570ba13, org.springframework.security.web.servletapi.SecurityContextHolderAwareRequestFilter@16f0ec18, org.springframework.security.web.authentication.AnonymousAuthenticationFilter@7fdd43cd, org.springframework.security.web.session.SessionManagementFilter@7f3ca64a, org.springframework.security.web.access.ExceptionTranslationFilter@faea4da, org.springframework.security.web.access.intercept.AuthorizationFilter@5934153e]
2025-10-28 23:23:11 [main] INFO  EndpointLinksResolver:58 - Exposing 1 endpoint(s) beneath base path '/actuator'
2025-10-28 23:23:11 [main] INFO  FileManagerTest:61 - Started FileManagerTest in 3.746 seconds (JVM running for 5.184)
2025-10-28 23:23:11 [main] INFO  FileManagerTest:38 - TelegramUserDataInput(tx_code=SAZ06F010U, client_ip_no=0:0:0:0:0:0:0:1, client_mac=, scrn_id=FileUpload, op_id=1787130271, sync_type=A, async_rspn_yn=0, rspn_svc_code=, ttl_use_flag=0, ttl=0, long_msg_type=1, dst_inst_code=null, fail_knd=null, ap_host_name=null, ap_caller_id=null, lang_type=EN)
2025-10-28 23:23:11 [main] INFO  FileManagerTest:72 - FileInVo(attach_file_id=null, attach_file_clcd=div1, attach_file_expl=desc1, upd_yn=N, req_clcd=U1, sub1Vos=[FileInSub1Vo(attach_file_id=null, attach_file_seq_no=null, attach_file_clcd=null, del_yn=null, file_nm=v2.jpg, upl_file_size=52277, upl_file_nm=null, file_path=D:/bcap/div1, pfr_rank=0, inp_usr_id=1787130271, inp_pgm_id=FileUpload, chng_usr_id=null, chng_pgm_id=null)])
2025-10-28 23:23:11 [main] INFO  InterfaceTelegram:19 - #################### Interface Tuxedo ####################
2025-10-28 23:23:11 [main] INFO  InterfaceTelegram:20 - FileInVo(attach_file_id=null, attach_file_clcd=div1, attach_file_expl=desc1, upd_yn=N, req_clcd=U1, sub1Vos=[FileInSub1Vo(attach_file_id=null, attach_file_seq_no=null, attach_file_clcd=null, del_yn=null, file_nm=v2.jpg, upl_file_size=52277, upl_file_nm=null, file_path=D:/bcap/div1, pfr_rank=0, inp_usr_id=1787130271, inp_pgm_id=FileUpload, chng_usr_id=null, chng_pgm_id=null)])
2025-10-28 23:23:12 [main] INFO  InterfaceTelegram:21 - FileOutVo(rson_cd=null, attach_file_id=null, attach_file_clcd=null, attach_file_expl=null, upd_yn=null, req_clcd=null, sub1Vos=null)
2025-10-28 23:23:12 [main] INFO  InterfaceTelegram:24 - ByteEncoder
2025-10-28 23:23:12 [main] INFO  InterfaceTelegram:26 - TelegramIn(header=TelegramHeader(msg_len=803, gid_sysname=LeRuccoLOQ, gid_yyyyymmdd=20251028, gid_hhmmss=232312, gid_seq=002, gid_pid=00000, gid_stat=00, tx_code=SAZ06F010U, inst_no=MTI, send_rspn_type=S, rspn_svc_code=, ori_global_id=LeRuccoL202510282323120020000000, ori_send_time=20251028232312000025, chnl_id=WEB, client_ip_no=0:0:0:0:0:0:0:1, client_mac=, scrn_id=FileUpload, scrn_lock_yn=N, op_id=1787130271, xa_begin_flag=0, send_time=20251028232312000025, rspn_time=, sync_type=A, async_rspn_yn=0, call_depth=0, msg_count_no=0, ttl_use_flag=0, ttl_from_time=, ttl=0, long_msg_type=1, err_flag=0, err_src=, err_type=, err_code=, dst_inst_code=, fail_knd=null, ap_host_name=null, ap_caller_id=null, inf_id=, lang_type=EN, reserved=), data=TelegramInData(dataType=D, length=300, reserved=null, data=FileInVo(attach_file_id=null, attach_file_clcd=div1, attach_file_expl=desc1, upd_yn=N, req_clcd=U1, sub1Vos=[FileInSub1Vo(attach_file_id=null, attach_file_seq_no=null, attach_file_clcd=null, del_yn=null, file_nm=v2.jpg, upl_file_size=52277, upl_file_nm=null, file_path=D:/bcap/div1, pfr_rank=0, inp_usr_id=1787130271, inp_pgm_id=FileUpload, chng_usr_id=null, chng_pgm_id=null)])), tail=@@)
2025-10-28 23:24:42 [main] INFO  FileManagerTest:55 - Starting FileManagerTest using Java 21.0.6 on LeRuccoLOQ with PID 3316 (started by drucc in C:\bcap\bcap-be)
2025-10-28 23:24:42 [main] INFO  FileManagerTest:632 - No active profile set, falling back to 1 default profile: "default"
2025-10-28 23:24:43 [main] WARN  UserDetailsServiceAutoConfiguration:89 - 

Using generated security password: 7404f28f-825d-4f0a-a9b2-88370cbaf9fa

This generated password is for development use only. Your security configuration must be updated before running your application in production.

2025-10-28 23:24:43 [main] INFO  DefaultSecurityFilterChain:55 - Will secure any request with [org.springframework.security.web.session.DisableEncodeUrlFilter@32a4ecbe, org.springframework.security.web.context.request.async.WebAsyncManagerIntegrationFilter@2e71240b, org.springframework.security.web.context.SecurityContextPersistenceFilter@45292ec1, org.springframework.security.web.header.HeaderWriterFilter@f2b90fc, org.springframework.web.filter.CorsFilter@23cd5d42, org.springframework.security.web.authentication.logout.LogoutFilter@787e4357, maas.bcap.security.JwtAuthFilter@2b44d6d0, org.springframework.security.web.savedrequest.RequestCacheAwareFilter@1ad9b8d3, org.springframework.security.web.servletapi.SecurityContextHolderAwareRequestFilter@656a3d6b, org.springframework.security.web.authentication.AnonymousAuthenticationFilter@3e900e1a, org.springframework.security.web.session.SessionManagementFilter@faea4da, org.springframework.security.web.access.ExceptionTranslationFilter@149b4d20, org.springframework.security.web.access.intercept.AuthorizationFilter@a85644c]
2025-10-28 23:24:44 [main] INFO  EndpointLinksResolver:58 - Exposing 1 endpoint(s) beneath base path '/actuator'
2025-10-28 23:24:44 [main] INFO  FileManagerTest:61 - Started FileManagerTest in 2.882 seconds (JVM running for 3.9)
2025-10-28 23:24:44 [main] INFO  InterfaceTelegramTest:21 - ################################### Request START ###################################
2025-10-28 23:24:44 [main] INFO  InterfaceTelegramTest:37 - SAC02F452RInVo(page_no=1, page_size=10, mid=71000204442, auth_no=null, auth_strt_date=20240101, auth_end_date=20240919, pmt_strt_date=null, pmt_end_date=null)
2025-10-28 23:24:44 [main] INFO  InterfaceTelegramTest:42 - 00000585LeRuccoL202510282324440020000000SAC02F452R              MTI S                        LeRuccoL20251028232444002000000020251028232444000951WEB       172.16.20.11                                WED030120H N1787130271     020251028232444000951                    A000000      00010                                                                        EN                                                                                                                                             D00000082                     00000100001071000204442      2024010120240919                @@
2025-10-28 23:24:44 [main] INFO  InterfaceTelegramTest:43 - ################################### Request END ###################################
2025-10-28 23:25:42 [main] INFO  FileManagerTest:55 - Starting FileManagerTest using Java 21.0.6 on LeRuccoLOQ with PID 10824 (started by drucc in C:\bcap\bcap-be)
2025-10-28 23:25:42 [main] INFO  FileManagerTest:632 - No active profile set, falling back to 1 default profile: "default"
2025-10-28 23:25:44 [main] WARN  UserDetailsServiceAutoConfiguration:89 - 

Using generated security password: ec10a50c-b3c5-4b41-a66d-77c2b40b79dc

This generated password is for development use only. Your security configuration must be updated before running your application in production.

2025-10-28 23:25:44 [main] INFO  DefaultSecurityFilterChain:55 - Will secure any request with [org.springframework.security.web.session.DisableEncodeUrlFilter@7fbd3e75, org.springframework.security.web.context.request.async.WebAsyncManagerIntegrationFilter@198536f6, org.springframework.security.web.context.SecurityContextPersistenceFilter@27dc627a, org.springframework.security.web.header.HeaderWriterFilter@28babeca, org.springframework.web.filter.CorsFilter@7fdd43cd, org.springframework.security.web.authentication.logout.LogoutFilter@ea7a4c3, maas.bcap.security.JwtAuthFilter@3a38f122, org.springframework.security.web.savedrequest.RequestCacheAwareFilter@525b1b70, org.springframework.security.web.servletapi.SecurityContextHolderAwareRequestFilter@661d6bb6, org.springframework.security.web.authentication.AnonymousAuthenticationFilter@2ce03e86, org.springframework.security.web.session.SessionManagementFilter@64e7d698, org.springframework.security.web.access.ExceptionTranslationFilter@3dce6dd8, org.springframework.security.web.access.intercept.AuthorizationFilter@160e99e0]
2025-10-28 23:25:45 [main] INFO  EndpointLinksResolver:58 - Exposing 1 endpoint(s) beneath base path '/actuator'
2025-10-28 23:25:45 [main] INFO  FileManagerTest:61 - Started FileManagerTest in 2.927 seconds (JVM running for 3.953)
2025-10-28 23:25:45 [main] INFO  InterfaceTelegramTest:21 - ################################### Request START ###################################
2025-10-28 23:25:45 [main] INFO  InterfaceTelegramTest:37 - SAC02F452RInVo(page_no=1, page_size=10, mid=71000204442, auth_no=null, auth_strt_date=20240101, auth_end_date=20240919, pmt_strt_date=null, pmt_end_date=null)
2025-10-28 23:25:45 [main] INFO  InterfaceTelegramTest:42 - 00000585LeRuccoL202510282325450020000000SAC02F452R              MTI S                        LeRuccoL20251028232545002000000020251028232545000802WEB       172.16.20.11                                WED030120H N1787130271     020251028232545000802                    A000000      00010                                                                        EN                                                                                                                                             D00000082                     00000100001071000204442      2024010120240919                @@
2025-10-28 23:25:45 [main] INFO  InterfaceTelegramTest:43 - ################################### Request END ###################################
2025-10-28 23:25:45 [main] INFO  InterfaceTelegramTest:21 - ################################### Request START ###################################
2025-10-28 23:25:45 [main] INFO  InterfaceTelegramTest:37 - FileInVo(attach_file_id=null, attach_file_clcd=div1, attach_file_expl=desc1, upd_yn=N, req_clcd=U1, sub1Vos=[FileInSub1Vo(attach_file_id=null, attach_file_seq_no=null, attach_file_clcd=null, del_yn=null, file_nm=v2.jpg, upl_file_size=52277, upl_file_nm=null, file_path=D:/bcap/div1, pfr_rank=0, inp_usr_id=1787130271, inp_pgm_id=FileUpload, chng_usr_id=null, chng_pgm_id=null)])
2025-10-28 23:27:23 [main] INFO  FileManagerTest:55 - Starting FileManagerTest using Java 21.0.6 on LeRuccoLOQ with PID 11632 (started by drucc in C:\bcap\bcap-be)
2025-10-28 23:27:23 [main] INFO  FileManagerTest:632 - No active profile set, falling back to 1 default profile: "default"
2025-10-28 23:27:25 [main] WARN  UserDetailsServiceAutoConfiguration:89 - 

Using generated security password: 840e2ca8-3d05-4f4b-9d5f-15fb913f1c0b

This generated password is for development use only. Your security configuration must be updated before running your application in production.

2025-10-28 23:27:25 [main] INFO  DefaultSecurityFilterChain:55 - Will secure any request with [org.springframework.security.web.session.DisableEncodeUrlFilter@48268eec, org.springframework.security.web.context.request.async.WebAsyncManagerIntegrationFilter@69a024a0, org.springframework.security.web.context.SecurityContextPersistenceFilter@faea4da, org.springframework.security.web.header.HeaderWriterFilter@149b4d20, org.springframework.web.filter.CorsFilter@4bf80c29, org.springframework.security.web.authentication.logout.LogoutFilter@12417468, maas.bcap.security.JwtAuthFilter@2d7637e6, org.springframework.security.web.savedrequest.RequestCacheAwareFilter@69f2cb04, org.springframework.security.web.servletapi.SecurityContextHolderAwareRequestFilter@3a7c678b, org.springframework.security.web.authentication.AnonymousAuthenticationFilter@515b9d4a, org.springframework.security.web.session.SessionManagementFilter@79a13920, org.springframework.security.web.access.ExceptionTranslationFilter@52ca2652, org.springframework.security.web.access.intercept.AuthorizationFilter@7d42404e]
2025-10-28 23:27:26 [main] INFO  EndpointLinksResolver:58 - Exposing 1 endpoint(s) beneath base path '/actuator'
2025-10-28 23:27:26 [main] INFO  FileManagerTest:61 - Started FileManagerTest in 2.902 seconds (JVM running for 4.008)
2025-10-28 23:27:26 [main] INFO  InterfaceTelegramTest:21 - ################################### Request START ###################################
2025-10-28 23:27:26 [main] INFO  InterfaceTelegramTest:37 - SAC02F452RInVo(page_no=1, page_size=10, mid=71000204442, auth_no=null, auth_strt_date=20240101, auth_end_date=20240919, pmt_strt_date=null, pmt_end_date=null)
2025-10-28 23:27:26 [main] INFO  InterfaceTelegramTest:42 - 00000585LeRuccoL202510282327260020000000SAC02F452R              MTI S                        LeRuccoL20251028232726002000000020251028232726000379WEB       172.16.20.11                                WED030120H N1787130271     020251028232726000379                    A000000      00010                                                                        EN                                                                                                                                             D00000082                     00000100001071000204442      2024010120240919                @@
2025-10-28 23:27:26 [main] INFO  InterfaceTelegramTest:43 - ################################### Request END ###################################
2025-10-28 23:27:26 [main] INFO  InterfaceTelegramTest:21 - ################################### Request START ###################################
2025-10-28 23:27:26 [main] INFO  InterfaceTelegramTest:37 - FileInSub1Vo(attach_file_id=null, attach_file_seq_no=null, attach_file_clcd=null, del_yn=null, file_nm=v2.jpg, upl_file_size=52277, upl_file_nm=null, file_path=D:/bcap/div1, pfr_rank=0, inp_usr_id=1787130271, inp_pgm_id=FileUpload, chng_usr_id=null, chng_pgm_id=null)
2025-10-28 23:27:26 [main] INFO  InterfaceTelegramTest:42 - 00001539LeRuccoL202510282327260030000000SAC02F452R              MTI S                        LeRuccoL20251028232726003000000020251028232726000398WEB       172.16.20.11                                WED030120H N1787130271     020251028232726000398                    A000000      00010                                                                        EN                                                                                                                                             D00001036                                      v2.jpg                                                                                                                                                                                                  000000000000000052277                                                                                                                                                                                                                            D:/bcap/div1                                                                                                                                                                                                                                                                                                                                                                                                                                                                                                        000001787130271     FileUpload                           @@
2025-10-28 23:27:26 [main] INFO  InterfaceTelegramTest:43 - ################################### Request END ###################################
2025-10-28 23:32:51 [main] INFO  FileManagerTest:55 - Starting FileManagerTest using Java 21.0.6 on LeRuccoLOQ with PID 12680 (started by drucc in C:\bcap\bcap-be)
2025-10-28 23:32:52 [main] INFO  FileManagerTest:632 - No active profile set, falling back to 1 default profile: "default"
2025-10-28 23:32:53 [main] WARN  UserDetailsServiceAutoConfiguration:89 - 

Using generated security password: 9fcd96d9-3b90-45da-9f72-922e8d93fd3b

This generated password is for development use only. Your security configuration must be updated before running your application in production.

2025-10-28 23:32:53 [main] INFO  DefaultSecurityFilterChain:55 - Will secure any request with [org.springframework.security.web.session.DisableEncodeUrlFilter@3cc053, org.springframework.security.web.context.request.async.WebAsyncManagerIntegrationFilter@388c519, org.springframework.security.web.context.SecurityContextPersistenceFilter@1a950fdd, org.springframework.security.web.header.HeaderWriterFilter@45292ec1, org.springframework.web.filter.CorsFilter@7fbd3e75, org.springframework.security.web.authentication.logout.LogoutFilter@4e8b357d, maas.bcap.security.JwtAuthFilter@198536f6, org.springframework.security.web.savedrequest.RequestCacheAwareFilter@570ba13, org.springframework.security.web.servletapi.SecurityContextHolderAwareRequestFilter@16f0ec18, org.springframework.security.web.authentication.AnonymousAuthenticationFilter@7fdd43cd, org.springframework.security.web.session.SessionManagementFilter@7f3ca64a, org.springframework.security.web.access.ExceptionTranslationFilter@faea4da, org.springframework.security.web.access.intercept.AuthorizationFilter@5934153e]
2025-10-28 23:32:54 [main] INFO  EndpointLinksResolver:58 - Exposing 1 endpoint(s) beneath base path '/actuator'
2025-10-28 23:32:54 [main] INFO  FileManagerTest:61 - Started FileManagerTest in 2.812 seconds (JVM running for 3.777)
2025-10-28 23:32:54 [main] INFO  InterfaceTelegramTest:21 - ################################### Request START ###################################
2025-10-28 23:32:54 [main] INFO  InterfaceTelegramTest:37 - SAC02F452RInVo(page_no=1, page_size=10, mid=71000204442, auth_no=null, auth_strt_date=20240101, auth_end_date=20240919, pmt_strt_date=null, pmt_end_date=null)
2025-10-28 23:32:54 [main] INFO  InterfaceTelegramTest:42 - 00000585LeRuccoL202510282332540020000000SAC02F452R              MTI S                        LeRuccoL20251028233254002000000020251028233254000743WEB       172.16.20.11                                WED030120H N1787130271     020251028233254000743                    A000000      00010                                                                        EN                                                                                                                                             D00000082                     00000100001071000204442      2024010120240919                @@
2025-10-28 23:32:54 [main] INFO  InterfaceTelegramTest:43 - ################################### Request END ###################################
2025-10-28 23:32:54 [main] INFO  InterfaceTelegramTest:21 - ################################### Request START ###################################
2025-10-28 23:32:54 [main] INFO  InterfaceTelegramTest:37 - SAC04V127UInVo(dummy=null, sub1_vo=[SAC04V127UInSub1Vo(row_no=1, pmt_date=20230331, acq_mb_no=008, mid=71000204442, auth_batch_no=308800350789, pmt_seq_no=1, reg_date=20230331, reg_seq_no=1)])
2025-10-28 23:33:41 [main] INFO  FileManagerTest:55 - Starting FileManagerTest using Java 21.0.6 on LeRuccoLOQ with PID 18892 (started by drucc in C:\bcap\bcap-be)
2025-10-28 23:33:41 [main] INFO  FileManagerTest:632 - No active profile set, falling back to 1 default profile: "default"
2025-10-28 23:33:42 [main] WARN  UserDetailsServiceAutoConfiguration:89 - 

Using generated security password: 15595627-96de-4b0b-b7b5-eec575418b7e

This generated password is for development use only. Your security configuration must be updated before running your application in production.

2025-10-28 23:33:42 [main] INFO  DefaultSecurityFilterChain:55 - Will secure any request with [org.springframework.security.web.session.DisableEncodeUrlFilter@2e71240b, org.springframework.security.web.context.request.async.WebAsyncManagerIntegrationFilter@23cd5d42, org.springframework.security.web.context.SecurityContextPersistenceFilter@3a7c678b, org.springframework.security.web.header.HeaderWriterFilter@2bb41f5c, org.springframework.web.filter.CorsFilter@2b44d6d0, org.springframework.security.web.authentication.logout.LogoutFilter@392781e, maas.bcap.security.JwtAuthFilter@3e900e1a, org.springframework.security.web.savedrequest.RequestCacheAwareFilter@168ad26f, org.springframework.security.web.servletapi.SecurityContextHolderAwareRequestFilter@25b38203, org.springframework.security.web.authentication.AnonymousAuthenticationFilter@196624bf, org.springframework.security.web.session.SessionManagementFilter@19b02dfd, org.springframework.security.web.access.ExceptionTranslationFilter@664e848c, org.springframework.security.web.access.intercept.AuthorizationFilter@8054fe2]
2025-10-28 23:33:44 [main] INFO  EndpointLinksResolver:58 - Exposing 1 endpoint(s) beneath base path '/actuator'
2025-10-28 23:33:44 [main] INFO  FileManagerTest:61 - Started FileManagerTest in 3.674 seconds (JVM running for 5.042)
2025-10-28 23:33:44 [main] INFO  InterfaceTelegramTest:21 - ################################### Request START ###################################
2025-10-28 23:33:44 [main] INFO  InterfaceTelegramTest:37 - SAC04V127UInVo(dummy=null, sub1_vo=[SAC04V127UInSub1Vo(row_no=1, pmt_date=20230331, acq_mb_no=008, mid=71000204442, auth_batch_no=308800350789, pmt_seq_no=1, reg_date=20230331, reg_seq_no=1)])
2025-10-28 23:40:40 [main] INFO  FileManagerTest:55 - Starting FileManagerTest using Java 21.0.6 on LeRuccoLOQ with PID 26780 (started by drucc in C:\bcap\bcap-be)
2025-10-28 23:40:40 [main] INFO  FileManagerTest:632 - No active profile set, falling back to 1 default profile: "default"
2025-10-28 23:40:41 [main] WARN  UserDetailsServiceAutoConfiguration:89 - 

Using generated security password: b3ecb9fd-8ae7-43c1-8df2-7d2696a64dea

This generated password is for development use only. Your security configuration must be updated before running your application in production.

2025-10-28 23:40:42 [main] INFO  DefaultSecurityFilterChain:55 - Will secure any request with [org.springframework.security.web.session.DisableEncodeUrlFilter@2e71240b, org.springframework.security.web.context.request.async.WebAsyncManagerIntegrationFilter@23cd5d42, org.springframework.security.web.context.SecurityContextPersistenceFilter@3a7c678b, org.springframework.security.web.header.HeaderWriterFilter@2bb41f5c, org.springframework.web.filter.CorsFilter@2b44d6d0, org.springframework.security.web.authentication.logout.LogoutFilter@392781e, maas.bcap.security.JwtAuthFilter@3e900e1a, org.springframework.security.web.savedrequest.RequestCacheAwareFilter@168ad26f, org.springframework.security.web.servletapi.SecurityContextHolderAwareRequestFilter@25b38203, org.springframework.security.web.authentication.AnonymousAuthenticationFilter@196624bf, org.springframework.security.web.session.SessionManagementFilter@19b02dfd, org.springframework.security.web.access.ExceptionTranslationFilter@664e848c, org.springframework.security.web.access.intercept.AuthorizationFilter@8054fe2]
2025-10-28 23:40:42 [main] INFO  EndpointLinksResolver:58 - Exposing 1 endpoint(s) beneath base path '/actuator'
2025-10-28 23:40:42 [main] INFO  FileManagerTest:61 - Started FileManagerTest in 2.845 seconds (JVM running for 3.865)
2025-10-28 23:40:43 [main] INFO  InterfaceTelegramTest:21 - ################################### Request START ###################################
2025-10-28 23:40:43 [main] INFO  InterfaceTelegramTest:37 - SAC04V127UInVo(dummy=null, sub1_vo=[SAC04V127UInSub1Vo(row_no=1, pmt_date=20230331, acq_mb_no=008, mid=71000204442, auth_batch_no=308800350789, pmt_seq_no=1, reg_date=20230331, reg_seq_no=1)])
2025-10-28 23:48:32 [main] INFO  FileManagerTest:55 - Starting FileManagerTest using Java 21.0.6 on LeRuccoLOQ with PID 22440 (started by drucc in C:\bcap\bcap-be)
2025-10-28 23:48:32 [main] INFO  FileManagerTest:632 - No active profile set, falling back to 1 default profile: "default"
2025-10-28 23:48:34 [main] WARN  UserDetailsServiceAutoConfiguration:89 - 

Using generated security password: d0e42cf8-ee42-4ec5-96e1-737f4d78dbeb

This generated password is for development use only. Your security configuration must be updated before running your application in production.

2025-10-28 23:48:34 [main] INFO  DefaultSecurityFilterChain:55 - Will secure any request with [org.springframework.security.web.session.DisableEncodeUrlFilter@5df7e31b, org.springframework.security.web.context.request.async.WebAsyncManagerIntegrationFilter@63a9c661, org.springframework.security.web.context.SecurityContextPersistenceFilter@656a3d6b, org.springframework.security.web.header.HeaderWriterFilter@79a13920, org.springframework.web.filter.CorsFilter@4b425577, org.springframework.security.web.authentication.logout.LogoutFilter@1d4f5506, maas.bcap.security.JwtAuthFilter@5934153e, org.springframework.security.web.savedrequest.RequestCacheAwareFilter@55acec99, org.springframework.security.web.servletapi.SecurityContextHolderAwareRequestFilter@4d464510, org.springframework.security.web.authentication.AnonymousAuthenticationFilter@3bb9ca38, org.springframework.security.web.session.SessionManagementFilter@3a7c678b, org.springframework.security.web.access.ExceptionTranslationFilter@2bb41f5c, org.springframework.security.web.access.intercept.AuthorizationFilter@515b9d4a]
2025-10-28 23:48:35 [main] INFO  EndpointLinksResolver:58 - Exposing 1 endpoint(s) beneath base path '/actuator'
2025-10-28 23:48:35 [main] INFO  FileManagerTest:61 - Started FileManagerTest in 4.226 seconds (JVM running for 5.632)
2025-10-28 23:48:36 [main] INFO  InterfaceTelegramTest:21 - ################################### Request START ###################################
2025-10-28 23:48:36 [main] INFO  InterfaceTelegramTest:37 - SMC04V041UInVo(sub1_vo=[SMC04V041UInSub1Vo(biz_clcd=U, supics_trns_tp_seq_no=0074, supics_trns_tp_cd=98, appl_strt_date=20240905, appl_end_date=29991231, trns_cond_expl=null, min_day_avg_sale_icr_rt=0.0, mcc_cd=null, trns_chck_strt_time=null, trns_chck_end_time=null, max_trns_cnt=0, day_max_trns_keyin_trns_rt=0.0, non_act_mcnt=0, day_max_sale_amt=0.0, day_max_trns_cnt=0, day_max_trns_amt=0.0, trns_limt_card_bin_val=null, trns_imgmt_yn=null, trns_refs_yn=null, apvl_cmpl_yn=null, apvl_auth_date=null, apvl_auth_chg_emp_no=null, apvl_req_scrn_id=null, apvl_reg_date=null, cncel_yn=null, chng_usr_id=null, inp_usr_id=null, min_sv_amt=0.0, time_frame=0)])
2025-10-28 23:49:19 [main] INFO  FileManagerTest:55 - Starting FileManagerTest using Java 21.0.6 on LeRuccoLOQ with PID 26208 (started by drucc in C:\bcap\bcap-be)
2025-10-28 23:49:19 [main] INFO  FileManagerTest:632 - No active profile set, falling back to 1 default profile: "default"
2025-10-28 23:49:21 [main] WARN  UserDetailsServiceAutoConfiguration:89 - 

Using generated security password: 24c4047d-9aa4-451e-9073-1ef59329ece9

This generated password is for development use only. Your security configuration must be updated before running your application in production.

2025-10-28 23:49:21 [main] INFO  DefaultSecurityFilterChain:55 - Will secure any request with [org.springframework.security.web.session.DisableEncodeUrlFilter@2401856, org.springframework.security.web.context.request.async.WebAsyncManagerIntegrationFilter@6d6f6860, org.springframework.security.web.context.SecurityContextPersistenceFilter@79a13920, org.springframework.security.web.header.HeaderWriterFilter@52ca2652, org.springframework.web.filter.CorsFilter@2a4f8009, org.springframework.security.web.authentication.logout.LogoutFilter@733fb462, maas.bcap.security.JwtAuthFilter@a85644c, org.springframework.security.web.savedrequest.RequestCacheAwareFilter@420a8042, org.springframework.security.web.servletapi.SecurityContextHolderAwareRequestFilter@19b02dfd, org.springframework.security.web.authentication.AnonymousAuthenticationFilter@8054fe2, org.springframework.security.web.session.SessionManagementFilter@2bb41f5c, org.springframework.security.web.access.ExceptionTranslationFilter@543d5863, org.springframework.security.web.access.intercept.AuthorizationFilter@2f79f192]
2025-10-28 23:49:22 [main] INFO  EndpointLinksResolver:58 - Exposing 1 endpoint(s) beneath base path '/actuator'
2025-10-28 23:49:22 [main] INFO  FileManagerTest:61 - Started FileManagerTest in 2.828 seconds (JVM running for 3.844)
2025-10-28 23:49:22 [main] INFO  InterfaceTelegramTest:21 - ################################### Request START ###################################
2025-10-28 23:49:22 [main] INFO  InterfaceTelegramTest:37 - SMC04V041UInVo(sub1_vo=[SMC04V041UInSub1Vo(biz_clcd=U, supics_trns_tp_seq_no=0074, supics_trns_tp_cd=98, appl_strt_date=20240905, appl_end_date=29991231, trns_cond_expl=null, min_day_avg_sale_icr_rt=0.0, mcc_cd=null, trns_chck_strt_time=null, trns_chck_end_time=null, max_trns_cnt=0, day_max_trns_keyin_trns_rt=0.0, non_act_mcnt=0, day_max_sale_amt=0.0, day_max_trns_cnt=0, day_max_trns_amt=0.0, trns_limt_card_bin_val=null, trns_imgmt_yn=null, trns_refs_yn=null, apvl_cmpl_yn=null, apvl_auth_date=null, apvl_auth_chg_emp_no=null, apvl_req_scrn_id=null, apvl_reg_date=null, cncel_yn=null, chng_usr_id=null, inp_usr_id=null, min_sv_amt=0.0, time_frame=0)])
2025-10-28 23:50:02 [main] INFO  FileManagerTest:55 - Starting FileManagerTest using Java 21.0.6 on LeRuccoLOQ with PID 11856 (started by drucc in C:\bcap\bcap-be)
2025-10-28 23:50:02 [main] INFO  FileManagerTest:632 - No active profile set, falling back to 1 default profile: "default"
2025-10-28 23:50:04 [main] WARN  UserDetailsServiceAutoConfiguration:89 - 

Using generated security password: 8e481746-6837-4423-98eb-b632fd742207

This generated password is for development use only. Your security configuration must be updated before running your application in production.

2025-10-28 23:50:04 [main] INFO  DefaultSecurityFilterChain:55 - Will secure any request with [org.springframework.security.web.session.DisableEncodeUrlFilter@475f5672, org.springframework.security.web.context.request.async.WebAsyncManagerIntegrationFilter@616a06e3, org.springframework.security.web.context.SecurityContextPersistenceFilter@b14b60a, org.springframework.security.web.header.HeaderWriterFilter@79957f11, org.springframework.web.filter.CorsFilter@42297bdf, org.springframework.security.web.authentication.logout.LogoutFilter@5f6b53ed, maas.bcap.security.JwtAuthFilter@66e827a8, org.springframework.security.web.savedrequest.RequestCacheAwareFilter@33e0c716, org.springframework.security.web.servletapi.SecurityContextHolderAwareRequestFilter@237add, org.springframework.security.web.authentication.AnonymousAuthenticationFilter@5bb911c1, org.springframework.security.web.session.SessionManagementFilter@54c425b1, org.springframework.security.web.access.ExceptionTranslationFilter@6ee88e21, org.springframework.security.web.access.intercept.AuthorizationFilter@2f9dda71]
2025-10-28 23:50:05 [main] INFO  EndpointLinksResolver:58 - Exposing 1 endpoint(s) beneath base path '/actuator'
2025-10-28 23:50:05 [main] INFO  FileManagerTest:61 - Started FileManagerTest in 3.689 seconds (JVM running for 4.88)
2025-10-28 23:50:05 [main] INFO  InterfaceTelegramTest:21 - ################################### Request START ###################################
2025-10-28 23:50:05 [main] ERROR TelegramBuilder:11 - java.lang.reflect.InaccessibleObjectException: Unable to make field private final java.lang.Object java.util.ImmutableCollections$List12.e0 accessible: module java.base does not "opens java.util" to unnamed module @add0edd
2025-10-28 23:50:05 [main] ERROR TelegramBuilder:19 - java.base/java.lang.reflect.AccessibleObject.throwInaccessibleObjectException(AccessibleObject.java:391)
2025-10-28 23:50:05 [main] ERROR TelegramBuilder:19 - java.base/java.lang.reflect.AccessibleObject.checkCanSetAccessible(AccessibleObject.java:367)
2025-10-28 23:50:05 [main] ERROR TelegramBuilder:19 - java.base/java.lang.reflect.AccessibleObject.checkCanSetAccessible(AccessibleObject.java:315)
2025-10-28 23:50:05 [main] ERROR TelegramBuilder:19 - java.base/java.lang.reflect.Field.checkCanSetAccessible(Field.java:183)
2025-10-28 23:50:05 [main] ERROR TelegramBuilder:19 - java.base/java.lang.reflect.Field.setAccessible(Field.java:177)
2025-10-28 23:50:05 [main] ERROR TelegramBuilder:19 - mti.com.telegram.util.TelegramUtil.getPacketSize(TelegramUtil.java:331)
2025-10-28 23:50:05 [main] ERROR TelegramBuilder:19 - mti.com.telegram.util.TelegramUtil.getPacketSize(TelegramUtil.java:351)
2025-10-28 23:50:05 [main] ERROR TelegramBuilder:19 - mti.com.telegram.util.TelegramUtil.getPacketSize(TelegramUtil.java:365)
2025-10-28 23:50:05 [main] ERROR TelegramBuilder:19 - mti.com.telegram.util.TelegramBuilder.makeTelegramData(TelegramBuilder.java:132)
2025-10-28 23:50:05 [main] ERROR TelegramBuilder:19 - mti.com.telegram.util.TelegramBuilder.getTelegramIn(TelegramBuilder.java:25)
2025-10-28 23:50:05 [main] ERROR TelegramBuilder:19 - mti.com.telegram.util.InterfaceTelegramTest.request(InterfaceTelegramTest.java:35)
2025-10-28 23:50:05 [main] ERROR TelegramBuilder:19 - maas.bcap.FileManagerTest.uploadRegister(FileManagerTest.java:94)
2025-10-28 23:50:05 [main] ERROR TelegramBuilder:19 - java.base/jdk.internal.reflect.DirectMethodHandleAccessor.invoke(DirectMethodHandleAccessor.java:103)
2025-10-28 23:50:05 [main] ERROR TelegramBuilder:19 - java.base/java.lang.reflect.Method.invoke(Method.java:580)
2025-10-28 23:50:05 [main] ERROR TelegramBuilder:19 - org.junit.platform.commons.util.ReflectionUtils.invokeMethod(ReflectionUtils.java:725)
2025-10-28 23:50:05 [main] ERROR TelegramBuilder:19 - org.junit.jupiter.engine.execution.MethodInvocation.proceed(MethodInvocation.java:60)
2025-10-28 23:50:05 [main] ERROR TelegramBuilder:19 - org.junit.jupiter.engine.execution.InvocationInterceptorChain$ValidatingInvocation.proceed(InvocationInterceptorChain.java:131)
2025-10-28 23:50:05 [main] ERROR TelegramBuilder:19 - org.junit.jupiter.engine.extension.TimeoutExtension.intercept(TimeoutExtension.java:149)
2025-10-28 23:50:05 [main] ERROR TelegramBuilder:19 - org.junit.jupiter.engine.extension.TimeoutExtension.interceptTestableMethod(TimeoutExtension.java:140)
2025-10-28 23:50:05 [main] ERROR TelegramBuilder:19 - org.junit.jupiter.engine.extension.TimeoutExtension.interceptTestMethod(TimeoutExtension.java:84)
2025-10-28 23:50:05 [main] ERROR TelegramBuilder:19 - org.junit.jupiter.engine.execution.ExecutableInvoker$ReflectiveInterceptorCall.lambda$ofVoidMethod$0(ExecutableInvoker.java:115)
2025-10-28 23:50:05 [main] ERROR TelegramBuilder:19 - org.junit.jupiter.engine.execution.ExecutableInvoker.lambda$invoke$0(ExecutableInvoker.java:105)
2025-10-28 23:50:05 [main] ERROR TelegramBuilder:19 - org.junit.jupiter.engine.execution.InvocationInterceptorChain$InterceptedInvocation.proceed(InvocationInterceptorChain.java:106)
2025-10-28 23:50:05 [main] ERROR TelegramBuilder:19 - org.junit.jupiter.engine.execution.InvocationInterceptorChain.proceed(InvocationInterceptorChain.java:64)
2025-10-28 23:50:05 [main] ERROR TelegramBuilder:19 - org.junit.jupiter.engine.execution.InvocationInterceptorChain.chainAndInvoke(InvocationInterceptorChain.java:45)
2025-10-28 23:50:05 [main] ERROR TelegramBuilder:19 - org.junit.jupiter.engine.execution.InvocationInterceptorChain.invoke(InvocationInterceptorChain.java:37)
2025-10-28 23:50:05 [main] ERROR TelegramBuilder:19 - org.junit.jupiter.engine.execution.ExecutableInvoker.invoke(ExecutableInvoker.java:104)
2025-10-28 23:50:05 [main] ERROR TelegramBuilder:19 - org.junit.jupiter.engine.execution.ExecutableInvoker.invoke(ExecutableInvoker.java:98)
2025-10-28 23:50:05 [main] ERROR TelegramBuilder:19 - org.junit.jupiter.engine.descriptor.TestMethodTestDescriptor.lambda$invokeTestMethod$7(TestMethodTestDescriptor.java:214)
2025-10-28 23:50:05 [main] ERROR TelegramBuilder:19 - org.junit.platform.engine.support.hierarchical.ThrowableCollector.execute(ThrowableCollector.java:73)
2025-10-28 23:50:05 [main] ERROR TelegramBuilder:19 - org.junit.jupiter.engine.descriptor.TestMethodTestDescriptor.invokeTestMethod(TestMethodTestDescriptor.java:210)
2025-10-28 23:50:05 [main] ERROR TelegramBuilder:19 - org.junit.jupiter.engine.descriptor.TestMethodTestDescriptor.execute(TestMethodTestDescriptor.java:135)
2025-10-28 23:50:05 [main] ERROR TelegramBuilder:19 - org.junit.jupiter.engine.descriptor.TestMethodTestDescriptor.execute(TestMethodTestDescriptor.java:66)
2025-10-28 23:50:05 [main] ERROR TelegramBuilder:19 - org.junit.platform.engine.support.hierarchical.NodeTestTask.lambda$executeRecursively$6(NodeTestTask.java:151)
2025-10-28 23:50:05 [main] ERROR TelegramBuilder:19 - org.junit.platform.engine.support.hierarchical.ThrowableCollector.execute(ThrowableCollector.java:73)
2025-10-28 23:50:05 [main] ERROR TelegramBuilder:19 - org.junit.platform.engine.support.hierarchical.NodeTestTask.lambda$executeRecursively$8(NodeTestTask.java:141)
2025-10-28 23:50:05 [main] ERROR TelegramBuilder:19 - org.junit.platform.engine.support.hierarchical.Node.around(Node.java:137)
2025-10-28 23:50:05 [main] ERROR TelegramBuilder:19 - org.junit.platform.engine.support.hierarchical.NodeTestTask.lambda$executeRecursively$9(NodeTestTask.java:139)
2025-10-28 23:50:05 [main] ERROR TelegramBuilder:19 - org.junit.platform.engine.support.hierarchical.ThrowableCollector.execute(ThrowableCollector.java:73)
2025-10-28 23:50:05 [main] ERROR TelegramBuilder:19 - org.junit.platform.engine.support.hierarchical.NodeTestTask.executeRecursively(NodeTestTask.java:138)
2025-10-28 23:50:05 [main] ERROR TelegramBuilder:19 - org.junit.platform.engine.support.hierarchical.NodeTestTask.execute(NodeTestTask.java:95)
2025-10-28 23:50:05 [main] ERROR TelegramBuilder:19 - java.base/java.util.ArrayList.forEach(ArrayList.java:1596)
2025-10-28 23:50:05 [main] ERROR TelegramBuilder:19 - org.junit.platform.engine.support.hierarchical.SameThreadHierarchicalTestExecutorService.invokeAll(SameThreadHierarchicalTestExecutorService.java:41)
2025-10-28 23:50:05 [main] ERROR TelegramBuilder:19 - org.junit.platform.engine.support.hierarchical.NodeTestTask.lambda$executeRecursively$6(NodeTestTask.java:155)
2025-10-28 23:50:05 [main] ERROR TelegramBuilder:19 - org.junit.platform.engine.support.hierarchical.ThrowableCollector.execute(ThrowableCollector.java:73)
2025-10-28 23:50:05 [main] ERROR TelegramBuilder:19 - org.junit.platform.engine.support.hierarchical.NodeTestTask.lambda$executeRecursively$8(NodeTestTask.java:141)
2025-10-28 23:50:05 [main] ERROR TelegramBuilder:19 - org.junit.platform.engine.support.hierarchical.Node.around(Node.java:137)
2025-10-28 23:50:05 [main] ERROR TelegramBuilder:19 - org.junit.platform.engine.support.hierarchical.NodeTestTask.lambda$executeRecursively$9(NodeTestTask.java:139)
2025-10-28 23:50:05 [main] ERROR TelegramBuilder:19 - org.junit.platform.engine.support.hierarchical.ThrowableCollector.execute(ThrowableCollector.java:73)
2025-10-28 23:50:05 [main] ERROR TelegramBuilder:19 - org.junit.platform.engine.support.hierarchical.NodeTestTask.executeRecursively(NodeTestTask.java:138)
2025-10-28 23:50:05 [main] ERROR TelegramBuilder:19 - org.junit.platform.engine.support.hierarchical.NodeTestTask.execute(NodeTestTask.java:95)
2025-10-28 23:50:05 [main] ERROR TelegramBuilder:19 - java.base/java.util.ArrayList.forEach(ArrayList.java:1596)
2025-10-28 23:50:05 [main] ERROR TelegramBuilder:19 - org.junit.platform.engine.support.hierarchical.SameThreadHierarchicalTestExecutorService.invokeAll(SameThreadHierarchicalTestExecutorService.java:41)
2025-10-28 23:50:05 [main] ERROR TelegramBuilder:19 - org.junit.platform.engine.support.hierarchical.NodeTestTask.lambda$executeRecursively$6(NodeTestTask.java:155)
2025-10-28 23:50:05 [main] ERROR TelegramBuilder:19 - org.junit.platform.engine.support.hierarchical.ThrowableCollector.execute(ThrowableCollector.java:73)
2025-10-28 23:50:05 [main] ERROR TelegramBuilder:19 - org.junit.platform.engine.support.hierarchical.NodeTestTask.lambda$executeRecursively$8(NodeTestTask.java:141)
2025-10-28 23:50:05 [main] ERROR TelegramBuilder:19 - org.junit.platform.engine.support.hierarchical.Node.around(Node.java:137)
2025-10-28 23:50:05 [main] ERROR TelegramBuilder:19 - org.junit.platform.engine.support.hierarchical.NodeTestTask.lambda$executeRecursively$9(NodeTestTask.java:139)
2025-10-28 23:50:05 [main] ERROR TelegramBuilder:19 - org.junit.platform.engine.support.hierarchical.ThrowableCollector.execute(ThrowableCollector.java:73)
2025-10-28 23:50:05 [main] ERROR TelegramBuilder:19 - org.junit.platform.engine.support.hierarchical.NodeTestTask.executeRecursively(NodeTestTask.java:138)
2025-10-28 23:50:05 [main] ERROR TelegramBuilder:19 - org.junit.platform.engine.support.hierarchical.NodeTestTask.execute(NodeTestTask.java:95)
2025-10-28 23:50:05 [main] ERROR TelegramBuilder:19 - org.junit.platform.engine.support.hierarchical.SameThreadHierarchicalTestExecutorService.submit(SameThreadHierarchicalTestExecutorService.java:35)
2025-10-28 23:50:05 [main] ERROR TelegramBuilder:19 - org.junit.platform.engine.support.hierarchical.HierarchicalTestExecutor.execute(HierarchicalTestExecutor.java:57)
2025-10-28 23:50:05 [main] ERROR TelegramBuilder:19 - org.junit.platform.engine.support.hierarchical.HierarchicalTestEngine.execute(HierarchicalTestEngine.java:54)
2025-10-28 23:50:05 [main] ERROR TelegramBuilder:19 - org.junit.platform.launcher.core.EngineExecutionOrchestrator.execute(EngineExecutionOrchestrator.java:107)
2025-10-28 23:50:05 [main] ERROR TelegramBuilder:19 - org.junit.platform.launcher.core.EngineExecutionOrchestrator.execute(EngineExecutionOrchestrator.java:88)
2025-10-28 23:50:05 [main] ERROR TelegramBuilder:19 - org.junit.platform.launcher.core.EngineExecutionOrchestrator.lambda$execute$0(EngineExecutionOrchestrator.java:54)
2025-10-28 23:50:05 [main] ERROR TelegramBuilder:19 - org.junit.platform.launcher.core.EngineExecutionOrchestrator.withInterceptedStreams(EngineExecutionOrchestrator.java:67)
2025-10-28 23:50:05 [main] ERROR TelegramBuilder:19 - org.junit.platform.launcher.core.EngineExecutionOrchestrator.execute(EngineExecutionOrchestrator.java:52)
2025-10-28 23:50:05 [main] ERROR TelegramBuilder:19 - org.junit.platform.launcher.core.DefaultLauncher.execute(DefaultLauncher.java:114)
2025-10-28 23:50:05 [main] ERROR TelegramBuilder:19 - org.junit.platform.launcher.core.DefaultLauncher.execute(DefaultLauncher.java:95)
2025-10-28 23:50:05 [main] ERROR TelegramBuilder:19 - org.junit.platform.launcher.core.DefaultLauncherSession$DelegatingLauncher.execute(DefaultLauncherSession.java:91)
2025-10-28 23:50:05 [main] ERROR TelegramBuilder:19 - org.junit.platform.launcher.core.SessionPerRequestLauncher.execute(SessionPerRequestLauncher.java:60)
2025-10-28 23:50:05 [main] ERROR TelegramBuilder:19 - org.eclipse.jdt.internal.junit5.runner.JUnit5TestReference.run(JUnit5TestReference.java:100)
2025-10-28 23:50:05 [main] ERROR TelegramBuilder:19 - org.eclipse.jdt.internal.junit.runner.TestExecution.run(TestExecution.java:40)
2025-10-28 23:50:05 [main] ERROR TelegramBuilder:19 - org.eclipse.jdt.internal.junit.runner.RemoteTestRunner.runTests(RemoteTestRunner.java:520)
2025-10-28 23:50:05 [main] ERROR TelegramBuilder:19 - org.eclipse.jdt.internal.junit.runner.RemoteTestRunner.runTests(RemoteTestRunner.java:748)
2025-10-28 23:50:05 [main] ERROR TelegramBuilder:19 - org.eclipse.jdt.internal.junit.runner.RemoteTestRunner.run(RemoteTestRunner.java:443)
2025-10-28 23:50:05 [main] ERROR TelegramBuilder:19 - org.eclipse.jdt.internal.junit.runner.RemoteTestRunner.main(RemoteTestRunner.java:211)
2025-10-28 23:50:05 [main] ERROR TelegramBuilder:11 - java.lang.reflect.InaccessibleObjectException: Unable to make field private final java.lang.Object java.util.ImmutableCollections$List12.e0 accessible: module java.base does not "opens java.util" to unnamed module @add0edd
2025-10-28 23:50:05 [main] ERROR TelegramBuilder:19 - java.base/java.lang.reflect.AccessibleObject.throwInaccessibleObjectException(AccessibleObject.java:391)
2025-10-28 23:50:05 [main] ERROR TelegramBuilder:19 - java.base/java.lang.reflect.AccessibleObject.checkCanSetAccessible(AccessibleObject.java:367)
2025-10-28 23:50:05 [main] ERROR TelegramBuilder:19 - java.base/java.lang.reflect.AccessibleObject.checkCanSetAccessible(AccessibleObject.java:315)
2025-10-28 23:50:05 [main] ERROR TelegramBuilder:19 - java.base/java.lang.reflect.Field.checkCanSetAccessible(Field.java:183)
2025-10-28 23:50:05 [main] ERROR TelegramBuilder:19 - java.base/java.lang.reflect.Field.setAccessible(Field.java:177)
2025-10-28 23:50:05 [main] ERROR TelegramBuilder:19 - mti.com.telegram.util.TelegramUtil.getPacketSize(TelegramUtil.java:331)
2025-10-28 23:50:05 [main] ERROR TelegramBuilder:19 - mti.com.telegram.util.TelegramUtil.getPacketSize(TelegramUtil.java:351)
2025-10-28 23:50:05 [main] ERROR TelegramBuilder:19 - mti.com.telegram.util.TelegramUtil.getPacketSize(TelegramUtil.java:365)
2025-10-28 23:50:05 [main] ERROR TelegramBuilder:19 - mti.com.telegram.util.TelegramUtil.getPacketSize(TelegramUtil.java:365)
2025-10-28 23:50:05 [main] ERROR TelegramBuilder:19 - mti.com.telegram.util.TelegramBuilder.getTelegramIn(TelegramBuilder.java:28)
2025-10-28 23:50:05 [main] ERROR TelegramBuilder:19 - mti.com.telegram.util.InterfaceTelegramTest.request(InterfaceTelegramTest.java:35)
2025-10-28 23:50:05 [main] ERROR TelegramBuilder:19 - maas.bcap.FileManagerTest.uploadRegister(FileManagerTest.java:94)
2025-10-28 23:50:05 [main] ERROR TelegramBuilder:19 - java.base/jdk.internal.reflect.DirectMethodHandleAccessor.invoke(DirectMethodHandleAccessor.java:103)
2025-10-28 23:50:05 [main] ERROR TelegramBuilder:19 - java.base/java.lang.reflect.Method.invoke(Method.java:580)
2025-10-28 23:50:05 [main] ERROR TelegramBuilder:19 - org.junit.platform.commons.util.ReflectionUtils.invokeMethod(ReflectionUtils.java:725)
2025-10-28 23:50:05 [main] ERROR TelegramBuilder:19 - org.junit.jupiter.engine.execution.MethodInvocation.proceed(MethodInvocation.java:60)
2025-10-28 23:50:05 [main] ERROR TelegramBuilder:19 - org.junit.jupiter.engine.execution.InvocationInterceptorChain$ValidatingInvocation.proceed(InvocationInterceptorChain.java:131)
2025-10-28 23:50:05 [main] ERROR TelegramBuilder:19 - org.junit.jupiter.engine.extension.TimeoutExtension.intercept(TimeoutExtension.java:149)
2025-10-28 23:50:05 [main] ERROR TelegramBuilder:19 - org.junit.jupiter.engine.extension.TimeoutExtension.interceptTestableMethod(TimeoutExtension.java:140)
2025-10-28 23:50:05 [main] ERROR TelegramBuilder:19 - org.junit.jupiter.engine.extension.TimeoutExtension.interceptTestMethod(TimeoutExtension.java:84)
2025-10-28 23:50:05 [main] ERROR TelegramBuilder:19 - org.junit.jupiter.engine.execution.ExecutableInvoker$ReflectiveInterceptorCall.lambda$ofVoidMethod$0(ExecutableInvoker.java:115)
2025-10-28 23:50:05 [main] ERROR TelegramBuilder:19 - org.junit.jupiter.engine.execution.ExecutableInvoker.lambda$invoke$0(ExecutableInvoker.java:105)
2025-10-28 23:50:05 [main] ERROR TelegramBuilder:19 - org.junit.jupiter.engine.execution.InvocationInterceptorChain$InterceptedInvocation.proceed(InvocationInterceptorChain.java:106)
2025-10-28 23:50:05 [main] ERROR TelegramBuilder:19 - org.junit.jupiter.engine.execution.InvocationInterceptorChain.proceed(InvocationInterceptorChain.java:64)
2025-10-28 23:50:05 [main] ERROR TelegramBuilder:19 - org.junit.jupiter.engine.execution.InvocationInterceptorChain.chainAndInvoke(InvocationInterceptorChain.java:45)
2025-10-28 23:50:05 [main] ERROR TelegramBuilder:19 - org.junit.jupiter.engine.execution.InvocationInterceptorChain.invoke(InvocationInterceptorChain.java:37)
2025-10-28 23:50:05 [main] ERROR TelegramBuilder:19 - org.junit.jupiter.engine.execution.ExecutableInvoker.invoke(ExecutableInvoker.java:104)
2025-10-28 23:50:05 [main] ERROR TelegramBuilder:19 - org.junit.jupiter.engine.execution.ExecutableInvoker.invoke(ExecutableInvoker.java:98)
2025-10-28 23:50:05 [main] ERROR TelegramBuilder:19 - org.junit.jupiter.engine.descriptor.TestMethodTestDescriptor.lambda$invokeTestMethod$7(TestMethodTestDescriptor.java:214)
2025-10-28 23:50:05 [main] ERROR TelegramBuilder:19 - org.junit.platform.engine.support.hierarchical.ThrowableCollector.execute(ThrowableCollector.java:73)
2025-10-28 23:50:05 [main] ERROR TelegramBuilder:19 - org.junit.jupiter.engine.descriptor.TestMethodTestDescriptor.invokeTestMethod(TestMethodTestDescriptor.java:210)
2025-10-28 23:50:05 [main] ERROR TelegramBuilder:19 - org.junit.jupiter.engine.descriptor.TestMethodTestDescriptor.execute(TestMethodTestDescriptor.java:135)
2025-10-28 23:50:05 [main] ERROR TelegramBuilder:19 - org.junit.jupiter.engine.descriptor.TestMethodTestDescriptor.execute(TestMethodTestDescriptor.java:66)
2025-10-28 23:50:05 [main] ERROR TelegramBuilder:19 - org.junit.platform.engine.support.hierarchical.NodeTestTask.lambda$executeRecursively$6(NodeTestTask.java:151)
2025-10-28 23:50:05 [main] ERROR TelegramBuilder:19 - org.junit.platform.engine.support.hierarchical.ThrowableCollector.execute(ThrowableCollector.java:73)
2025-10-28 23:50:05 [main] ERROR TelegramBuilder:19 - org.junit.platform.engine.support.hierarchical.NodeTestTask.lambda$executeRecursively$8(NodeTestTask.java:141)
2025-10-28 23:50:05 [main] ERROR TelegramBuilder:19 - org.junit.platform.engine.support.hierarchical.Node.around(Node.java:137)
2025-10-28 23:50:05 [main] ERROR TelegramBuilder:19 - org.junit.platform.engine.support.hierarchical.NodeTestTask.lambda$executeRecursively$9(NodeTestTask.java:139)
2025-10-28 23:50:05 [main] ERROR TelegramBuilder:19 - org.junit.platform.engine.support.hierarchical.ThrowableCollector.execute(ThrowableCollector.java:73)
2025-10-28 23:50:05 [main] ERROR TelegramBuilder:19 - org.junit.platform.engine.support.hierarchical.NodeTestTask.executeRecursively(NodeTestTask.java:138)
2025-10-28 23:50:05 [main] ERROR TelegramBuilder:19 - org.junit.platform.engine.support.hierarchical.NodeTestTask.execute(NodeTestTask.java:95)
2025-10-28 23:50:05 [main] ERROR TelegramBuilder:19 - java.base/java.util.ArrayList.forEach(ArrayList.java:1596)
2025-10-28 23:50:05 [main] ERROR TelegramBuilder:19 - org.junit.platform.engine.support.hierarchical.SameThreadHierarchicalTestExecutorService.invokeAll(SameThreadHierarchicalTestExecutorService.java:41)
2025-10-28 23:50:05 [main] ERROR TelegramBuilder:19 - org.junit.platform.engine.support.hierarchical.NodeTestTask.lambda$executeRecursively$6(NodeTestTask.java:155)
2025-10-28 23:50:05 [main] ERROR TelegramBuilder:19 - org.junit.platform.engine.support.hierarchical.ThrowableCollector.execute(ThrowableCollector.java:73)
2025-10-28 23:50:05 [main] ERROR TelegramBuilder:19 - org.junit.platform.engine.support.hierarchical.NodeTestTask.lambda$executeRecursively$8(NodeTestTask.java:141)
2025-10-28 23:50:05 [main] ERROR TelegramBuilder:19 - org.junit.platform.engine.support.hierarchical.Node.around(Node.java:137)
2025-10-28 23:50:05 [main] ERROR TelegramBuilder:19 - org.junit.platform.engine.support.hierarchical.NodeTestTask.lambda$executeRecursively$9(NodeTestTask.java:139)
2025-10-28 23:50:05 [main] ERROR TelegramBuilder:19 - org.junit.platform.engine.support.hierarchical.ThrowableCollector.execute(ThrowableCollector.java:73)
2025-10-28 23:50:05 [main] ERROR TelegramBuilder:19 - org.junit.platform.engine.support.hierarchical.NodeTestTask.executeRecursively(NodeTestTask.java:138)
2025-10-28 23:50:05 [main] ERROR TelegramBuilder:19 - org.junit.platform.engine.support.hierarchical.NodeTestTask.execute(NodeTestTask.java:95)
2025-10-28 23:50:05 [main] ERROR TelegramBuilder:19 - java.base/java.util.ArrayList.forEach(ArrayList.java:1596)
2025-10-28 23:50:05 [main] ERROR TelegramBuilder:19 - org.junit.platform.engine.support.hierarchical.SameThreadHierarchicalTestExecutorService.invokeAll(SameThreadHierarchicalTestExecutorService.java:41)
2025-10-28 23:50:05 [main] ERROR TelegramBuilder:19 - org.junit.platform.engine.support.hierarchical.NodeTestTask.lambda$executeRecursively$6(NodeTestTask.java:155)
2025-10-28 23:50:05 [main] ERROR TelegramBuilder:19 - org.junit.platform.engine.support.hierarchical.ThrowableCollector.execute(ThrowableCollector.java:73)
2025-10-28 23:50:05 [main] ERROR TelegramBuilder:19 - org.junit.platform.engine.support.hierarchical.NodeTestTask.lambda$executeRecursively$8(NodeTestTask.java:141)
2025-10-28 23:50:05 [main] ERROR TelegramBuilder:19 - org.junit.platform.engine.support.hierarchical.Node.around(Node.java:137)
2025-10-28 23:50:05 [main] ERROR TelegramBuilder:19 - org.junit.platform.engine.support.hierarchical.NodeTestTask.lambda$executeRecursively$9(NodeTestTask.java:139)
2025-10-28 23:50:05 [main] ERROR TelegramBuilder:19 - org.junit.platform.engine.support.hierarchical.ThrowableCollector.execute(ThrowableCollector.java:73)
2025-10-28 23:50:05 [main] ERROR TelegramBuilder:19 - org.junit.platform.engine.support.hierarchical.NodeTestTask.executeRecursively(NodeTestTask.java:138)
2025-10-28 23:50:05 [main] ERROR TelegramBuilder:19 - org.junit.platform.engine.support.hierarchical.NodeTestTask.execute(NodeTestTask.java:95)
2025-10-28 23:50:05 [main] ERROR TelegramBuilder:19 - org.junit.platform.engine.support.hierarchical.SameThreadHierarchicalTestExecutorService.submit(SameThreadHierarchicalTestExecutorService.java:35)
2025-10-28 23:50:05 [main] ERROR TelegramBuilder:19 - org.junit.platform.engine.support.hierarchical.HierarchicalTestExecutor.execute(HierarchicalTestExecutor.java:57)
2025-10-28 23:50:05 [main] ERROR TelegramBuilder:19 - org.junit.platform.engine.support.hierarchical.HierarchicalTestEngine.execute(HierarchicalTestEngine.java:54)
2025-10-28 23:50:05 [main] ERROR TelegramBuilder:19 - org.junit.platform.launcher.core.EngineExecutionOrchestrator.execute(EngineExecutionOrchestrator.java:107)
2025-10-28 23:50:05 [main] ERROR TelegramBuilder:19 - org.junit.platform.launcher.core.EngineExecutionOrchestrator.execute(EngineExecutionOrchestrator.java:88)
2025-10-28 23:50:05 [main] ERROR TelegramBuilder:19 - org.junit.platform.launcher.core.EngineExecutionOrchestrator.lambda$execute$0(EngineExecutionOrchestrator.java:54)
2025-10-28 23:50:05 [main] ERROR TelegramBuilder:19 - org.junit.platform.launcher.core.EngineExecutionOrchestrator.withInterceptedStreams(EngineExecutionOrchestrator.java:67)
2025-10-28 23:50:05 [main] ERROR TelegramBuilder:19 - org.junit.platform.launcher.core.EngineExecutionOrchestrator.execute(EngineExecutionOrchestrator.java:52)
2025-10-28 23:50:05 [main] ERROR TelegramBuilder:19 - org.junit.platform.launcher.core.DefaultLauncher.execute(DefaultLauncher.java:114)
2025-10-28 23:50:05 [main] ERROR TelegramBuilder:19 - org.junit.platform.launcher.core.DefaultLauncher.execute(DefaultLauncher.java:95)
2025-10-28 23:50:05 [main] ERROR TelegramBuilder:19 - org.junit.platform.launcher.core.DefaultLauncherSession$DelegatingLauncher.execute(DefaultLauncherSession.java:91)
2025-10-28 23:50:05 [main] ERROR TelegramBuilder:19 - org.junit.platform.launcher.core.SessionPerRequestLauncher.execute(SessionPerRequestLauncher.java:60)
2025-10-28 23:50:05 [main] ERROR TelegramBuilder:19 - org.eclipse.jdt.internal.junit5.runner.JUnit5TestReference.run(JUnit5TestReference.java:100)
2025-10-28 23:50:05 [main] ERROR TelegramBuilder:19 - org.eclipse.jdt.internal.junit.runner.TestExecution.run(TestExecution.java:40)
2025-10-28 23:50:05 [main] ERROR TelegramBuilder:19 - org.eclipse.jdt.internal.junit.runner.RemoteTestRunner.runTests(RemoteTestRunner.java:520)
2025-10-28 23:50:05 [main] ERROR TelegramBuilder:19 - org.eclipse.jdt.internal.junit.runner.RemoteTestRunner.runTests(RemoteTestRunner.java:748)
2025-10-28 23:50:05 [main] ERROR TelegramBuilder:19 - org.eclipse.jdt.internal.junit.runner.RemoteTestRunner.run(RemoteTestRunner.java:443)
2025-10-28 23:50:05 [main] ERROR TelegramBuilder:19 - org.eclipse.jdt.internal.junit.runner.RemoteTestRunner.main(RemoteTestRunner.java:211)
2025-10-28 23:50:05 [main] INFO  InterfaceTelegramTest:37 - SMC04V041UInVo(sub1_vo=[SMC04V041UInSub1Vo(biz_clcd=U, supics_trns_tp_seq_no=0074, supics_trns_tp_cd=98, appl_strt_date=20240905, appl_end_date=29991231, trns_cond_expl=null, min_day_avg_sale_icr_rt=0.0, mcc_cd=null, trns_chck_strt_time=null, trns_chck_end_time=null, max_trns_cnt=0, day_max_trns_keyin_trns_rt=0.0, non_act_mcnt=0, day_max_sale_amt=0.0, day_max_trns_cnt=0, day_max_trns_amt=0.0, trns_limt_card_bin_val=null, trns_imgmt_yn=null, trns_refs_yn=null, apvl_cmpl_yn=null, apvl_auth_date=null, apvl_auth_chg_emp_no=null, apvl_req_scrn_id=null, apvl_reg_date=null, cncel_yn=null, chng_usr_id=null, inp_usr_id=null, min_sv_amt=0.0, time_frame=0)])
2025-10-28 23:53:37 [main] INFO  FileManagerTest:55 - Starting FileManagerTest using Java 21.0.6 on LeRuccoLOQ with PID 27372 (started by drucc in C:\bcap\bcap-be)
2025-10-28 23:53:37 [main] INFO  FileManagerTest:632 - No active profile set, falling back to 1 default profile: "default"
2025-10-28 23:53:39 [main] WARN  UserDetailsServiceAutoConfiguration:89 - 

Using generated security password: a1168e4e-6520-4242-b6eb-1be8f40b3c89

This generated password is for development use only. Your security configuration must be updated before running your application in production.

2025-10-28 23:53:39 [main] INFO  DefaultSecurityFilterChain:55 - Will secure any request with [org.springframework.security.web.session.DisableEncodeUrlFilter@3cc053, org.springframework.security.web.context.request.async.WebAsyncManagerIntegrationFilter@388c519, org.springframework.security.web.context.SecurityContextPersistenceFilter@1a950fdd, org.springframework.security.web.header.HeaderWriterFilter@45292ec1, org.springframework.web.filter.CorsFilter@7fbd3e75, org.springframework.security.web.authentication.logout.LogoutFilter@4e8b357d, maas.bcap.security.JwtAuthFilter@198536f6, org.springframework.security.web.savedrequest.RequestCacheAwareFilter@570ba13, org.springframework.security.web.servletapi.SecurityContextHolderAwareRequestFilter@16f0ec18, org.springframework.security.web.authentication.AnonymousAuthenticationFilter@7fdd43cd, org.springframework.security.web.session.SessionManagementFilter@7f3ca64a, org.springframework.security.web.access.ExceptionTranslationFilter@faea4da, org.springframework.security.web.access.intercept.AuthorizationFilter@5934153e]
2025-10-28 23:53:40 [main] INFO  EndpointLinksResolver:58 - Exposing 1 endpoint(s) beneath base path '/actuator'
2025-10-28 23:53:40 [main] INFO  FileManagerTest:61 - Started FileManagerTest in 2.961 seconds (JVM running for 3.929)
2025-10-28 23:53:40 [main] INFO  InterfaceTelegramTest:21 - ################################### Request START ###################################
2025-10-28 23:53:40 [main] INFO  TelegramUtil:331 - TelegramUtil.getPacketSize
2025-10-28 23:53:40 [main] INFO  TelegramUtil:331 - TelegramUtil.getPacketSize
2025-10-28 23:53:40 [main] INFO  TelegramUtil:331 - TelegramUtil.getPacketSize
2025-10-28 23:53:40 [main] INFO  TelegramUtil:331 - TelegramUtil.getPacketSize
2025-10-28 23:53:40 [main] INFO  TelegramUtil:331 - TelegramUtil.getPacketSize
2025-10-28 23:53:40 [main] INFO  TelegramUtil:331 - TelegramUtil.getPacketSize
2025-10-28 23:53:40 [main] INFO  TelegramUtil:331 - TelegramUtil.getPacketSize
2025-10-28 23:53:40 [main] INFO  TelegramUtil:331 - TelegramUtil.getPacketSize
2025-10-28 23:53:40 [main] INFO  InterfaceTelegramTest:37 - SMC04V041UInVo(sub1_vo=[SMC04V041UInSub1Vo(biz_clcd=U, supics_trns_tp_seq_no=0074, supics_trns_tp_cd=98, appl_strt_date=20240905, appl_end_date=29991231, trns_cond_expl=null, min_day_avg_sale_icr_rt=0.0, mcc_cd=null, trns_chck_strt_time=null, trns_chck_end_time=null, max_trns_cnt=0, day_max_trns_keyin_trns_rt=0.0, non_act_mcnt=0, day_max_sale_amt=0.0, day_max_trns_cnt=0, day_max_trns_amt=0.0, trns_limt_card_bin_val=null, trns_imgmt_yn=null, trns_refs_yn=null, apvl_cmpl_yn=null, apvl_auth_date=null, apvl_auth_chg_emp_no=null, apvl_req_scrn_id=null, apvl_reg_date=null, cncel_yn=null, chng_usr_id=null, inp_usr_id=null, min_sv_amt=0.0, time_frame=0)])
2025-10-28 23:53:40 [main] INFO  TelegramUtil:331 - TelegramUtil.getPacketSize
2025-10-28 23:53:40 [main] INFO  TelegramUtil:331 - TelegramUtil.getPacketSize
2025-10-28 23:53:40 [main] INFO  TelegramUtil:331 - TelegramUtil.getPacketSize
2025-10-28 23:53:40 [main] INFO  TelegramUtil:331 - TelegramUtil.getPacketSize
2025-10-28 23:53:40 [main] INFO  TelegramUtil:331 - TelegramUtil.getPacketSize
2025-10-28 23:53:40 [main] INFO  TelegramUtil:331 - TelegramUtil.getPacketSize
2025-10-28 23:53:40 [main] INFO  TelegramUtil:331 - TelegramUtil.getPacketSize
2025-10-28 23:53:40 [main] INFO  TelegramUtil:331 - TelegramUtil.getPacketSize
2025-10-28 23:53:40 [main] INFO  TelegramUtil:331 - TelegramUtil.getPacketSize
2025-10-28 23:53:40 [main] INFO  TelegramUtil:331 - TelegramUtil.getPacketSize
2025-10-28 23:53:40 [main] INFO  TelegramUtil:331 - TelegramUtil.getPacketSize
2025-10-28 23:53:40 [main] INFO  TelegramUtil:331 - TelegramUtil.getPacketSize
2025-10-28 23:53:40 [main] INFO  TelegramUtil:331 - TelegramUtil.getPacketSize
