2025-10-01 17:10:51 [main] INFO  BcapApplication:55 - Starting BcapApplication using Java 21.0.6 on LeRuccoLOQ with PID 15704 (C:\bcap\bcap-be\target\classes started by drucc in C:\bcap\bcap-be)
2025-10-01 17:10:51 [main] DEBUG BcapApplication:56 - Running with Spring Boot v2.7.18, Spring v5.3.31
2025-10-01 17:10:51 [main] INFO  BcapApplication:632 - No active profile set, falling back to 1 default profile: "default"
2025-10-01 17:10:51 [main] DEBUG SpringApplication:665 - Loading source class maas.bcap.BcapApplication
2025-10-01 17:10:51 [main] DEBUG AnnotationConfigServletWebServerApplicationContext:637 - Refreshing org.springframework.boot.web.servlet.context.AnnotationConfigServletWebServerApplicationContext@56ace400
2025-10-01 17:10:51 [main] DEBUG DefaultListableBeanFactory:225 - Creating shared instance of singleton bean 'org.springframework.context.annotation.internalConfigurationAnnotationProcessor'
2025-10-01 17:10:51 [main] DEBUG DefaultListableBeanFactory:225 - Creating shared instance of singleton bean 'org.springframework.boot.autoconfigure.internalCachingMetadataReaderFactory'
2025-10-01 17:10:51 [main] DEBUG ClassPathBeanDefinitionScanner:435 - Identified candidate component class: file [C:\bcap\bcap-be\target\classes\maas\bcap\common\ServiceSupport.class]
2025-10-01 17:10:51 [main] DEBUG ClassPathBeanDefinitionScanner:435 - Identified candidate component class: file [C:\bcap\bcap-be\target\classes\maas\bcap\controller\AuthController.class]
2025-10-01 17:10:51 [main] DEBUG ClassPathBeanDefinitionScanner:435 - Identified candidate component class: file [C:\bcap\bcap-be\target\classes\maas\bcap\controller\BcapController.class]
2025-10-01 17:10:51 [main] DEBUG ClassPathBeanDefinitionScanner:435 - Identified candidate component class: file [C:\bcap\bcap-be\target\classes\maas\bcap\controller\ExampleController.class]
2025-10-01 17:10:51 [main] DEBUG ClassPathBeanDefinitionScanner:435 - Identified candidate component class: file [C:\bcap\bcap-be\target\classes\maas\bcap\controller\FileManagerController.class]
2025-10-01 17:10:51 [main] DEBUG ClassPathBeanDefinitionScanner:435 - Identified candidate component class: file [C:\bcap\bcap-be\target\classes\maas\bcap\controller\MessageController.class]
2025-10-01 17:10:51 [main] DEBUG ClassPathBeanDefinitionScanner:435 - Identified candidate component class: file [C:\bcap\bcap-be\target\classes\maas\bcap\module\ac\ac01\SAC01F995R.class]
2025-10-01 17:10:51 [main] DEBUG ClassPathBeanDefinitionScanner:435 - Identified candidate component class: file [C:\bcap\bcap-be\target\classes\maas\bcap\module\ac\ac02\sac02f452r\SAC02F452R.class]
2025-10-01 17:10:51 [main] DEBUG ClassPathBeanDefinitionScanner:435 - Identified candidate component class: file [C:\bcap\bcap-be\target\classes\maas\bcap\module\ac\ac02\sac02f531u\SAC02F531U.class]
2025-10-01 17:10:51 [main] DEBUG ClassPathBeanDefinitionScanner:435 - Identified candidate component class: file [C:\bcap\bcap-be\target\classes\maas\bcap\module\ac\ac04\sac04v125r\SAC04V125R.class]
2025-10-01 17:10:51 [main] DEBUG ClassPathBeanDefinitionScanner:435 - Identified candidate component class: file [C:\bcap\bcap-be\target\classes\maas\bcap\module\ac\ac04\sac04v126r\SAC04V126R.class]
2025-10-01 17:10:51 [main] DEBUG ClassPathBeanDefinitionScanner:435 - Identified candidate component class: file [C:\bcap\bcap-be\target\classes\maas\bcap\module\ac\ac04\sac04v127u\SAC04V127U.class]
2025-10-01 17:10:51 [main] DEBUG ClassPathBeanDefinitionScanner:435 - Identified candidate component class: file [C:\bcap\bcap-be\target\classes\maas\bcap\module\ac\ac04\sac04v227u\SAC04V227U.class]
2025-10-01 17:10:51 [main] DEBUG ClassPathBeanDefinitionScanner:435 - Identified candidate component class: file [C:\bcap\bcap-be\target\classes\maas\bcap\module\ac\ac04\sac04v228r\SAC04V228R.class]
2025-10-01 17:10:51 [main] DEBUG ClassPathBeanDefinitionScanner:435 - Identified candidate component class: file [C:\bcap\bcap-be\target\classes\maas\bcap\module\ac\ac06\sac06f244r\SAC06F244R.class]
2025-10-01 17:10:51 [main] DEBUG ClassPathBeanDefinitionScanner:435 - Identified candidate component class: file [C:\bcap\bcap-be\target\classes\maas\bcap\module\ac\ac06\sac06f245r\SAC06F245R.class]
2025-10-01 17:10:51 [main] DEBUG ClassPathBeanDefinitionScanner:435 - Identified candidate component class: file [C:\bcap\bcap-be\target\classes\maas\bcap\module\ac\ac06\sac06v610r\SAC06V610R.class]
2025-10-01 17:10:51 [main] DEBUG ClassPathBeanDefinitionScanner:435 - Identified candidate component class: file [C:\bcap\bcap-be\target\classes\maas\bcap\module\az\az01\saz01f111r\SAZ01F111R.class]
2025-10-01 17:10:51 [main] DEBUG ClassPathBeanDefinitionScanner:435 - Identified candidate component class: file [C:\bcap\bcap-be\target\classes\maas\bcap\module\az\az01\saz01f112r\SAZ01F112R.class]
2025-10-01 17:10:51 [main] DEBUG ClassPathBeanDefinitionScanner:435 - Identified candidate component class: file [C:\bcap\bcap-be\target\classes\maas\bcap\module\az\az01\saz01f121r\SAZ01F121R.class]
2025-10-01 17:10:51 [main] DEBUG ClassPathBeanDefinitionScanner:435 - Identified candidate component class: file [C:\bcap\bcap-be\target\classes\maas\bcap\module\az\az01\saz01f122r\SAZ01F122R.class]
2025-10-01 17:10:51 [main] DEBUG ClassPathBeanDefinitionScanner:435 - Identified candidate component class: file [C:\bcap\bcap-be\target\classes\maas\bcap\module\az\az01\saz01f123r\SAZ01F123R.class]
2025-10-01 17:10:52 [main] DEBUG ClassPathBeanDefinitionScanner:435 - Identified candidate component class: file [C:\bcap\bcap-be\target\classes\maas\bcap\module\az\az02\saz02f110r\SAZ02F110R.class]
2025-10-01 17:10:52 [main] DEBUG ClassPathBeanDefinitionScanner:435 - Identified candidate component class: file [C:\bcap\bcap-be\target\classes\maas\bcap\module\az\az02\saz02f112r\SAZ02F112R.class]
2025-10-01 17:10:52 [main] DEBUG ClassPathBeanDefinitionScanner:435 - Identified candidate component class: file [C:\bcap\bcap-be\target\classes\maas\bcap\module\az\az02\saz02f113r\SAZ02F113R.class]
2025-10-01 17:10:52 [main] DEBUG ClassPathBeanDefinitionScanner:435 - Identified candidate component class: file [C:\bcap\bcap-be\target\classes\maas\bcap\module\az\az02\saz02f114r\SAZ02F114R.class]
2025-10-01 17:10:52 [main] DEBUG ClassPathBeanDefinitionScanner:435 - Identified candidate component class: file [C:\bcap\bcap-be\target\classes\maas\bcap\module\az\az02\saz02f116r\SAZ02F116R.class]
2025-10-01 17:10:52 [main] DEBUG ClassPathBeanDefinitionScanner:435 - Identified candidate component class: file [C:\bcap\bcap-be\target\classes\maas\bcap\module\az\az02\saz02f120r\SAZ02F120R.class]
2025-10-01 17:10:52 [main] DEBUG ClassPathBeanDefinitionScanner:435 - Identified candidate component class: file [C:\bcap\bcap-be\target\classes\maas\bcap\module\az\az02\saz02f123r\SAZ02F123R.class]
2025-10-01 17:10:52 [main] DEBUG ClassPathBeanDefinitionScanner:435 - Identified candidate component class: file [C:\bcap\bcap-be\target\classes\maas\bcap\module\az\az02\saz02f132r\SAZ02F132R.class]
2025-10-01 17:10:52 [main] DEBUG ClassPathBeanDefinitionScanner:435 - Identified candidate component class: file [C:\bcap\bcap-be\target\classes\maas\bcap\module\az\az02\saz02f172r\SAZ02F172R.class]
2025-10-01 17:10:52 [main] DEBUG ClassPathBeanDefinitionScanner:435 - Identified candidate component class: file [C:\bcap\bcap-be\target\classes\maas\bcap\module\az\az02\saz02f173r\SAZ02F173R.class]
2025-10-01 17:10:52 [main] DEBUG ClassPathBeanDefinitionScanner:435 - Identified candidate component class: file [C:\bcap\bcap-be\target\classes\maas\bcap\module\az\az02\saz02f175r\SAZ02F175R.class]
2025-10-01 17:10:52 [main] DEBUG ClassPathBeanDefinitionScanner:435 - Identified candidate component class: file [C:\bcap\bcap-be\target\classes\maas\bcap\module\az\az02\saz02f176r\SAZ02F176R.class]
2025-10-01 17:10:52 [main] DEBUG ClassPathBeanDefinitionScanner:435 - Identified candidate component class: file [C:\bcap\bcap-be\target\classes\maas\bcap\module\az\az03\saz03f000u\SAZ03F000U.class]
2025-10-01 17:10:52 [main] DEBUG ClassPathBeanDefinitionScanner:435 - Identified candidate component class: file [C:\bcap\bcap-be\target\classes\maas\bcap\module\az\az03\saz03f010r\SAZ03F010R.class]
2025-10-01 17:10:52 [main] DEBUG ClassPathBeanDefinitionScanner:435 - Identified candidate component class: file [C:\bcap\bcap-be\target\classes\maas\bcap\module\az\az03\saz03v701u\SAZ03V701U.class]
2025-10-01 17:10:52 [main] DEBUG ClassPathBeanDefinitionScanner:435 - Identified candidate component class: file [C:\bcap\bcap-be\target\classes\maas\bcap\module\az\az05\saz05f030r\SAZ05F030R.class]
2025-10-01 17:10:52 [main] DEBUG ClassPathBeanDefinitionScanner:435 - Identified candidate component class: file [C:\bcap\bcap-be\target\classes\maas\bcap\module\ed\ed03\sed03f075r\SED03F075R.class]
2025-10-01 17:10:52 [main] DEBUG ClassPathBeanDefinitionScanner:435 - Identified candidate component class: file [C:\bcap\bcap-be\target\classes\maas\bcap\module\ed\ed03\sed03f107r\SED03F107R.class]
2025-10-01 17:10:52 [main] DEBUG ClassPathBeanDefinitionScanner:435 - Identified candidate component class: file [C:\bcap\bcap-be\target\classes\maas\bcap\module\ed\ed05\sed05f480r\SED05F480R.class]
2025-10-01 17:10:52 [main] DEBUG ClassPathBeanDefinitionScanner:435 - Identified candidate component class: file [C:\bcap\bcap-be\target\classes\maas\bcap\module\mc\mc02\smc02f042r\SMC02F042R.class]
2025-10-01 17:10:52 [main] DEBUG ClassPathBeanDefinitionScanner:435 - Identified candidate component class: file [C:\bcap\bcap-be\target\classes\maas\bcap\module\mc\mc02\smc02v051u\SMC02V051U.class]
2025-10-01 17:10:52 [main] DEBUG ClassPathBeanDefinitionScanner:435 - Identified candidate component class: file [C:\bcap\bcap-be\target\classes\maas\bcap\module\mc\mc05\smc05f111r\SMC05F111R.class]
2025-10-01 17:10:52 [main] DEBUG ClassPathBeanDefinitionScanner:435 - Identified candidate component class: file [C:\bcap\bcap-be\target\classes\maas\bcap\module\mc\mc05\smc05f112r\SMC05F112R.class]
2025-10-01 17:10:52 [main] DEBUG ClassPathBeanDefinitionScanner:435 - Identified candidate component class: file [C:\bcap\bcap-be\target\classes\maas\bcap\module\mc\mc05\smc05f216r\SMC05F216R.class]
2025-10-01 17:10:52 [main] DEBUG ClassPathBeanDefinitionScanner:435 - Identified candidate component class: file [C:\bcap\bcap-be\target\classes\maas\bcap\module\mc\mc07\smc07v005r\SMC07V005R.class]
2025-10-01 17:10:52 [main] DEBUG ClassPathBeanDefinitionScanner:435 - Identified candidate component class: file [C:\bcap\bcap-be\target\classes\maas\bcap\module\mc\mc15\smc15v016u\SMC15V016U.class]
2025-10-01 17:10:52 [main] DEBUG ClassPathBeanDefinitionScanner:435 - Identified candidate component class: file [C:\bcap\bcap-be\target\classes\maas\bcap\module\mc\mc15\smc15v018u\SMC15V018U.class]
2025-10-01 17:10:52 [main] DEBUG ClassPathBeanDefinitionScanner:435 - Identified candidate component class: file [C:\bcap\bcap-be\target\classes\maas\bcap\module\mt\mt01\smt01f009c\SMT01F009C.class]
2025-10-01 17:10:52 [main] DEBUG ClassPathBeanDefinitionScanner:435 - Identified candidate component class: file [C:\bcap\bcap-be\target\classes\maas\bcap\module\mt\mt02\smt02f002c\SMT02F002C.class]
2025-10-01 17:10:52 [main] DEBUG ClassPathBeanDefinitionScanner:435 - Identified candidate component class: file [C:\bcap\bcap-be\target\classes\maas\bcap\module\mt\mt02\smt02f003u\SMT02F003U.class]
2025-10-01 17:10:52 [main] DEBUG ClassPathBeanDefinitionScanner:435 - Identified candidate component class: file [C:\bcap\bcap-be\target\classes\maas\bcap\module\mt\mt03\smt03f010r\SMT03F010R.class]
2025-10-01 17:10:52 [main] DEBUG ClassPathBeanDefinitionScanner:435 - Identified candidate component class: file [C:\bcap\bcap-be\target\classes\maas\bcap\module\mt\mt03\smt03f080r\SMT03F080R.class]
2025-10-01 17:10:52 [main] DEBUG ClassPathBeanDefinitionScanner:435 - Identified candidate component class: file [C:\bcap\bcap-be\target\classes\maas\bcap\security\CustomAuthEntryPoint.class]
2025-10-01 17:10:52 [main] DEBUG ClassPathBeanDefinitionScanner:435 - Identified candidate component class: file [C:\bcap\bcap-be\target\classes\maas\bcap\security\JwtAuthFilter.class]
2025-10-01 17:10:52 [main] DEBUG ClassPathBeanDefinitionScanner:435 - Identified candidate component class: file [C:\bcap\bcap-be\target\classes\maas\bcap\security\JwtUtil.class]
2025-10-01 17:10:52 [main] DEBUG ClassPathBeanDefinitionScanner:435 - Identified candidate component class: file [C:\bcap\bcap-be\target\classes\maas\bcap\security\SecurityConfig.class]
2025-10-01 17:10:52 [main] DEBUG ClassPathBeanDefinitionScanner:435 - Identified candidate component class: file [C:\bcap\bcap-be\target\classes\maas\bcap\service\AuthService.class]
2025-10-01 17:10:52 [main] DEBUG ClassPathBeanDefinitionScanner:435 - Identified candidate component class: file [C:\bcap\bcap-be\target\classes\maas\bcap\service\ExampleService.class]
2025-10-01 17:10:52 [main] DEBUG ClassPathBeanDefinitionScanner:435 - Identified candidate component class: file [C:\bcap\bcap-be\target\classes\maas\bcap\service\FileManagerService.class]
2025-10-01 17:10:52 [main] DEBUG ClassPathBeanDefinitionScanner:435 - Identified candidate component class: file [C:\bcap\bcap-be\target\classes\maas\bcap\service\FileUploadService.class]
2025-10-01 17:10:52 [main] DEBUG ClassPathBeanDefinitionScanner:435 - Identified candidate component class: file [C:\bcap\bcap-be\target\classes\maas\bcap\service\MessageService.class]
2025-10-01 17:10:52 [main] DEBUG DefaultListableBeanFactory:225 - Creating shared instance of singleton bean 'propertySourcesPlaceholderConfigurer'
2025-10-01 17:10:52 [main] DEBUG DefaultListableBeanFactory:225 - Creating shared instance of singleton bean 'org.springframework.boot.sql.init.dependency.DatabaseInitializationDependencyConfigurer$DependsOnDatabaseInitializationPostProcessor'
2025-10-01 17:10:52 [main] DEBUG DefaultListableBeanFactory:225 - Creating shared instance of singleton bean 'org.springframework.context.event.internalEventListenerProcessor'
2025-10-01 17:10:52 [main] DEBUG DefaultListableBeanFactory:225 - Creating shared instance of singleton bean 'preserveErrorControllerTargetClassPostProcessor'
2025-10-01 17:10:52 [main] DEBUG DefaultListableBeanFactory:225 - Creating shared instance of singleton bean 'forceAutoProxyCreatorToUseClassProxying'
2025-10-01 17:10:52 [main] DEBUG DefaultListableBeanFactory:225 - Creating shared instance of singleton bean 'conversionServicePostProcessor'
2025-10-01 17:10:52 [main] DEBUG DefaultListableBeanFactory:225 - Creating shared instance of singleton bean 'org.springframework.context.event.internalEventListenerFactory'
2025-10-01 17:10:52 [main] DEBUG DefaultListableBeanFactory:225 - Creating shared instance of singleton bean 'org.springframework.context.annotation.internalAutowiredAnnotationProcessor'
2025-10-01 17:10:52 [main] DEBUG DefaultListableBeanFactory:225 - Creating shared instance of singleton bean 'org.springframework.context.annotation.internalCommonAnnotationProcessor'
2025-10-01 17:10:52 [main] DEBUG DefaultListableBeanFactory:225 - Creating shared instance of singleton bean 'org.springframework.boot.context.properties.ConfigurationPropertiesBindingPostProcessor'
2025-10-01 17:10:52 [main] DEBUG DefaultListableBeanFactory:225 - Creating shared instance of singleton bean 'org.springframework.boot.context.internalConfigurationPropertiesBinder'
2025-10-01 17:10:52 [main] DEBUG DefaultListableBeanFactory:225 - Creating shared instance of singleton bean 'org.springframework.boot.context.internalConfigurationPropertiesBinderFactory'
2025-10-01 17:10:52 [main] DEBUG DefaultListableBeanFactory:225 - Creating shared instance of singleton bean 'org.springframework.aop.config.internalAutoProxyCreator'
2025-10-01 17:10:52 [main] DEBUG DefaultListableBeanFactory:225 - Creating shared instance of singleton bean 'webServerFactoryCustomizerBeanPostProcessor'
2025-10-01 17:10:52 [main] DEBUG DefaultListableBeanFactory:225 - Creating shared instance of singleton bean 'errorPageRegistrarBeanPostProcessor'
2025-10-01 17:10:52 [main] DEBUG UiApplicationContextUtils:85 - Unable to locate ThemeSource with name 'themeSource': using default [org.springframework.ui.context.support.ResourceBundleThemeSource@12ffd1de]
2025-10-01 17:10:52 [main] DEBUG DefaultListableBeanFactory:225 - Creating shared instance of singleton bean 'tomcatServletWebServerFactory'
2025-10-01 17:10:52 [main] DEBUG DefaultListableBeanFactory:225 - Creating shared instance of singleton bean 'org.springframework.boot.autoconfigure.web.servlet.ServletWebServerFactoryConfiguration$EmbeddedTomcat'
2025-10-01 17:10:52 [main] DEBUG DefaultListableBeanFactory:225 - Creating shared instance of singleton bean 'websocketServletWebServerCustomizer'
2025-10-01 17:10:52 [main] DEBUG DefaultListableBeanFactory:225 - Creating shared instance of singleton bean 'org.springframework.boot.autoconfigure.websocket.servlet.WebSocketServletAutoConfiguration$TomcatWebSocketConfiguration'
2025-10-01 17:10:52 [main] DEBUG DefaultListableBeanFactory:225 - Creating shared instance of singleton bean 'servletWebServerFactoryCustomizer'
2025-10-01 17:10:52 [main] DEBUG DefaultListableBeanFactory:225 - Creating shared instance of singleton bean 'org.springframework.boot.autoconfigure.web.servlet.ServletWebServerFactoryAutoConfiguration'
2025-10-01 17:10:52 [main] DEBUG DefaultListableBeanFactory:225 - Creating shared instance of singleton bean 'server-org.springframework.boot.autoconfigure.web.ServerProperties'
2025-10-01 17:10:52 [main] DEBUG DefaultListableBeanFactory:225 - Creating shared instance of singleton bean 'org.springframework.boot.context.properties.BoundConfigurationProperties'
2025-10-01 17:10:52 [main] DEBUG DefaultListableBeanFactory:952 - Autowiring by type from bean name 'servletWebServerFactoryCustomizer' via factory method to bean named 'server-org.springframework.boot.autoconfigure.web.ServerProperties'
2025-10-01 17:10:52 [main] DEBUG DefaultListableBeanFactory:225 - Creating shared instance of singleton bean 'tomcatServletWebServerFactoryCustomizer'
2025-10-01 17:10:52 [main] DEBUG DefaultListableBeanFactory:952 - Autowiring by type from bean name 'tomcatServletWebServerFactoryCustomizer' via factory method to bean named 'server-org.springframework.boot.autoconfigure.web.ServerProperties'
2025-10-01 17:10:52 [main] DEBUG DefaultListableBeanFactory:225 - Creating shared instance of singleton bean 'tomcatWebServerFactoryCustomizer'
2025-10-01 17:10:52 [main] DEBUG DefaultListableBeanFactory:225 - Creating shared instance of singleton bean 'org.springframework.boot.autoconfigure.web.embedded.EmbeddedWebServerFactoryCustomizerAutoConfiguration$TomcatWebServerFactoryCustomizerConfiguration'
2025-10-01 17:10:52 [main] DEBUG DefaultListableBeanFactory:952 - Autowiring by type from bean name 'tomcatWebServerFactoryCustomizer' via factory method to bean named 'environment'
2025-10-01 17:10:52 [main] DEBUG DefaultListableBeanFactory:952 - Autowiring by type from bean name 'tomcatWebServerFactoryCustomizer' via factory method to bean named 'server-org.springframework.boot.autoconfigure.web.ServerProperties'
2025-10-01 17:10:52 [main] DEBUG DefaultListableBeanFactory:225 - Creating shared instance of singleton bean 'localeCharsetMappingsCustomizer'
2025-10-01 17:10:52 [main] DEBUG DefaultListableBeanFactory:225 - Creating shared instance of singleton bean 'org.springframework.boot.autoconfigure.web.servlet.HttpEncodingAutoConfiguration'
2025-10-01 17:10:52 [main] DEBUG DefaultListableBeanFactory:952 - Autowiring by type from bean name 'org.springframework.boot.autoconfigure.web.servlet.HttpEncodingAutoConfiguration' via constructor to bean named 'server-org.springframework.boot.autoconfigure.web.ServerProperties'
2025-10-01 17:10:52 [main] DEBUG DefaultListableBeanFactory:225 - Creating shared instance of singleton bean 'errorPageCustomizer'
2025-10-01 17:10:52 [main] DEBUG DefaultListableBeanFactory:225 - Creating shared instance of singleton bean 'org.springframework.boot.autoconfigure.web.servlet.error.ErrorMvcAutoConfiguration'
2025-10-01 17:10:52 [main] DEBUG DefaultListableBeanFactory:952 - Autowiring by type from bean name 'org.springframework.boot.autoconfigure.web.servlet.error.ErrorMvcAutoConfiguration' via constructor to bean named 'server-org.springframework.boot.autoconfigure.web.ServerProperties'
2025-10-01 17:10:52 [main] DEBUG DefaultListableBeanFactory:225 - Creating shared instance of singleton bean 'dispatcherServletRegistration'
2025-10-01 17:10:52 [main] DEBUG DefaultListableBeanFactory:225 - Creating shared instance of singleton bean 'org.springframework.boot.autoconfigure.web.servlet.DispatcherServletAutoConfiguration$DispatcherServletRegistrationConfiguration'
2025-10-01 17:10:52 [main] DEBUG DefaultListableBeanFactory:225 - Creating shared instance of singleton bean 'dispatcherServlet'
2025-10-01 17:10:52 [main] DEBUG DefaultListableBeanFactory:225 - Creating shared instance of singleton bean 'org.springframework.boot.autoconfigure.web.servlet.DispatcherServletAutoConfiguration$DispatcherServletConfiguration'
2025-10-01 17:10:52 [main] DEBUG DefaultListableBeanFactory:225 - Creating shared instance of singleton bean 'spring.mvc-org.springframework.boot.autoconfigure.web.servlet.WebMvcProperties'
2025-10-01 17:10:52 [main] DEBUG DefaultListableBeanFactory:952 - Autowiring by type from bean name 'dispatcherServlet' via factory method to bean named 'spring.mvc-org.springframework.boot.autoconfigure.web.servlet.WebMvcProperties'
2025-10-01 17:10:52 [main] DEBUG DefaultListableBeanFactory:952 - Autowiring by type from bean name 'dispatcherServletRegistration' via factory method to bean named 'dispatcherServlet'
2025-10-01 17:10:52 [main] DEBUG DefaultListableBeanFactory:952 - Autowiring by type from bean name 'dispatcherServletRegistration' via factory method to bean named 'spring.mvc-org.springframework.boot.autoconfigure.web.servlet.WebMvcProperties'
2025-10-01 17:10:52 [main] DEBUG DefaultListableBeanFactory:225 - Creating shared instance of singleton bean 'multipartConfigElement'
2025-10-01 17:10:52 [main] DEBUG DefaultListableBeanFactory:225 - Creating shared instance of singleton bean 'org.springframework.boot.autoconfigure.web.servlet.MultipartAutoConfiguration'
2025-10-01 17:10:52 [main] DEBUG DefaultListableBeanFactory:225 - Creating shared instance of singleton bean 'spring.servlet.multipart-org.springframework.boot.autoconfigure.web.servlet.MultipartProperties'
2025-10-01 17:10:52 [main] DEBUG DefaultListableBeanFactory:952 - Autowiring by type from bean name 'org.springframework.boot.autoconfigure.web.servlet.MultipartAutoConfiguration' via constructor to bean named 'spring.servlet.multipart-org.springframework.boot.autoconfigure.web.servlet.MultipartProperties'
2025-10-01 17:10:52 [main] DEBUG DefaultListableBeanFactory:952 - Autowiring by type from bean name 'errorPageCustomizer' via factory method to bean named 'dispatcherServletRegistration'
2025-10-01 17:10:52 [main] DEBUG TomcatServletWebServerFactory:81 - Code archive: C:\Users\drucc\.m2\repository\org\springframework\boot\spring-boot\2.7.18\spring-boot-2.7.18.jar
2025-10-01 17:10:52 [main] DEBUG TomcatServletWebServerFactory:125 - Code archive: C:\Users\drucc\.m2\repository\org\springframework\boot\spring-boot\2.7.18\spring-boot-2.7.18.jar
2025-10-01 17:10:52 [main] DEBUG TomcatServletWebServerFactory:149 - None of the document roots [src/main/webapp, public, static] point to a directory and will be ignored.
2025-10-01 17:10:52 [main] INFO  TomcatWebServer:108 - Tomcat initialized with port(s): 8080 (http)
2025-10-01 17:10:52 [main] INFO  Http11NioProtocol:173 - Initializing ProtocolHandler ["http-nio-8080"]
2025-10-01 17:10:52 [main] INFO  StandardService:173 - Starting service [Tomcat]
2025-10-01 17:10:52 [main] INFO  StandardEngine:173 - Starting Servlet engine: [Apache Tomcat/9.0.83]
2025-10-01 17:10:52 [main] INFO  [/]:173 - Initializing Spring embedded WebApplicationContext
2025-10-01 17:10:52 [main] DEBUG ServletWebServerApplicationContext:286 - Published root WebApplicationContext as ServletContext attribute with name [org.springframework.web.context.WebApplicationContext.ROOT]
2025-10-01 17:10:52 [main] INFO  ServletWebServerApplicationContext:292 - Root WebApplicationContext: initialization completed in 1169 ms
2025-10-01 17:10:52 [main] DEBUG DefaultListableBeanFactory:225 - Creating shared instance of singleton bean 'errorPageSecurityFilter'
2025-10-01 17:10:52 [main] DEBUG DefaultListableBeanFactory:225 - Creating shared instance of singleton bean 'org.springframework.boot.autoconfigure.security.servlet.SpringBootWebSecurityConfiguration$ErrorPageSecurityFilterConfiguration'
2025-10-01 17:10:52 [main] DEBUG DefaultListableBeanFactory:952 - Autowiring by type from bean name 'errorPageSecurityFilter' via factory method to bean named 'org.springframework.boot.web.servlet.context.AnnotationConfigServletWebServerApplicationContext@56ace400'
2025-10-01 17:10:52 [main] DEBUG DefaultListableBeanFactory:225 - Creating shared instance of singleton bean 'securityFilterChainRegistration'
2025-10-01 17:10:52 [main] DEBUG DefaultListableBeanFactory:225 - Creating shared instance of singleton bean 'org.springframework.boot.autoconfigure.security.servlet.SecurityFilterAutoConfiguration'
2025-10-01 17:10:52 [main] DEBUG DefaultListableBeanFactory:225 - Creating shared instance of singleton bean 'spring.security-org.springframework.boot.autoconfigure.security.SecurityProperties'
2025-10-01 17:10:52 [main] DEBUG DefaultListableBeanFactory:952 - Autowiring by type from bean name 'securityFilterChainRegistration' via factory method to bean named 'spring.security-org.springframework.boot.autoconfigure.security.SecurityProperties'
2025-10-01 17:10:52 [main] DEBUG DefaultListableBeanFactory:225 - Creating shared instance of singleton bean 'jwtAuthFilter'
2025-10-01 17:10:52 [main] DEBUG DefaultListableBeanFactory:225 - Creating shared instance of singleton bean 'jwtUtil'
2025-10-01 17:10:53 [main] DEBUG ConfigurationPropertySourcesPropertyResolver$DefaultResolver:115 - Found key 'jwt_secret' in PropertySource 'Config resource 'class path resource [application.properties]' via location 'optional:classpath:/'' with value of type String
2025-10-01 17:10:53 [main] DEBUG PropertySourcesPropertyResolver:115 - Found key 'jwt_secret' in PropertySource 'environmentProperties' with value of type String
2025-10-01 17:10:53 [main] DEBUG DefaultListableBeanFactory:952 - Autowiring by type from bean name 'jwtAuthFilter' via constructor to bean named 'jwtUtil'
2025-10-01 17:10:53 [main] DEBUG DefaultListableBeanFactory:225 - Creating shared instance of singleton bean 'requestContextFilter'
2025-10-01 17:10:53 [main] DEBUG DefaultListableBeanFactory:225 - Creating shared instance of singleton bean 'formContentFilter'
2025-10-01 17:10:53 [main] DEBUG DefaultListableBeanFactory:225 - Creating shared instance of singleton bean 'org.springframework.boot.autoconfigure.web.servlet.WebMvcAutoConfiguration'
2025-10-01 17:10:53 [main] DEBUG DefaultListableBeanFactory:225 - Creating shared instance of singleton bean 'characterEncodingFilter'
2025-10-01 17:10:53 [main] DEBUG ServletContextInitializerBeans:237 - Mapping filters: springSecurityFilterChain urls=[/*] order=-100, filterRegistrationBean urls=[/*] order=2147483647, characterEncodingFilter urls=[/*] order=-2147483648, formContentFilter urls=[/*] order=-9900, requestContextFilter urls=[/*] order=-105, jwtAuthFilter urls=[/*] order=2147483647
2025-10-01 17:10:53 [main] DEBUG ServletContextInitializerBeans:237 - Mapping servlets: dispatcherServlet urls=[/]
2025-10-01 17:10:53 [main] DEBUG OrderedRequestContextFilter:242 - Filter 'requestContextFilter' configured for use
2025-10-01 17:10:53 [main] DEBUG JwtAuthFilter:242 - Filter 'jwtAuthFilter' configured for use
2025-10-01 17:10:53 [main] DEBUG OrderedCharacterEncodingFilter:242 - Filter 'characterEncodingFilter' configured for use
2025-10-01 17:10:53 [main] DEBUG DelegatingFilterProxyRegistrationBean$1:242 - Filter 'springSecurityFilterChain' configured for use
2025-10-01 17:10:53 [main] DEBUG OrderedFormContentFilter:242 - Filter 'formContentFilter' configured for use
2025-10-01 17:10:53 [main] DEBUG DefaultListableBeanFactory:225 - Creating shared instance of singleton bean 'bcapApplication'
2025-10-01 17:10:53 [main] DEBUG DefaultListableBeanFactory:225 - Creating shared instance of singleton bean 'serviceSupport'
2025-10-01 17:10:53 [main] DEBUG DefaultListableBeanFactory:225 - Creating shared instance of singleton bean 'authController'
2025-10-01 17:10:53 [main] DEBUG DefaultListableBeanFactory:225 - Creating shared instance of singleton bean 'authService'
2025-10-01 17:10:53 [main] DEBUG DefaultListableBeanFactory:225 - Creating shared instance of singleton bean 'SAZ03F000U'
2025-10-01 17:10:53 [main] DEBUG DefaultListableBeanFactory:225 - Creating shared instance of singleton bean 'bcapController'
2025-10-01 17:10:53 [main] DEBUG DefaultListableBeanFactory:225 - Creating shared instance of singleton bean 'exampleController'
2025-10-01 17:10:53 [main] DEBUG DefaultListableBeanFactory:225 - Creating shared instance of singleton bean 'exampleService'
2025-10-01 17:10:53 [main] DEBUG PropertySourcesPropertyResolver:115 - Found key 'aes.secret.key' in PropertySource 'environmentProperties' with value of type String
2025-10-01 17:10:53 [main] DEBUG DefaultListableBeanFactory:225 - Creating shared instance of singleton bean 'SED03F107R'
2025-10-01 17:10:53 [main] DEBUG DefaultListableBeanFactory:225 - Creating shared instance of singleton bean 'SAC02F452R'
2025-10-01 17:10:53 [main] DEBUG DefaultListableBeanFactory:225 - Creating shared instance of singleton bean 'SAZ03V701U'
2025-10-01 17:10:53 [main] DEBUG DefaultListableBeanFactory:225 - Creating shared instance of singleton bean 'fileManagerController'
2025-10-01 17:10:53 [main] DEBUG DefaultListableBeanFactory:225 - Creating shared instance of singleton bean 'fileUploadService'
2025-10-01 17:10:53 [main] DEBUG PropertySourcesPropertyResolver:115 - Found key 'file.upload.path' in PropertySource 'environmentProperties' with value of type String
2025-10-01 17:10:53 [main] DEBUG PropertySourcesPropertyResolver:115 - Found key 'file.ext.filter' in PropertySource 'environmentProperties' with value of type String
2025-10-01 17:10:53 [main] DEBUG DefaultListableBeanFactory:225 - Creating shared instance of singleton bean 'fileManagerService'
2025-10-01 17:10:53 [main] DEBUG DefaultListableBeanFactory:225 - Creating shared instance of singleton bean 'messageController'
2025-10-01 17:10:53 [main] DEBUG DefaultListableBeanFactory:225 - Creating shared instance of singleton bean 'messageService'
2025-10-01 17:10:53 [main] DEBUG PropertySourcesPropertyResolver:115 - Found key 'aes.secret.key' in PropertySource 'environmentProperties' with value of type String
2025-10-01 17:10:53 [main] DEBUG DefaultListableBeanFactory:225 - Creating shared instance of singleton bean 'SAC01F995R'
2025-10-01 17:10:53 [main] DEBUG DefaultListableBeanFactory:225 - Creating shared instance of singleton bean 'SAC02F531U'
2025-10-01 17:10:53 [main] DEBUG DefaultListableBeanFactory:225 - Creating shared instance of singleton bean 'SAC04V125R'
2025-10-01 17:10:53 [main] DEBUG DefaultListableBeanFactory:225 - Creating shared instance of singleton bean 'SAC04V126R'
2025-10-01 17:10:53 [main] DEBUG DefaultListableBeanFactory:225 - Creating shared instance of singleton bean 'SAC04V127U'
2025-10-01 17:10:53 [main] DEBUG DefaultListableBeanFactory:225 - Creating shared instance of singleton bean 'SAC04V227U'
2025-10-01 17:10:53 [main] DEBUG DefaultListableBeanFactory:225 - Creating shared instance of singleton bean 'SAC04V228R'
2025-10-01 17:10:53 [main] DEBUG DefaultListableBeanFactory:225 - Creating shared instance of singleton bean 'SAC06F244R'
2025-10-01 17:10:53 [main] DEBUG DefaultListableBeanFactory:225 - Creating shared instance of singleton bean 'SAC06F245R'
2025-10-01 17:10:53 [main] DEBUG DefaultListableBeanFactory:225 - Creating shared instance of singleton bean 'SAC06V610R'
2025-10-01 17:10:53 [main] DEBUG DefaultListableBeanFactory:225 - Creating shared instance of singleton bean 'SAZ01F111R'
2025-10-01 17:10:53 [main] DEBUG DefaultListableBeanFactory:225 - Creating shared instance of singleton bean 'SAZ01F112R'
2025-10-01 17:10:53 [main] DEBUG DefaultListableBeanFactory:225 - Creating shared instance of singleton bean 'SAZ01F121R'
2025-10-01 17:10:53 [main] DEBUG DefaultListableBeanFactory:225 - Creating shared instance of singleton bean 'SAZ01F122R'
2025-10-01 17:10:53 [main] DEBUG DefaultListableBeanFactory:225 - Creating shared instance of singleton bean 'SAZ01F123R'
2025-10-01 17:10:53 [main] DEBUG DefaultListableBeanFactory:225 - Creating shared instance of singleton bean 'SAZ02F110R'
2025-10-01 17:10:53 [main] DEBUG DefaultListableBeanFactory:225 - Creating shared instance of singleton bean 'SAZ02F112R'
2025-10-01 17:10:53 [main] DEBUG DefaultListableBeanFactory:225 - Creating shared instance of singleton bean 'SAZ02F113R'
2025-10-01 17:10:53 [main] DEBUG DefaultListableBeanFactory:225 - Creating shared instance of singleton bean 'SAZ02F114R'
2025-10-01 17:10:53 [main] DEBUG DefaultListableBeanFactory:225 - Creating shared instance of singleton bean 'SAZ02F116R'
2025-10-01 17:10:53 [main] DEBUG DefaultListableBeanFactory:225 - Creating shared instance of singleton bean 'SAZ02F120R'
2025-10-01 17:10:53 [main] DEBUG DefaultListableBeanFactory:225 - Creating shared instance of singleton bean 'SAZ02F123R'
2025-10-01 17:10:53 [main] DEBUG DefaultListableBeanFactory:225 - Creating shared instance of singleton bean 'SAZ02F132R'
2025-10-01 17:10:53 [main] DEBUG DefaultListableBeanFactory:225 - Creating shared instance of singleton bean 'SAZ02F172R'
2025-10-01 17:10:53 [main] DEBUG DefaultListableBeanFactory:225 - Creating shared instance of singleton bean 'SAZ02F173R'
2025-10-01 17:10:53 [main] DEBUG DefaultListableBeanFactory:225 - Creating shared instance of singleton bean 'SAZ02F175R'
2025-10-01 17:10:53 [main] DEBUG DefaultListableBeanFactory:225 - Creating shared instance of singleton bean 'SAZ02F176R'
2025-10-01 17:10:53 [main] DEBUG DefaultListableBeanFactory:225 - Creating shared instance of singleton bean 'SAZ03F010R'
2025-10-01 17:10:53 [main] DEBUG DefaultListableBeanFactory:225 - Creating shared instance of singleton bean 'SAZ05F030R'
2025-10-01 17:10:53 [main] DEBUG DefaultListableBeanFactory:225 - Creating shared instance of singleton bean 'SED03F075R'
2025-10-01 17:10:53 [main] DEBUG DefaultListableBeanFactory:225 - Creating shared instance of singleton bean 'SED05F480R'
2025-10-01 17:10:53 [main] DEBUG DefaultListableBeanFactory:225 - Creating shared instance of singleton bean 'SMC02F042R'
2025-10-01 17:10:53 [main] DEBUG DefaultListableBeanFactory:225 - Creating shared instance of singleton bean 'SMC02V051U'
2025-10-01 17:10:53 [main] DEBUG DefaultListableBeanFactory:225 - Creating shared instance of singleton bean 'SMC05F111R'
2025-10-01 17:10:53 [main] DEBUG DefaultListableBeanFactory:225 - Creating shared instance of singleton bean 'SMC05F112R'
2025-10-01 17:10:53 [main] DEBUG DefaultListableBeanFactory:225 - Creating shared instance of singleton bean 'SMC05F216R'
2025-10-01 17:10:53 [main] DEBUG DefaultListableBeanFactory:225 - Creating shared instance of singleton bean 'SMC07V005R'
2025-10-01 17:10:53 [main] DEBUG DefaultListableBeanFactory:225 - Creating shared instance of singleton bean 'SMC15V016U'
2025-10-01 17:10:53 [main] DEBUG DefaultListableBeanFactory:225 - Creating shared instance of singleton bean 'SMC15V018U'
2025-10-01 17:10:53 [main] DEBUG DefaultListableBeanFactory:225 - Creating shared instance of singleton bean 'SMT01F009C'
2025-10-01 17:10:53 [main] DEBUG DefaultListableBeanFactory:225 - Creating shared instance of singleton bean 'SMT02F002C'
2025-10-01 17:10:53 [main] DEBUG DefaultListableBeanFactory:225 - Creating shared instance of singleton bean 'SMT02F003U'
2025-10-01 17:10:53 [main] DEBUG DefaultListableBeanFactory:225 - Creating shared instance of singleton bean 'SMT03F010R'
2025-10-01 17:10:53 [main] DEBUG DefaultListableBeanFactory:225 - Creating shared instance of singleton bean 'SMT03F080R'
2025-10-01 17:10:53 [main] DEBUG DefaultListableBeanFactory:225 - Creating shared instance of singleton bean 'customAuthEntryPoint'
2025-10-01 17:10:53 [main] DEBUG DefaultListableBeanFactory:225 - Creating shared instance of singleton bean 'securityConfig'
2025-10-01 17:10:53 [main] DEBUG LocalVariableTableParameterNameDiscoverer:105 - Cannot find '.class' file for class [class maas.bcap.security.SecurityConfig$$EnhancerBySpringCGLIB$$bb79f9cf] - unable to determine constructor/method parameter names
2025-10-01 17:10:53 [main] DEBUG DefaultListableBeanFactory:952 - Autowiring by type from bean name 'securityConfig' via constructor to bean named 'jwtAuthFilter'
2025-10-01 17:10:53 [main] DEBUG DefaultListableBeanFactory:952 - Autowiring by type from bean name 'securityConfig' via constructor to bean named 'customAuthEntryPoint'
2025-10-01 17:10:53 [main] DEBUG DefaultListableBeanFactory:225 - Creating shared instance of singleton bean 'filterChain'
2025-10-01 17:10:53 [main] DEBUG DefaultListableBeanFactory:225 - Creating shared instance of singleton bean 'org.springframework.security.config.annotation.web.configuration.HttpSecurityConfiguration'
2025-10-01 17:10:53 [main] DEBUG DefaultListableBeanFactory:225 - Creating shared instance of singleton bean 'objectPostProcessor'
2025-10-01 17:10:53 [main] DEBUG DefaultListableBeanFactory:225 - Creating shared instance of singleton bean 'org.springframework.security.config.annotation.configuration.ObjectPostProcessorConfiguration'
2025-10-01 17:10:53 [main] DEBUG DefaultListableBeanFactory:952 - Autowiring by type from bean name 'objectPostProcessor' via factory method to bean named 'org.springframework.beans.factory.support.DefaultListableBeanFactory@7646731d'
2025-10-01 17:10:53 [main] DEBUG DefaultListableBeanFactory:225 - Creating shared instance of singleton bean 'org.springframework.security.config.annotation.authentication.configuration.AuthenticationConfiguration'
2025-10-01 17:10:53 [main] DEBUG DefaultListableBeanFactory:225 - Creating shared instance of singleton bean 'enableGlobalAuthenticationAutowiredConfigurer'
2025-10-01 17:10:53 [main] DEBUG DefaultListableBeanFactory:952 - Autowiring by type from bean name 'enableGlobalAuthenticationAutowiredConfigurer' via factory method to bean named 'org.springframework.boot.web.servlet.context.AnnotationConfigServletWebServerApplicationContext@56ace400'
2025-10-01 17:10:53 [main] DEBUG DefaultListableBeanFactory:225 - Creating shared instance of singleton bean 'initializeUserDetailsBeanManagerConfigurer'
2025-10-01 17:10:53 [main] DEBUG DefaultListableBeanFactory:952 - Autowiring by type from bean name 'initializeUserDetailsBeanManagerConfigurer' via factory method to bean named 'org.springframework.boot.web.servlet.context.AnnotationConfigServletWebServerApplicationContext@56ace400'
2025-10-01 17:10:53 [main] DEBUG DefaultListableBeanFactory:225 - Creating shared instance of singleton bean 'initializeAuthenticationProviderBeanManagerConfigurer'
2025-10-01 17:10:53 [main] DEBUG DefaultListableBeanFactory:952 - Autowiring by type from bean name 'initializeAuthenticationProviderBeanManagerConfigurer' via factory method to bean named 'org.springframework.boot.web.servlet.context.AnnotationConfigServletWebServerApplicationContext@56ace400'
2025-10-01 17:10:53 [main] DEBUG DefaultListableBeanFactory:225 - Creating shared instance of singleton bean 'authenticationManagerBuilder'
2025-10-01 17:10:53 [main] DEBUG DefaultListableBeanFactory:952 - Autowiring by type from bean name 'authenticationManagerBuilder' via factory method to bean named 'objectPostProcessor'
2025-10-01 17:10:53 [main] DEBUG DefaultListableBeanFactory:952 - Autowiring by type from bean name 'authenticationManagerBuilder' via factory method to bean named 'org.springframework.boot.web.servlet.context.AnnotationConfigServletWebServerApplicationContext@56ace400'
2025-10-01 17:10:53 [main] DEBUG DefaultListableBeanFactory:225 - Creating shared instance of singleton bean 'authenticationEventPublisher'
2025-10-01 17:10:53 [main] DEBUG DefaultListableBeanFactory:225 - Creating shared instance of singleton bean 'org.springframework.boot.autoconfigure.security.servlet.SecurityAutoConfiguration'
2025-10-01 17:10:53 [main] DEBUG DefaultListableBeanFactory:952 - Autowiring by type from bean name 'authenticationEventPublisher' via factory method to bean named 'org.springframework.boot.web.servlet.context.AnnotationConfigServletWebServerApplicationContext@56ace400'
2025-10-01 17:10:53 [main] DEBUG DefaultListableBeanFactory:225 - Creating shared instance of singleton bean 'org.springframework.boot.autoconfigure.security.servlet.SpringBootWebSecurityConfiguration$WebSecurityEnablerConfiguration'
2025-10-01 17:10:53 [main] DEBUG DefaultListableBeanFactory:225 - Creating shared instance of singleton bean 'inMemoryUserDetailsManager'
2025-10-01 17:10:53 [main] DEBUG DefaultListableBeanFactory:225 - Creating shared instance of singleton bean 'org.springframework.boot.autoconfigure.security.servlet.UserDetailsServiceAutoConfiguration'
2025-10-01 17:10:53 [main] DEBUG DefaultListableBeanFactory:952 - Autowiring by type from bean name 'inMemoryUserDetailsManager' via factory method to bean named 'spring.security-org.springframework.boot.autoconfigure.security.SecurityProperties'
2025-10-01 17:10:53 [main] WARN  UserDetailsServiceAutoConfiguration:89 - 

Using generated security password: f7a27d8e-e840-4e1d-82f4-db3e8f816b44

This generated password is for development use only. Your security configuration must be updated before running your application in production.

2025-10-01 17:10:53 [main] DEBUG DefaultListableBeanFactory:952 - Autowiring by type from bean name 'filterChain' via factory method to bean named 'org.springframework.security.config.annotation.web.configuration.HttpSecurityConfiguration.httpSecurity'
2025-10-01 17:10:53 [main] DEBUG DefaultListableBeanFactory:225 - Creating shared instance of singleton bean 'corsConfigurationSource'
2025-10-01 17:10:53 [main] INFO  DefaultSecurityFilterChain:55 - Will secure any request with [org.springframework.security.web.session.DisableEncodeUrlFilter@a6c54c3, org.springframework.security.web.context.request.async.WebAsyncManagerIntegrationFilter@580fd26b, org.springframework.security.web.context.SecurityContextPersistenceFilter@342e690b, org.springframework.security.web.header.HeaderWriterFilter@2dbc408c, org.springframework.web.filter.CorsFilter@78fe204a, org.springframework.security.web.authentication.logout.LogoutFilter@3b83459e, maas.bcap.security.JwtAuthFilter@788ba63e, org.springframework.security.web.savedrequest.RequestCacheAwareFilter@78ec89a6, org.springframework.security.web.servletapi.SecurityContextHolderAwareRequestFilter@642a16aa, org.springframework.security.web.authentication.AnonymousAuthenticationFilter@1290ed28, org.springframework.security.web.session.SessionManagementFilter@2e7bf7b7, org.springframework.security.web.access.ExceptionTranslationFilter@55f4887d, org.springframework.security.web.access.intercept.AuthorizationFilter@4b432e53]
2025-10-01 17:10:53 [main] DEBUG DefaultListableBeanFactory:225 - Creating shared instance of singleton bean 'org.springframework.boot.autoconfigure.AutoConfigurationPackages'
2025-10-01 17:10:53 [main] DEBUG DefaultListableBeanFactory:225 - Creating shared instance of singleton bean 'org.springframework.boot.autoconfigure.context.PropertyPlaceholderAutoConfiguration'
2025-10-01 17:10:53 [main] DEBUG DefaultListableBeanFactory:225 - Creating shared instance of singleton bean 'org.springframework.boot.autoconfigure.websocket.servlet.WebSocketServletAutoConfiguration'
2025-10-01 17:10:53 [main] DEBUG DefaultListableBeanFactory:225 - Creating shared instance of singleton bean 'org.springframework.boot.context.properties.EnableConfigurationPropertiesRegistrar.methodValidationExcludeFilter'
2025-10-01 17:10:53 [main] DEBUG DefaultListableBeanFactory:225 - Creating shared instance of singleton bean 'org.springframework.boot.autoconfigure.web.servlet.DispatcherServletAutoConfiguration'
2025-10-01 17:10:53 [main] DEBUG DefaultListableBeanFactory:225 - Creating shared instance of singleton bean 'org.springframework.boot.autoconfigure.task.TaskExecutionAutoConfiguration'
2025-10-01 17:10:53 [main] DEBUG DefaultListableBeanFactory:225 - Creating shared instance of singleton bean 'taskExecutorBuilder'
2025-10-01 17:10:53 [main] DEBUG DefaultListableBeanFactory:225 - Creating shared instance of singleton bean 'spring.task.execution-org.springframework.boot.autoconfigure.task.TaskExecutionProperties'
2025-10-01 17:10:53 [main] DEBUG DefaultListableBeanFactory:952 - Autowiring by type from bean name 'taskExecutorBuilder' via factory method to bean named 'spring.task.execution-org.springframework.boot.autoconfigure.task.TaskExecutionProperties'
2025-10-01 17:10:53 [main] DEBUG DefaultListableBeanFactory:225 - Creating shared instance of singleton bean 'org.springframework.boot.autoconfigure.web.servlet.error.ErrorMvcAutoConfiguration$WhitelabelErrorViewConfiguration'
2025-10-01 17:10:53 [main] DEBUG DefaultListableBeanFactory:225 - Creating shared instance of singleton bean 'error'
2025-10-01 17:10:53 [main] DEBUG DefaultListableBeanFactory:225 - Creating shared instance of singleton bean 'beanNameViewResolver'
2025-10-01 17:10:53 [main] DEBUG DefaultListableBeanFactory:225 - Creating shared instance of singleton bean 'org.springframework.boot.autoconfigure.web.servlet.error.ErrorMvcAutoConfiguration$DefaultErrorViewResolverConfiguration'
2025-10-01 17:10:53 [main] DEBUG DefaultListableBeanFactory:225 - Creating shared instance of singleton bean 'spring.web-org.springframework.boot.autoconfigure.web.WebProperties'
2025-10-01 17:10:53 [main] DEBUG DefaultListableBeanFactory:952 - Autowiring by type from bean name 'org.springframework.boot.autoconfigure.web.servlet.error.ErrorMvcAutoConfiguration$DefaultErrorViewResolverConfiguration' via constructor to bean named 'org.springframework.boot.web.servlet.context.AnnotationConfigServletWebServerApplicationContext@56ace400'
2025-10-01 17:10:53 [main] DEBUG DefaultListableBeanFactory:952 - Autowiring by type from bean name 'org.springframework.boot.autoconfigure.web.servlet.error.ErrorMvcAutoConfiguration$DefaultErrorViewResolverConfiguration' via constructor to bean named 'spring.web-org.springframework.boot.autoconfigure.web.WebProperties'
2025-10-01 17:10:53 [main] DEBUG DefaultListableBeanFactory:225 - Creating shared instance of singleton bean 'conventionErrorViewResolver'
2025-10-01 17:10:53 [main] DEBUG DefaultListableBeanFactory:225 - Creating shared instance of singleton bean 'errorAttributes'
2025-10-01 17:10:53 [main] DEBUG DefaultListableBeanFactory:225 - Creating shared instance of singleton bean 'basicErrorController'
2025-10-01 17:10:53 [main] DEBUG DefaultListableBeanFactory:952 - Autowiring by type from bean name 'basicErrorController' via factory method to bean named 'errorAttributes'
2025-10-01 17:10:53 [main] DEBUG DefaultListableBeanFactory:225 - Creating shared instance of singleton bean 'org.springframework.boot.autoconfigure.web.servlet.WebMvcAutoConfiguration$EnableWebMvcConfiguration'
2025-10-01 17:10:53 [main] DEBUG DefaultListableBeanFactory:952 - Autowiring by type from bean name 'org.springframework.boot.autoconfigure.web.servlet.WebMvcAutoConfiguration$EnableWebMvcConfiguration' via constructor to bean named 'spring.mvc-org.springframework.boot.autoconfigure.web.servlet.WebMvcProperties'
2025-10-01 17:10:53 [main] DEBUG DefaultListableBeanFactory:952 - Autowiring by type from bean name 'org.springframework.boot.autoconfigure.web.servlet.WebMvcAutoConfiguration$EnableWebMvcConfiguration' via constructor to bean named 'spring.web-org.springframework.boot.autoconfigure.web.WebProperties'
2025-10-01 17:10:53 [main] DEBUG DefaultListableBeanFactory:952 - Autowiring by type from bean name 'org.springframework.boot.autoconfigure.web.servlet.WebMvcAutoConfiguration$EnableWebMvcConfiguration' via constructor to bean named 'org.springframework.beans.factory.support.DefaultListableBeanFactory@7646731d'
2025-10-01 17:10:53 [main] DEBUG DefaultListableBeanFactory:225 - Creating shared instance of singleton bean 'org.springframework.boot.autoconfigure.web.servlet.WebMvcAutoConfiguration$WebMvcAutoConfigurationAdapter'
2025-10-01 17:10:53 [main] DEBUG DefaultListableBeanFactory:952 - Autowiring by type from bean name 'org.springframework.boot.autoconfigure.web.servlet.WebMvcAutoConfiguration$WebMvcAutoConfigurationAdapter' via constructor to bean named 'spring.web-org.springframework.boot.autoconfigure.web.WebProperties'
2025-10-01 17:10:53 [main] DEBUG DefaultListableBeanFactory:952 - Autowiring by type from bean name 'org.springframework.boot.autoconfigure.web.servlet.WebMvcAutoConfiguration$WebMvcAutoConfigurationAdapter' via constructor to bean named 'spring.mvc-org.springframework.boot.autoconfigure.web.servlet.WebMvcProperties'
2025-10-01 17:10:53 [main] DEBUG DefaultListableBeanFactory:952 - Autowiring by type from bean name 'org.springframework.boot.autoconfigure.web.servlet.WebMvcAutoConfiguration$WebMvcAutoConfigurationAdapter' via constructor to bean named 'org.springframework.beans.factory.support.DefaultListableBeanFactory@7646731d'
2025-10-01 17:10:53 [main] DEBUG DefaultListableBeanFactory:225 - Creating shared instance of singleton bean 'org.springframework.security.config.annotation.web.configuration.WebMvcSecurityConfiguration'
2025-10-01 17:10:53 [main] DEBUG DefaultListableBeanFactory:225 - Creating shared instance of singleton bean 'requestMappingHandlerAdapter'
2025-10-01 17:10:53 [main] DEBUG DefaultListableBeanFactory:225 - Creating shared instance of singleton bean 'mvcContentNegotiationManager'
2025-10-01 17:10:53 [main] DEBUG DefaultListableBeanFactory:225 - Creating shared instance of singleton bean 'mvcConversionService'
2025-10-01 17:10:53 [main] DEBUG DefaultListableBeanFactory:225 - Creating shared instance of singleton bean 'mvcValidator'
2025-10-01 17:10:53 [main] DEBUG DefaultListableBeanFactory:952 - Autowiring by type from bean name 'requestMappingHandlerAdapter' via factory method to bean named 'mvcContentNegotiationManager'
2025-10-01 17:10:53 [main] DEBUG DefaultListableBeanFactory:952 - Autowiring by type from bean name 'requestMappingHandlerAdapter' via factory method to bean named 'mvcConversionService'
2025-10-01 17:10:53 [main] DEBUG DefaultListableBeanFactory:952 - Autowiring by type from bean name 'requestMappingHandlerAdapter' via factory method to bean named 'mvcValidator'
2025-10-01 17:10:53 [main] DEBUG DefaultListableBeanFactory:952 - Autowiring by type from bean name 'requestMappingHandlerAdapter' via factory method to bean named 'mvcContentNegotiationManager'
2025-10-01 17:10:53 [main] DEBUG DefaultListableBeanFactory:952 - Autowiring by type from bean name 'requestMappingHandlerAdapter' via factory method to bean named 'mvcConversionService'
2025-10-01 17:10:53 [main] DEBUG DefaultListableBeanFactory:952 - Autowiring by type from bean name 'requestMappingHandlerAdapter' via factory method to bean named 'mvcValidator'
2025-10-01 17:10:53 [main] DEBUG DefaultListableBeanFactory:225 - Creating shared instance of singleton bean 'messageConverters'
2025-10-01 17:10:53 [main] DEBUG DefaultListableBeanFactory:225 - Creating shared instance of singleton bean 'org.springframework.boot.autoconfigure.http.HttpMessageConvertersAutoConfiguration'
2025-10-01 17:10:53 [main] DEBUG DefaultListableBeanFactory:225 - Creating shared instance of singleton bean 'stringHttpMessageConverter'
2025-10-01 17:10:53 [main] DEBUG DefaultListableBeanFactory:225 - Creating shared instance of singleton bean 'org.springframework.boot.autoconfigure.http.HttpMessageConvertersAutoConfiguration$StringHttpMessageConverterConfiguration'
2025-10-01 17:10:53 [main] DEBUG DefaultListableBeanFactory:952 - Autowiring by type from bean name 'stringHttpMessageConverter' via factory method to bean named 'environment'
2025-10-01 17:10:53 [main] DEBUG DefaultListableBeanFactory:225 - Creating shared instance of singleton bean 'mappingJackson2HttpMessageConverter'
2025-10-01 17:10:53 [main] DEBUG DefaultListableBeanFactory:225 - Creating shared instance of singleton bean 'org.springframework.boot.autoconfigure.http.JacksonHttpMessageConvertersConfiguration$MappingJackson2HttpMessageConverterConfiguration'
2025-10-01 17:10:53 [main] DEBUG DefaultListableBeanFactory:225 - Creating shared instance of singleton bean 'jacksonObjectMapper'
2025-10-01 17:10:53 [main] DEBUG DefaultListableBeanFactory:225 - Creating shared instance of singleton bean 'org.springframework.boot.autoconfigure.jackson.JacksonAutoConfiguration$JacksonObjectMapperConfiguration'
2025-10-01 17:10:53 [main] DEBUG DefaultListableBeanFactory:225 - Creating shared instance of singleton bean 'org.springframework.boot.autoconfigure.jackson.JacksonAutoConfiguration$JacksonObjectMapperBuilderConfiguration'
2025-10-01 17:10:53 [main] DEBUG DefaultListableBeanFactory:225 - Creating shared instance of singleton bean 'standardJacksonObjectMapperBuilderCustomizer'
2025-10-01 17:10:53 [main] DEBUG DefaultListableBeanFactory:225 - Creating shared instance of singleton bean 'org.springframework.boot.autoconfigure.jackson.JacksonAutoConfiguration$Jackson2ObjectMapperBuilderCustomizerConfiguration'
2025-10-01 17:10:53 [main] DEBUG DefaultListableBeanFactory:225 - Creating shared instance of singleton bean 'spring.jackson-org.springframework.boot.autoconfigure.jackson.JacksonProperties'
2025-10-01 17:10:53 [main] DEBUG DefaultListableBeanFactory:952 - Autowiring by type from bean name 'standardJacksonObjectMapperBuilderCustomizer' via factory method to bean named 'org.springframework.boot.web.servlet.context.AnnotationConfigServletWebServerApplicationContext@56ace400'
2025-10-01 17:10:53 [main] DEBUG DefaultListableBeanFactory:952 - Autowiring by type from bean name 'standardJacksonObjectMapperBuilderCustomizer' via factory method to bean named 'spring.jackson-org.springframework.boot.autoconfigure.jackson.JacksonProperties'
2025-10-01 17:10:53 [main] DEBUG DefaultListableBeanFactory:952 - Autowiring by type from bean name 'jacksonObjectMapperBuilder' via factory method to bean named 'org.springframework.boot.web.servlet.context.AnnotationConfigServletWebServerApplicationContext@56ace400'
2025-10-01 17:10:53 [main] DEBUG DefaultListableBeanFactory:952 - Autowiring by type from bean name 'jacksonObjectMapperBuilder' via factory method to bean named 'standardJacksonObjectMapperBuilderCustomizer'
2025-10-01 17:10:53 [main] DEBUG DefaultListableBeanFactory:225 - Creating shared instance of singleton bean 'parameterNamesModule'
2025-10-01 17:10:53 [main] DEBUG DefaultListableBeanFactory:225 - Creating shared instance of singleton bean 'org.springframework.boot.autoconfigure.jackson.JacksonAutoConfiguration$ParameterNamesModuleConfiguration'
2025-10-01 17:10:53 [main] DEBUG DefaultListableBeanFactory:225 - Creating shared instance of singleton bean 'jsonComponentModule'
2025-10-01 17:10:53 [main] DEBUG DefaultListableBeanFactory:225 - Creating shared instance of singleton bean 'org.springframework.boot.autoconfigure.jackson.JacksonAutoConfiguration'
2025-10-01 17:10:53 [main] DEBUG DefaultListableBeanFactory:225 - Creating shared instance of singleton bean 'jsonMixinModule'
2025-10-01 17:10:53 [main] DEBUG DefaultListableBeanFactory:952 - Autowiring by type from bean name 'jsonMixinModule' via factory method to bean named 'org.springframework.boot.web.servlet.context.AnnotationConfigServletWebServerApplicationContext@56ace400'
2025-10-01 17:10:53 [main] DEBUG AutoConfigurationPackages:196 - @EnableAutoConfiguration was declared on a class in the package 'maas.bcap'. Automatic @Repository and @Entity scanning is enabled.
2025-10-01 17:10:53 [main] DEBUG DefaultListableBeanFactory:952 - Autowiring by type from bean name 'jacksonObjectMapper' via factory method to bean named 'jacksonObjectMapperBuilder'
2025-10-01 17:10:53 [main] DEBUG DefaultListableBeanFactory:952 - Autowiring by type from bean name 'mappingJackson2HttpMessageConverter' via factory method to bean named 'jacksonObjectMapper'
2025-10-01 17:10:53 [main] DEBUG DefaultListableBeanFactory:225 - Creating shared instance of singleton bean 'applicationTaskExecutor'
2025-10-01 17:10:53 [main] DEBUG DefaultListableBeanFactory:952 - Autowiring by type from bean name 'applicationTaskExecutor' via factory method to bean named 'taskExecutorBuilder'
2025-10-01 17:10:53 [main] DEBUG ThreadPoolTaskExecutor:184 - Initializing ExecutorService 'applicationTaskExecutor'
2025-10-01 17:10:53 [main] DEBUG RequestMappingHandlerAdapter:625 - ControllerAdvice beans: 0 @ModelAttribute, 0 @InitBinder, 1 RequestBodyAdvice, 1 ResponseBodyAdvice
2025-10-01 17:10:53 [main] DEBUG DefaultListableBeanFactory:225 - Creating shared instance of singleton bean 'welcomePageHandlerMapping'
2025-10-01 17:10:53 [main] DEBUG DefaultListableBeanFactory:225 - Creating shared instance of singleton bean 'mvcResourceUrlProvider'
2025-10-01 17:10:53 [main] DEBUG DefaultListableBeanFactory:952 - Autowiring by type from bean name 'welcomePageHandlerMapping' via factory method to bean named 'org.springframework.boot.web.servlet.context.AnnotationConfigServletWebServerApplicationContext@56ace400'
2025-10-01 17:10:53 [main] DEBUG DefaultListableBeanFactory:952 - Autowiring by type from bean name 'welcomePageHandlerMapping' via factory method to bean named 'mvcConversionService'
2025-10-01 17:10:53 [main] DEBUG DefaultListableBeanFactory:952 - Autowiring by type from bean name 'welcomePageHandlerMapping' via factory method to bean named 'mvcResourceUrlProvider'
2025-10-01 17:10:53 [main] DEBUG DefaultListableBeanFactory:225 - Creating shared instance of singleton bean 'welcomePageNotAcceptableHandlerMapping'
2025-10-01 17:10:53 [main] DEBUG DefaultListableBeanFactory:952 - Autowiring by type from bean name 'welcomePageNotAcceptableHandlerMapping' via factory method to bean named 'org.springframework.boot.web.servlet.context.AnnotationConfigServletWebServerApplicationContext@56ace400'
2025-10-01 17:10:53 [main] DEBUG DefaultListableBeanFactory:952 - Autowiring by type from bean name 'welcomePageNotAcceptableHandlerMapping' via factory method to bean named 'mvcConversionService'
2025-10-01 17:10:53 [main] DEBUG DefaultListableBeanFactory:952 - Autowiring by type from bean name 'welcomePageNotAcceptableHandlerMapping' via factory method to bean named 'mvcResourceUrlProvider'
2025-10-01 17:10:53 [main] DEBUG DefaultListableBeanFactory:225 - Creating shared instance of singleton bean 'localeResolver'
2025-10-01 17:10:53 [main] DEBUG DefaultListableBeanFactory:225 - Creating shared instance of singleton bean 'themeResolver'
2025-10-01 17:10:53 [main] DEBUG DefaultListableBeanFactory:225 - Creating shared instance of singleton bean 'flashMapManager'
2025-10-01 17:10:53 [main] DEBUG DefaultListableBeanFactory:225 - Creating shared instance of singleton bean 'requestMappingHandlerMapping'
2025-10-01 17:10:53 [main] DEBUG DefaultListableBeanFactory:952 - Autowiring by type from bean name 'requestMappingHandlerMapping' via factory method to bean named 'mvcContentNegotiationManager'
2025-10-01 17:10:53 [main] DEBUG DefaultListableBeanFactory:952 - Autowiring by type from bean name 'requestMappingHandlerMapping' via factory method to bean named 'mvcConversionService'
2025-10-01 17:10:53 [main] DEBUG DefaultListableBeanFactory:952 - Autowiring by type from bean name 'requestMappingHandlerMapping' via factory method to bean named 'mvcResourceUrlProvider'
2025-10-01 17:10:53 [main] DEBUG Mappings:295 - 
	m.b.c.AuthController:
	{POST [/auth/login]}: login(HttpServletRequest,LoginInDto)
	{POST [/auth/logout]}: logout(HttpServletRequest,LogOutDto)
	{GET [/auth/me1]}: me1(String)
	{GET [/auth/me2]}: me2()
	{GET [/auth/me3]}: me3(Authentication)
	{GET [/auth/me4]}: me3(AuthInfoDto)
2025-10-01 17:10:53 [main] DEBUG Mappings:295 - 
	m.b.c.BcapController:
	{GET []}: app()
2025-10-01 17:10:53 [main] DEBUG Mappings:295 - 
	m.b.c.ExampleController:
	{GET [/example/test]}: getMethodName(HttpServletRequest)
	{POST [/example/message]}: messageTransferWithoutEncryption(HttpServletRequest,String)
	{POST [/example/login]}: login(HttpServletRequest,LoginInDto)
	{POST [/example/logout]}: logout(HttpServletRequest)
	{GET [/example/call-logging]}: callRemoteAPI()
	{POST [/example/process]}: decryptAndEncrypt(DecryptionInDto)
	{POST [/example/decrypt]}: decryptData(DecryptionInDto)
	{POST [/example/list-of-edc]}: getListOfEDC(HttpServletRequest,ExampleInDto)
2025-10-01 17:10:53 [main] DEBUG Mappings:295 - 
	m.b.c.FileManagerController:
	{GET [/file-manager/download]}: download(HttpServletRequest,HttpServletResponse)
	{POST [/file-manager/upload]}: upload(HttpServletRequest,HttpServletResponse,AuthInfoDto,FileUploadInDto,List)
2025-10-01 17:10:53 [main] DEBUG Mappings:295 - 
	m.b.c.MessageController:
	{POST [/message/forward/weblogic], consumes [application/octet-stream], produces [application/octet-stream]}: forwardWeblogic(HttpServletRequest,byte[])
	{POST [/message]}: messageTransfer(HttpServletRequest,MessageTransferInDto)
2025-10-01 17:10:53 [main] DEBUG Mappings:295 - 
	o.s.b.a.w.s.e.BasicErrorController:
	{ [/error]}: error(HttpServletRequest)
	{ [/error], produces [text/html]}: errorHtml(HttpServletRequest,HttpServletResponse)
2025-10-01 17:10:53 [main] DEBUG RequestMappingHandlerMapping:367 - 21 mappings in 'requestMappingHandlerMapping'
2025-10-01 17:10:53 [main] DEBUG DefaultListableBeanFactory:225 - Creating shared instance of singleton bean 'mvcPatternParser'
2025-10-01 17:10:53 [main] DEBUG DefaultListableBeanFactory:225 - Creating shared instance of singleton bean 'mvcUrlPathHelper'
2025-10-01 17:10:53 [main] DEBUG DefaultListableBeanFactory:225 - Creating shared instance of singleton bean 'mvcPathMatcher'
2025-10-01 17:10:53 [main] DEBUG DefaultListableBeanFactory:225 - Creating shared instance of singleton bean 'viewControllerHandlerMapping'
2025-10-01 17:10:53 [main] DEBUG DefaultListableBeanFactory:952 - Autowiring by type from bean name 'viewControllerHandlerMapping' via factory method to bean named 'mvcConversionService'
2025-10-01 17:10:53 [main] DEBUG DefaultListableBeanFactory:952 - Autowiring by type from bean name 'viewControllerHandlerMapping' via factory method to bean named 'mvcResourceUrlProvider'
2025-10-01 17:10:53 [main] DEBUG DefaultListableBeanFactory:225 - Creating shared instance of singleton bean 'beanNameHandlerMapping'
2025-10-01 17:10:53 [main] DEBUG DefaultListableBeanFactory:952 - Autowiring by type from bean name 'beanNameHandlerMapping' via factory method to bean named 'mvcConversionService'
2025-10-01 17:10:53 [main] DEBUG DefaultListableBeanFactory:952 - Autowiring by type from bean name 'beanNameHandlerMapping' via factory method to bean named 'mvcResourceUrlProvider'
2025-10-01 17:10:53 [main] DEBUG Mappings:86 - 'beanNameHandlerMapping' {}
2025-10-01 17:10:53 [main] DEBUG DefaultListableBeanFactory:225 - Creating shared instance of singleton bean 'routerFunctionMapping'
2025-10-01 17:10:53 [main] DEBUG DefaultListableBeanFactory:952 - Autowiring by type from bean name 'routerFunctionMapping' via factory method to bean named 'mvcConversionService'
2025-10-01 17:10:53 [main] DEBUG DefaultListableBeanFactory:952 - Autowiring by type from bean name 'routerFunctionMapping' via factory method to bean named 'mvcResourceUrlProvider'
2025-10-01 17:10:53 [main] DEBUG DefaultListableBeanFactory:225 - Creating shared instance of singleton bean 'resourceHandlerMapping'
2025-10-01 17:10:53 [main] DEBUG DefaultListableBeanFactory:952 - Autowiring by type from bean name 'resourceHandlerMapping' via factory method to bean named 'mvcContentNegotiationManager'
2025-10-01 17:10:53 [main] DEBUG DefaultListableBeanFactory:952 - Autowiring by type from bean name 'resourceHandlerMapping' via factory method to bean named 'mvcConversionService'
2025-10-01 17:10:53 [main] DEBUG DefaultListableBeanFactory:952 - Autowiring by type from bean name 'resourceHandlerMapping' via factory method to bean named 'mvcResourceUrlProvider'
2025-10-01 17:10:53 [main] DEBUG Mappings:177 - 'resourceHandlerMapping' {/webjars/**=ResourceHttpRequestHandler [classpath [META-INF/resources/webjars/]], /**=ResourceHttpRequestHandler [classpath [META-INF/resources/], classpath [resources/], classpath [static/], classpath [public/], ServletContext [/]]}
2025-10-01 17:10:53 [main] DEBUG DefaultListableBeanFactory:225 - Creating shared instance of singleton bean 'defaultServletHandlerMapping'
2025-10-01 17:10:53 [main] DEBUG DefaultListableBeanFactory:225 - Creating shared instance of singleton bean 'handlerFunctionAdapter'
2025-10-01 17:10:53 [main] DEBUG DefaultListableBeanFactory:225 - Creating shared instance of singleton bean 'mvcUriComponentsContributor'
2025-10-01 17:10:53 [main] DEBUG DefaultListableBeanFactory:952 - Autowiring by type from bean name 'mvcUriComponentsContributor' via factory method to bean named 'mvcConversionService'
2025-10-01 17:10:53 [main] DEBUG DefaultListableBeanFactory:952 - Autowiring by type from bean name 'mvcUriComponentsContributor' via factory method to bean named 'requestMappingHandlerAdapter'
2025-10-01 17:10:53 [main] DEBUG DefaultListableBeanFactory:225 - Creating shared instance of singleton bean 'httpRequestHandlerAdapter'
2025-10-01 17:10:53 [main] DEBUG DefaultListableBeanFactory:225 - Creating shared instance of singleton bean 'simpleControllerHandlerAdapter'
2025-10-01 17:10:53 [main] DEBUG DefaultListableBeanFactory:225 - Creating shared instance of singleton bean 'handlerExceptionResolver'
2025-10-01 17:10:53 [main] DEBUG DefaultListableBeanFactory:952 - Autowiring by type from bean name 'handlerExceptionResolver' via factory method to bean named 'mvcContentNegotiationManager'
2025-10-01 17:10:53 [main] DEBUG ExceptionHandlerExceptionResolver:307 - ControllerAdvice beans: 0 @ExceptionHandler, 1 ResponseBodyAdvice
2025-10-01 17:10:53 [main] DEBUG DefaultListableBeanFactory:225 - Creating shared instance of singleton bean 'mvcViewResolver'
2025-10-01 17:10:53 [main] DEBUG DefaultListableBeanFactory:952 - Autowiring by type from bean name 'mvcViewResolver' via factory method to bean named 'mvcContentNegotiationManager'
2025-10-01 17:10:53 [main] DEBUG DefaultListableBeanFactory:225 - Creating shared instance of singleton bean 'viewNameTranslator'
2025-10-01 17:10:53 [main] DEBUG DefaultListableBeanFactory:225 - Creating shared instance of singleton bean 'defaultViewResolver'
2025-10-01 17:10:53 [main] DEBUG DefaultListableBeanFactory:225 - Creating shared instance of singleton bean 'viewResolver'
2025-10-01 17:10:53 [main] DEBUG DefaultListableBeanFactory:952 - Autowiring by type from bean name 'viewResolver' via factory method to bean named 'org.springframework.beans.factory.support.DefaultListableBeanFactory@7646731d'
2025-10-01 17:10:53 [main] DEBUG DefaultListableBeanFactory:225 - Creating shared instance of singleton bean 'viewResolver'
2025-10-01 17:10:53 [main] DEBUG DefaultListableBeanFactory:225 - Creating shared instance of singleton bean 'org.springframework.boot.autoconfigure.aop.AopAutoConfiguration$ClassProxyingConfiguration'
2025-10-01 17:10:53 [main] DEBUG DefaultListableBeanFactory:225 - Creating shared instance of singleton bean 'org.springframework.boot.autoconfigure.aop.AopAutoConfiguration'
2025-10-01 17:10:53 [main] DEBUG DefaultListableBeanFactory:225 - Creating shared instance of singleton bean 'org.springframework.boot.autoconfigure.availability.ApplicationAvailabilityAutoConfiguration'
2025-10-01 17:10:53 [main] DEBUG DefaultListableBeanFactory:225 - Creating shared instance of singleton bean 'applicationAvailability'
2025-10-01 17:10:53 [main] DEBUG DefaultListableBeanFactory:225 - Creating shared instance of singleton bean 'org.springframework.boot.autoconfigure.transaction.jta.JtaAutoConfiguration'
2025-10-01 17:10:53 [main] DEBUG DefaultListableBeanFactory:225 - Creating shared instance of singleton bean 'org.springframework.boot.autoconfigure.context.ConfigurationPropertiesAutoConfiguration'
2025-10-01 17:10:53 [main] DEBUG DefaultListableBeanFactory:225 - Creating shared instance of singleton bean 'org.springframework.boot.autoconfigure.context.LifecycleAutoConfiguration'
2025-10-01 17:10:53 [main] DEBUG DefaultListableBeanFactory:225 - Creating shared instance of singleton bean 'lifecycleProcessor'
2025-10-01 17:10:53 [main] DEBUG DefaultListableBeanFactory:225 - Creating shared instance of singleton bean 'spring.lifecycle-org.springframework.boot.autoconfigure.context.LifecycleProperties'
2025-10-01 17:10:53 [main] DEBUG DefaultListableBeanFactory:952 - Autowiring by type from bean name 'lifecycleProcessor' via factory method to bean named 'spring.lifecycle-org.springframework.boot.autoconfigure.context.LifecycleProperties'
2025-10-01 17:10:53 [main] DEBUG DefaultListableBeanFactory:225 - Creating shared instance of singleton bean 'org.springframework.boot.autoconfigure.http.JacksonHttpMessageConvertersConfiguration'
2025-10-01 17:10:53 [main] DEBUG DefaultListableBeanFactory:225 - Creating shared instance of singleton bean 'org.springframework.boot.autoconfigure.info.ProjectInfoAutoConfiguration'
2025-10-01 17:10:53 [main] DEBUG DefaultListableBeanFactory:225 - Creating shared instance of singleton bean 'spring.info-org.springframework.boot.autoconfigure.info.ProjectInfoProperties'
2025-10-01 17:10:53 [main] DEBUG DefaultListableBeanFactory:952 - Autowiring by type from bean name 'org.springframework.boot.autoconfigure.info.ProjectInfoAutoConfiguration' via constructor to bean named 'spring.info-org.springframework.boot.autoconfigure.info.ProjectInfoProperties'
2025-10-01 17:10:53 [main] DEBUG DefaultListableBeanFactory:225 - Creating shared instance of singleton bean 'org.springframework.security.config.annotation.web.configuration.WebSecurityConfiguration'
2025-10-01 17:10:53 [main] DEBUG DefaultListableBeanFactory:225 - Creating shared instance of singleton bean 'delegatingApplicationListener'
2025-10-01 17:10:53 [main] DEBUG DefaultListableBeanFactory:225 - Creating shared instance of singleton bean 'springSecurityFilterChain'
2025-10-01 17:10:53 [main] DEBUG DefaultListableBeanFactory:225 - Creating shared instance of singleton bean 'webSecurityExpressionHandler'
2025-10-01 17:10:53 [main] DEBUG DefaultListableBeanFactory:225 - Creating shared instance of singleton bean 'privilegeEvaluator'
2025-10-01 17:10:53 [main] DEBUG DefaultListableBeanFactory:225 - Creating shared instance of singleton bean 'requestDataValueProcessor'
2025-10-01 17:10:53 [main] DEBUG DefaultListableBeanFactory:225 - Creating shared instance of singleton bean 'org.springframework.boot.autoconfigure.security.servlet.SpringBootWebSecurityConfiguration'
2025-10-01 17:10:53 [main] DEBUG DefaultListableBeanFactory:225 - Creating shared instance of singleton bean 'org.springframework.boot.autoconfigure.sql.init.SqlInitializationAutoConfiguration'
2025-10-01 17:10:53 [main] DEBUG DefaultListableBeanFactory:225 - Creating shared instance of singleton bean 'spring.sql.init-org.springframework.boot.autoconfigure.sql.init.SqlInitializationProperties'
2025-10-01 17:10:53 [main] DEBUG DefaultListableBeanFactory:225 - Creating shared instance of singleton bean 'org.springframework.boot.autoconfigure.task.TaskSchedulingAutoConfiguration'
2025-10-01 17:10:53 [main] DEBUG DefaultListableBeanFactory:225 - Creating shared instance of singleton bean 'taskSchedulerBuilder'
2025-10-01 17:10:53 [main] DEBUG DefaultListableBeanFactory:225 - Creating shared instance of singleton bean 'spring.task.scheduling-org.springframework.boot.autoconfigure.task.TaskSchedulingProperties'
2025-10-01 17:10:53 [main] DEBUG DefaultListableBeanFactory:952 - Autowiring by type from bean name 'taskSchedulerBuilder' via factory method to bean named 'spring.task.scheduling-org.springframework.boot.autoconfigure.task.TaskSchedulingProperties'
2025-10-01 17:10:53 [main] DEBUG DefaultListableBeanFactory:225 - Creating shared instance of singleton bean 'org.springframework.boot.autoconfigure.web.client.RestTemplateAutoConfiguration'
2025-10-01 17:10:53 [main] DEBUG DefaultListableBeanFactory:225 - Creating shared instance of singleton bean 'org.springframework.boot.autoconfigure.web.embedded.EmbeddedWebServerFactoryCustomizerAutoConfiguration'
2025-10-01 17:10:53 [main] DEBUG DefaultListableBeanFactory:225 - Creating shared instance of singleton bean 'multipartResolver'
2025-10-01 17:10:53 [main] DEBUG DefaultLifecycleProcessor:353 - Starting beans in phase -2147483647
2025-10-01 17:10:53 [main] DEBUG DefaultLifecycleProcessor:185 - Successfully started bean 'springBootLoggingLifecycle'
2025-10-01 17:10:53 [main] DEBUG DefaultLifecycleProcessor:353 - Starting beans in phase 2147483646
2025-10-01 17:10:53 [main] INFO  Http11NioProtocol:173 - Starting ProtocolHandler ["http-nio-8080"]
2025-10-01 17:10:53 [main] INFO  TomcatWebServer:220 - Tomcat started on port(s): 8080 (http) with context path ''
2025-10-01 17:10:53 [main] DEBUG DefaultLifecycleProcessor:185 - Successfully started bean 'webServerStartStop'
2025-10-01 17:10:53 [main] DEBUG DefaultLifecycleProcessor:353 - Starting beans in phase 2147483647
2025-10-01 17:10:53 [main] DEBUG DefaultLifecycleProcessor:185 - Successfully started bean 'webServerGracefulShutdown'
2025-10-01 17:10:53 [main] DEBUG ConditionEvaluationReportLoggingListener:126 - 


============================
CONDITIONS EVALUATION REPORT
============================


Positive matches:
-----------------

   AopAutoConfiguration matched:
      - @ConditionalOnProperty (spring.aop.auto=true) matched (OnPropertyCondition)

   AopAutoConfiguration.ClassProxyingConfiguration matched:
      - @ConditionalOnMissingClass did not find unwanted class 'org.aspectj.weaver.Advice' (OnClassCondition)
      - @ConditionalOnProperty (spring.aop.proxy-target-class=true) matched (OnPropertyCondition)

   ApplicationAvailabilityAutoConfiguration#applicationAvailability matched:
      - @ConditionalOnMissingBean (types: org.springframework.boot.availability.ApplicationAvailability; SearchStrategy: all) did not find any beans (OnBeanCondition)

   CaffeineCacheConfiguration matched:
      - @ConditionalOnClass found required classes 'com.github.benmanes.caffeine.cache.Caffeine', 'org.springframework.cache.caffeine.CaffeineCacheManager' (OnClassCondition)
      - Cache org.springframework.boot.autoconfigure.cache.CaffeineCacheConfiguration automatic cache type (CacheCondition)

   DispatcherServletAutoConfiguration matched:
      - @ConditionalOnClass found required class 'org.springframework.web.servlet.DispatcherServlet' (OnClassCondition)
      - found 'session' scope (OnWebApplicationCondition)

   DispatcherServletAutoConfiguration.DispatcherServletConfiguration matched:
      - @ConditionalOnClass found required class 'javax.servlet.ServletRegistration' (OnClassCondition)
      - Default DispatcherServlet did not find dispatcher servlet beans (DispatcherServletAutoConfiguration.DefaultDispatcherServletCondition)

   DispatcherServletAutoConfiguration.DispatcherServletRegistrationConfiguration matched:
      - @ConditionalOnClass found required class 'javax.servlet.ServletRegistration' (OnClassCondition)
      - DispatcherServlet Registration did not find servlet registration bean (DispatcherServletAutoConfiguration.DispatcherServletRegistrationCondition)

   DispatcherServletAutoConfiguration.DispatcherServletRegistrationConfiguration#dispatcherServletRegistration matched:
      - @ConditionalOnBean (names: dispatcherServlet types: org.springframework.web.servlet.DispatcherServlet; SearchStrategy: all) found bean 'dispatcherServlet' (OnBeanCondition)

   EmbeddedWebServerFactoryCustomizerAutoConfiguration matched:
      - @ConditionalOnWebApplication (required) found 'session' scope (OnWebApplicationCondition)
      - @ConditionalOnWarDeployment the application is not deployed as a WAR file. (OnWarDeploymentCondition)

   EmbeddedWebServerFactoryCustomizerAutoConfiguration.TomcatWebServerFactoryCustomizerConfiguration matched:
      - @ConditionalOnClass found required classes 'org.apache.catalina.startup.Tomcat', 'org.apache.coyote.UpgradeProtocol' (OnClassCondition)

   ErrorMvcAutoConfiguration matched:
      - @ConditionalOnClass found required classes 'javax.servlet.Servlet', 'org.springframework.web.servlet.DispatcherServlet' (OnClassCondition)
      - found 'session' scope (OnWebApplicationCondition)

   ErrorMvcAutoConfiguration#basicErrorController matched:
      - @ConditionalOnMissingBean (types: org.springframework.boot.web.servlet.error.ErrorController; SearchStrategy: current) did not find any beans (OnBeanCondition)

   ErrorMvcAutoConfiguration#errorAttributes matched:
      - @ConditionalOnMissingBean (types: org.springframework.boot.web.servlet.error.ErrorAttributes; SearchStrategy: current) did not find any beans (OnBeanCondition)

   ErrorMvcAutoConfiguration.DefaultErrorViewResolverConfiguration#conventionErrorViewResolver matched:
      - @ConditionalOnBean (types: org.springframework.web.servlet.DispatcherServlet; SearchStrategy: all) found bean 'dispatcherServlet'; @ConditionalOnMissingBean (types: org.springframework.boot.autoconfigure.web.servlet.error.ErrorViewResolver; SearchStrategy: all) did not find any beans (OnBeanCondition)

   ErrorMvcAutoConfiguration.WhitelabelErrorViewConfiguration matched:
      - @ConditionalOnProperty (server.error.whitelabel.enabled) matched (OnPropertyCondition)
      - ErrorTemplate Missing did not find error template view (ErrorMvcAutoConfiguration.ErrorTemplateMissingCondition)

   ErrorMvcAutoConfiguration.WhitelabelErrorViewConfiguration#beanNameViewResolver matched:
      - @ConditionalOnMissingBean (types: org.springframework.web.servlet.view.BeanNameViewResolver; SearchStrategy: all) did not find any beans (OnBeanCondition)

   ErrorMvcAutoConfiguration.WhitelabelErrorViewConfiguration#defaultErrorView matched:
      - @ConditionalOnMissingBean (names: error; SearchStrategy: all) did not find any beans (OnBeanCondition)

   GenericCacheConfiguration matched:
      - Cache org.springframework.boot.autoconfigure.cache.GenericCacheConfiguration automatic cache type (CacheCondition)

   HttpEncodingAutoConfiguration matched:
      - @ConditionalOnClass found required class 'org.springframework.web.filter.CharacterEncodingFilter' (OnClassCondition)
      - found 'session' scope (OnWebApplicationCondition)
      - @ConditionalOnProperty (server.servlet.encoding.enabled) matched (OnPropertyCondition)

   HttpEncodingAutoConfiguration#characterEncodingFilter matched:
      - @ConditionalOnMissingBean (types: org.springframework.web.filter.CharacterEncodingFilter; SearchStrategy: all) did not find any beans (OnBeanCondition)

   HttpMessageConvertersAutoConfiguration matched:
      - @ConditionalOnClass found required class 'org.springframework.http.converter.HttpMessageConverter' (OnClassCondition)
      - NoneNestedConditions 0 matched 1 did not; NestedCondition on HttpMessageConvertersAutoConfiguration.NotReactiveWebApplicationCondition.ReactiveWebApplication did not find reactive web application classes (HttpMessageConvertersAutoConfiguration.NotReactiveWebApplicationCondition)

   HttpMessageConvertersAutoConfiguration#messageConverters matched:
      - @ConditionalOnMissingBean (types: org.springframework.boot.autoconfigure.http.HttpMessageConverters; SearchStrategy: all) did not find any beans (OnBeanCondition)

   HttpMessageConvertersAutoConfiguration.StringHttpMessageConverterConfiguration matched:
      - @ConditionalOnClass found required class 'org.springframework.http.converter.StringHttpMessageConverter' (OnClassCondition)

   HttpMessageConvertersAutoConfiguration.StringHttpMessageConverterConfiguration#stringHttpMessageConverter matched:
      - @ConditionalOnMissingBean (types: org.springframework.http.converter.StringHttpMessageConverter; SearchStrategy: all) did not find any beans (OnBeanCondition)

   JacksonAutoConfiguration matched:
      - @ConditionalOnClass found required class 'com.fasterxml.jackson.databind.ObjectMapper' (OnClassCondition)

   JacksonAutoConfiguration.Jackson2ObjectMapperBuilderCustomizerConfiguration matched:
      - @ConditionalOnClass found required class 'org.springframework.http.converter.json.Jackson2ObjectMapperBuilder' (OnClassCondition)

   JacksonAutoConfiguration.JacksonObjectMapperBuilderConfiguration matched:
      - @ConditionalOnClass found required class 'org.springframework.http.converter.json.Jackson2ObjectMapperBuilder' (OnClassCondition)

   JacksonAutoConfiguration.JacksonObjectMapperBuilderConfiguration#jacksonObjectMapperBuilder matched:
      - @ConditionalOnMissingBean (types: org.springframework.http.converter.json.Jackson2ObjectMapperBuilder; SearchStrategy: all) did not find any beans (OnBeanCondition)

   JacksonAutoConfiguration.JacksonObjectMapperConfiguration matched:
      - @ConditionalOnClass found required class 'org.springframework.http.converter.json.Jackson2ObjectMapperBuilder' (OnClassCondition)

   JacksonAutoConfiguration.JacksonObjectMapperConfiguration#jacksonObjectMapper matched:
      - @ConditionalOnMissingBean (types: com.fasterxml.jackson.databind.ObjectMapper; SearchStrategy: all) did not find any beans (OnBeanCondition)

   JacksonAutoConfiguration.ParameterNamesModuleConfiguration matched:
      - @ConditionalOnClass found required class 'com.fasterxml.jackson.module.paramnames.ParameterNamesModule' (OnClassCondition)

   JacksonAutoConfiguration.ParameterNamesModuleConfiguration#parameterNamesModule matched:
      - @ConditionalOnMissingBean (types: com.fasterxml.jackson.module.paramnames.ParameterNamesModule; SearchStrategy: all) did not find any beans (OnBeanCondition)

   JacksonHttpMessageConvertersConfiguration.MappingJackson2HttpMessageConverterConfiguration matched:
      - @ConditionalOnClass found required class 'com.fasterxml.jackson.databind.ObjectMapper' (OnClassCondition)
      - @ConditionalOnProperty (spring.mvc.converters.preferred-json-mapper=jackson) matched (OnPropertyCondition)
      - @ConditionalOnBean (types: com.fasterxml.jackson.databind.ObjectMapper; SearchStrategy: all) found bean 'jacksonObjectMapper' (OnBeanCondition)

   JacksonHttpMessageConvertersConfiguration.MappingJackson2HttpMessageConverterConfiguration#mappingJackson2HttpMessageConverter matched:
      - @ConditionalOnMissingBean (types: org.springframework.http.converter.json.MappingJackson2HttpMessageConverter ignored: org.springframework.hateoas.server.mvc.TypeConstrainedMappingJackson2HttpMessageConverter,org.springframework.data.rest.webmvc.alps.AlpsJsonHttpMessageConverter; SearchStrategy: all) did not find any beans (OnBeanCondition)

   JtaAutoConfiguration matched:
      - @ConditionalOnClass found required class 'javax.transaction.Transaction' (OnClassCondition)
      - @ConditionalOnProperty (spring.jta.enabled) matched (OnPropertyCondition)

   LifecycleAutoConfiguration#defaultLifecycleProcessor matched:
      - @ConditionalOnMissingBean (names: lifecycleProcessor; SearchStrategy: current) did not find any beans (OnBeanCondition)

   MultipartAutoConfiguration matched:
      - @ConditionalOnClass found required classes 'javax.servlet.Servlet', 'org.springframework.web.multipart.support.StandardServletMultipartResolver', 'javax.servlet.MultipartConfigElement' (OnClassCondition)
      - found 'session' scope (OnWebApplicationCondition)
      - @ConditionalOnProperty (spring.servlet.multipart.enabled) matched (OnPropertyCondition)

   MultipartAutoConfiguration#multipartConfigElement matched:
      - @ConditionalOnMissingBean (types: javax.servlet.MultipartConfigElement,org.springframework.web.multipart.commons.CommonsMultipartResolver; SearchStrategy: all) did not find any beans (OnBeanCondition)

   MultipartAutoConfiguration#multipartResolver matched:
      - @ConditionalOnMissingBean (types: org.springframework.web.multipart.MultipartResolver; SearchStrategy: all) did not find any beans (OnBeanCondition)

   NoOpCacheConfiguration matched:
      - Cache org.springframework.boot.autoconfigure.cache.NoOpCacheConfiguration automatic cache type (CacheCondition)

   PropertyPlaceholderAutoConfiguration#propertySourcesPlaceholderConfigurer matched:
      - @ConditionalOnMissingBean (types: org.springframework.context.support.PropertySourcesPlaceholderConfigurer; SearchStrategy: current) did not find any beans (OnBeanCondition)

   RestTemplateAutoConfiguration matched:
      - @ConditionalOnClass found required class 'org.springframework.web.client.RestTemplate' (OnClassCondition)
      - NoneNestedConditions 0 matched 1 did not; NestedCondition on RestTemplateAutoConfiguration.NotReactiveWebApplicationCondition.ReactiveWebApplication did not find reactive web application classes (RestTemplateAutoConfiguration.NotReactiveWebApplicationCondition)

   RestTemplateAutoConfiguration#restTemplateBuilder matched:
      - @ConditionalOnMissingBean (types: org.springframework.boot.web.client.RestTemplateBuilder; SearchStrategy: all) did not find any beans (OnBeanCondition)

   RestTemplateAutoConfiguration#restTemplateBuilderConfigurer matched:
      - @ConditionalOnMissingBean (types: org.springframework.boot.autoconfigure.web.client.RestTemplateBuilderConfigurer; SearchStrategy: all) did not find any beans (OnBeanCondition)

   SecurityAutoConfiguration matched:
      - @ConditionalOnClass found required class 'org.springframework.security.authentication.DefaultAuthenticationEventPublisher' (OnClassCondition)

   SecurityAutoConfiguration#authenticationEventPublisher matched:
      - @ConditionalOnMissingBean (types: org.springframework.security.authentication.AuthenticationEventPublisher; SearchStrategy: all) did not find any beans (OnBeanCondition)

   SecurityFilterAutoConfiguration matched:
      - @ConditionalOnClass found required classes 'org.springframework.security.web.context.AbstractSecurityWebApplicationInitializer', 'org.springframework.security.config.http.SessionCreationPolicy' (OnClassCondition)
      - found 'session' scope (OnWebApplicationCondition)

   SecurityFilterAutoConfiguration#securityFilterChainRegistration matched:
      - @ConditionalOnBean (names: springSecurityFilterChain; SearchStrategy: all) found bean 'springSecurityFilterChain' (OnBeanCondition)

   ServletWebServerFactoryAutoConfiguration matched:
      - @ConditionalOnClass found required class 'javax.servlet.ServletRequest' (OnClassCondition)
      - found 'session' scope (OnWebApplicationCondition)

   ServletWebServerFactoryAutoConfiguration#tomcatServletWebServerFactoryCustomizer matched:
      - @ConditionalOnClass found required class 'org.apache.catalina.startup.Tomcat' (OnClassCondition)

   ServletWebServerFactoryConfiguration.EmbeddedTomcat matched:
      - @ConditionalOnClass found required classes 'javax.servlet.Servlet', 'org.apache.catalina.startup.Tomcat', 'org.apache.coyote.UpgradeProtocol' (OnClassCondition)
      - @ConditionalOnMissingBean (types: org.springframework.boot.web.servlet.server.ServletWebServerFactory; SearchStrategy: current) did not find any beans (OnBeanCondition)

   SimpleCacheConfiguration matched:
      - Cache org.springframework.boot.autoconfigure.cache.SimpleCacheConfiguration automatic cache type (CacheCondition)

   SpringBootWebSecurityConfiguration matched:
      - found 'session' scope (OnWebApplicationCondition)

   SpringBootWebSecurityConfiguration.ErrorPageSecurityFilterConfiguration matched:
      - @ConditionalOnClass found required class 'org.springframework.security.web.access.WebInvocationPrivilegeEvaluator' (OnClassCondition)
      - @ConditionalOnBean (types: org.springframework.security.web.access.WebInvocationPrivilegeEvaluator; SearchStrategy: all) found bean 'privilegeEvaluator' (OnBeanCondition)

   SpringBootWebSecurityConfiguration.WebSecurityEnablerConfiguration matched:
      - @ConditionalOnClass found required class 'org.springframework.security.config.annotation.web.configuration.EnableWebSecurity' (OnClassCondition)
      - @ConditionalOnMissingBean (names: springSecurityFilterChain; SearchStrategy: all) did not find any beans (OnBeanCondition)

   SqlInitializationAutoConfiguration matched:
      - @ConditionalOnProperty (spring.sql.init.enabled) matched (OnPropertyCondition)
      - NoneNestedConditions 0 matched 1 did not; NestedCondition on SqlInitializationAutoConfiguration.SqlInitializationModeCondition.ModeIsNever @ConditionalOnProperty (spring.sql.init.mode=never) did not find property 'mode' (SqlInitializationAutoConfiguration.SqlInitializationModeCondition)

   TaskExecutionAutoConfiguration matched:
      - @ConditionalOnClass found required class 'org.springframework.scheduling.concurrent.ThreadPoolTaskExecutor' (OnClassCondition)

   TaskExecutionAutoConfiguration#applicationTaskExecutor matched:
      - @ConditionalOnMissingBean (types: java.util.concurrent.Executor; SearchStrategy: all) did not find any beans (OnBeanCondition)

   TaskExecutionAutoConfiguration#taskExecutorBuilder matched:
      - @ConditionalOnMissingBean (types: org.springframework.boot.task.TaskExecutorBuilder; SearchStrategy: all) did not find any beans (OnBeanCondition)

   TaskSchedulingAutoConfiguration matched:
      - @ConditionalOnClass found required class 'org.springframework.scheduling.concurrent.ThreadPoolTaskScheduler' (OnClassCondition)

   TaskSchedulingAutoConfiguration#taskSchedulerBuilder matched:
      - @ConditionalOnMissingBean (types: org.springframework.boot.task.TaskSchedulerBuilder; SearchStrategy: all) did not find any beans (OnBeanCondition)

   UserDetailsServiceAutoConfiguration matched:
      - @ConditionalOnClass found required class 'org.springframework.security.authentication.AuthenticationManager' (OnClassCondition)
      - @ConditionalOnBean (types: org.springframework.security.config.annotation.ObjectPostProcessor; SearchStrategy: all) found bean 'objectPostProcessor'; @ConditionalOnMissingBean (types: org.springframework.security.authentication.AuthenticationManager,org.springframework.security.authentication.AuthenticationProvider,org.springframework.security.core.userdetails.UserDetailsService,org.springframework.security.authentication.AuthenticationManagerResolver,org.springframework.security.oauth2.jwt.JwtDecoder,org.springframework.security.oauth2.server.resource.introspection.OpaqueTokenIntrospector,org.springframework.security.oauth2.client.registration.ClientRegistrationRepository,org.springframework.security.saml2.provider.service.registration.RelyingPartyRegistrationRepository; SearchStrategy: all) did not find any beans (OnBeanCondition)

   WebMvcAutoConfiguration matched:
      - @ConditionalOnClass found required classes 'javax.servlet.Servlet', 'org.springframework.web.servlet.DispatcherServlet', 'org.springframework.web.servlet.config.annotation.WebMvcConfigurer' (OnClassCondition)
      - found 'session' scope (OnWebApplicationCondition)
      - @ConditionalOnMissingBean (types: org.springframework.web.servlet.config.annotation.WebMvcConfigurationSupport; SearchStrategy: all) did not find any beans (OnBeanCondition)

   WebMvcAutoConfiguration#formContentFilter matched:
      - @ConditionalOnProperty (spring.mvc.formcontent.filter.enabled) matched (OnPropertyCondition)
      - @ConditionalOnMissingBean (types: org.springframework.web.filter.FormContentFilter; SearchStrategy: all) did not find any beans (OnBeanCondition)

   WebMvcAutoConfiguration.EnableWebMvcConfiguration#flashMapManager matched:
      - @ConditionalOnMissingBean (names: flashMapManager; SearchStrategy: all) did not find any beans (OnBeanCondition)

   WebMvcAutoConfiguration.EnableWebMvcConfiguration#localeResolver matched:
      - @ConditionalOnMissingBean (names: localeResolver; SearchStrategy: all) did not find any beans (OnBeanCondition)

   WebMvcAutoConfiguration.EnableWebMvcConfiguration#themeResolver matched:
      - @ConditionalOnMissingBean (names: themeResolver; SearchStrategy: all) did not find any beans (OnBeanCondition)

   WebMvcAutoConfiguration.WebMvcAutoConfigurationAdapter#defaultViewResolver matched:
      - @ConditionalOnMissingBean (types: org.springframework.web.servlet.view.InternalResourceViewResolver; SearchStrategy: all) did not find any beans (OnBeanCondition)

   WebMvcAutoConfiguration.WebMvcAutoConfigurationAdapter#requestContextFilter matched:
      - @ConditionalOnMissingBean (types: org.springframework.web.context.request.RequestContextListener,org.springframework.web.filter.RequestContextFilter; SearchStrategy: all) did not find any beans (OnBeanCondition)

   WebMvcAutoConfiguration.WebMvcAutoConfigurationAdapter#viewResolver matched:
      - @ConditionalOnBean (types: org.springframework.web.servlet.ViewResolver; SearchStrategy: all) found beans 'defaultViewResolver', 'beanNameViewResolver', 'mvcViewResolver'; @ConditionalOnMissingBean (names: viewResolver types: org.springframework.web.servlet.view.ContentNegotiatingViewResolver; SearchStrategy: all) did not find any beans (OnBeanCondition)

   WebSocketServletAutoConfiguration matched:
      - @ConditionalOnClass found required classes 'javax.servlet.Servlet', 'javax.websocket.server.ServerContainer' (OnClassCondition)
      - found 'session' scope (OnWebApplicationCondition)

   WebSocketServletAutoConfiguration.TomcatWebSocketConfiguration matched:
      - @ConditionalOnClass found required classes 'org.apache.catalina.startup.Tomcat', 'org.apache.tomcat.websocket.server.WsSci' (OnClassCondition)

   WebSocketServletAutoConfiguration.TomcatWebSocketConfiguration#websocketServletWebServerCustomizer matched:
      - @ConditionalOnMissingBean (names: websocketServletWebServerCustomizer; SearchStrategy: all) did not find any beans (OnBeanCondition)


Negative matches:
-----------------

   ActiveMQAutoConfiguration:
      Did not match:
         - @ConditionalOnClass did not find required class 'javax.jms.ConnectionFactory' (OnClassCondition)

   AopAutoConfiguration.AspectJAutoProxyingConfiguration:
      Did not match:
         - @ConditionalOnClass did not find required class 'org.aspectj.weaver.Advice' (OnClassCondition)

   ArtemisAutoConfiguration:
      Did not match:
         - @ConditionalOnClass did not find required class 'javax.jms.ConnectionFactory' (OnClassCondition)

   AtomikosJtaConfiguration:
      Did not match:
         - @ConditionalOnClass did not find required classes 'org.springframework.transaction.jta.JtaTransactionManager', 'com.atomikos.icatch.jta.UserTransactionManager' (OnClassCondition)

   BatchAutoConfiguration:
      Did not match:
         - @ConditionalOnClass did not find required class 'org.springframework.batch.core.launch.JobLauncher' (OnClassCondition)

   Cache2kCacheConfiguration:
      Did not match:
         - @ConditionalOnClass did not find required class 'org.cache2k.Cache2kBuilder' (OnClassCondition)

   CacheAutoConfiguration:
      Did not match:
         - @ConditionalOnBean (types: org.springframework.cache.interceptor.CacheAspectSupport; SearchStrategy: all) did not find any beans of type org.springframework.cache.interceptor.CacheAspectSupport (OnBeanCondition)
      Matched:
         - @ConditionalOnClass found required class 'org.springframework.cache.CacheManager' (OnClassCondition)

   CacheAutoConfiguration.CacheManagerEntityManagerFactoryDependsOnPostProcessor:
      Did not match:
         - @ConditionalOnClass did not find required class 'org.springframework.orm.jpa.LocalContainerEntityManagerFactoryBean' (OnClassCondition)
         - Ancestor org.springframework.boot.autoconfigure.cache.CacheAutoConfiguration did not match (ConditionEvaluationReport.AncestorsMatchedCondition)

   CassandraAutoConfiguration:
      Did not match:
         - @ConditionalOnClass did not find required class 'com.datastax.oss.driver.api.core.CqlSession' (OnClassCondition)

   CassandraDataAutoConfiguration:
      Did not match:
         - @ConditionalOnClass did not find required class 'com.datastax.oss.driver.api.core.CqlSession' (OnClassCondition)

   CassandraReactiveDataAutoConfiguration:
      Did not match:
         - @ConditionalOnClass did not find required class 'com.datastax.oss.driver.api.core.CqlSession' (OnClassCondition)

   CassandraReactiveRepositoriesAutoConfiguration:
      Did not match:
         - @ConditionalOnClass did not find required class 'org.springframework.data.cassandra.ReactiveSession' (OnClassCondition)

   CassandraRepositoriesAutoConfiguration:
      Did not match:
         - @ConditionalOnClass did not find required class 'com.datastax.oss.driver.api.core.CqlSession' (OnClassCondition)

   ClientHttpConnectorAutoConfiguration:
      Did not match:
         - @ConditionalOnClass did not find required class 'org.springframework.web.reactive.function.client.WebClient' (OnClassCondition)

   CodecsAutoConfiguration:
      Did not match:
         - @ConditionalOnClass did not find required class 'org.springframework.web.reactive.function.client.WebClient' (OnClassCondition)

   CouchbaseAutoConfiguration:
      Did not match:
         - @ConditionalOnClass did not find required class 'com.couchbase.client.java.Cluster' (OnClassCondition)

   CouchbaseCacheConfiguration:
      Did not match:
         - @ConditionalOnClass did not find required class 'com.couchbase.client.java.Cluster' (OnClassCondition)

   CouchbaseDataAutoConfiguration:
      Did not match:
         - @ConditionalOnClass did not find required class 'com.couchbase.client.java.Bucket' (OnClassCondition)

   CouchbaseReactiveDataAutoConfiguration:
      Did not match:
         - @ConditionalOnClass did not find required class 'com.couchbase.client.java.Cluster' (OnClassCondition)

   CouchbaseReactiveRepositoriesAutoConfiguration:
      Did not match:
         - @ConditionalOnClass did not find required class 'com.couchbase.client.java.Cluster' (OnClassCondition)

   CouchbaseRepositoriesAutoConfiguration:
      Did not match:
         - @ConditionalOnClass did not find required class 'com.couchbase.client.java.Bucket' (OnClassCondition)

   DataSourceAutoConfiguration:
      Did not match:
         - @ConditionalOnClass did not find required class 'org.springframework.jdbc.datasource.embedded.EmbeddedDatabaseType' (OnClassCondition)

   DataSourceInitializationConfiguration:
      Did not match:
         - @ConditionalOnClass did not find required class 'org.springframework.jdbc.datasource.init.DatabasePopulator' (OnClassCondition)

   DataSourceTransactionManagerAutoConfiguration:
      Did not match:
         - @ConditionalOnClass did not find required class 'org.springframework.jdbc.core.JdbcTemplate' (OnClassCondition)

   DispatcherServletAutoConfiguration.DispatcherServletConfiguration#multipartResolver:
      Did not match:
         - @ConditionalOnBean (types: org.springframework.web.multipart.MultipartResolver; SearchStrategy: all) did not find any beans of type org.springframework.web.multipart.MultipartResolver (OnBeanCondition)

   EhCacheCacheConfiguration:
      Did not match:
         - @ConditionalOnClass did not find required class 'net.sf.ehcache.Cache' (OnClassCondition)

   ElasticsearchDataAutoConfiguration:
      Did not match:
         - @ConditionalOnClass did not find required class 'org.springframework.data.elasticsearch.core.ElasticsearchRestTemplate' (OnClassCondition)

   ElasticsearchRepositoriesAutoConfiguration:
      Did not match:
         - @ConditionalOnClass did not find required class 'org.elasticsearch.client.Client' (OnClassCondition)

   ElasticsearchRestClientAutoConfiguration:
      Did not match:
         - @ConditionalOnClass did not find required class 'org.elasticsearch.client.RestClientBuilder' (OnClassCondition)

   EmbeddedLdapAutoConfiguration:
      Did not match:
         - @ConditionalOnClass did not find required class 'com.unboundid.ldap.listener.InMemoryDirectoryServer' (OnClassCondition)

   EmbeddedMongoAutoConfiguration:
      Did not match:
         - @ConditionalOnClass did not find required class 'com.mongodb.MongoClientSettings' (OnClassCondition)

   EmbeddedWebServerFactoryCustomizerAutoConfiguration.JettyWebServerFactoryCustomizerConfiguration:
      Did not match:
         - @ConditionalOnClass did not find required classes 'org.eclipse.jetty.server.Server', 'org.eclipse.jetty.util.Loader', 'org.eclipse.jetty.webapp.WebAppContext' (OnClassCondition)

   EmbeddedWebServerFactoryCustomizerAutoConfiguration.NettyWebServerFactoryCustomizerConfiguration:
      Did not match:
         - @ConditionalOnClass did not find required class 'reactor.netty.http.server.HttpServer' (OnClassCondition)

   EmbeddedWebServerFactoryCustomizerAutoConfiguration.UndertowWebServerFactoryCustomizerConfiguration:
      Did not match:
         - @ConditionalOnClass did not find required classes 'io.undertow.Undertow', 'org.xnio.SslClientAuthMode' (OnClassCondition)

   ErrorWebFluxAutoConfiguration:
      Did not match:
         - @ConditionalOnClass did not find required class 'org.springframework.web.reactive.config.WebFluxConfigurer' (OnClassCondition)

   FlywayAutoConfiguration:
      Did not match:
         - @ConditionalOnClass did not find required class 'org.flywaydb.core.Flyway' (OnClassCondition)

   FreeMarkerAutoConfiguration:
      Did not match:
         - @ConditionalOnClass did not find required class 'freemarker.template.Configuration' (OnClassCondition)

   GraphQlAutoConfiguration:
      Did not match:
         - @ConditionalOnClass did not find required class 'graphql.GraphQL' (OnClassCondition)

   GraphQlQueryByExampleAutoConfiguration:
      Did not match:
         - @ConditionalOnClass did not find required class 'graphql.GraphQL' (OnClassCondition)

   GraphQlQuerydslAutoConfiguration:
      Did not match:
         - @ConditionalOnClass did not find required class 'graphql.GraphQL' (OnClassCondition)

   GraphQlRSocketAutoConfiguration:
      Did not match:
         - @ConditionalOnClass did not find required class 'graphql.GraphQL' (OnClassCondition)

   GraphQlReactiveQueryByExampleAutoConfiguration:
      Did not match:
         - @ConditionalOnClass did not find required class 'graphql.GraphQL' (OnClassCondition)

   GraphQlReactiveQuerydslAutoConfiguration:
      Did not match:
         - @ConditionalOnClass did not find required class 'graphql.GraphQL' (OnClassCondition)

   GraphQlWebFluxAutoConfiguration:
      Did not match:
         - @ConditionalOnClass did not find required class 'graphql.GraphQL' (OnClassCondition)

   GraphQlWebFluxSecurityAutoConfiguration:
      Did not match:
         - @ConditionalOnClass did not find required class 'graphql.GraphQL' (OnClassCondition)

   GraphQlWebMvcAutoConfiguration:
      Did not match:
         - @ConditionalOnClass did not find required class 'graphql.GraphQL' (OnClassCondition)

   GraphQlWebMvcSecurityAutoConfiguration:
      Did not match:
         - @ConditionalOnClass did not find required class 'graphql.GraphQL' (OnClassCondition)

   GroovyTemplateAutoConfiguration:
      Did not match:
         - @ConditionalOnClass did not find required class 'groovy.text.markup.MarkupTemplateEngine' (OnClassCondition)

   GsonAutoConfiguration:
      Did not match:
         - @ConditionalOnClass did not find required class 'com.google.gson.Gson' (OnClassCondition)

   GsonHttpMessageConvertersConfiguration:
      Did not match:
         - @ConditionalOnClass did not find required class 'com.google.gson.Gson' (OnClassCondition)

   H2ConsoleAutoConfiguration:
      Did not match:
         - @ConditionalOnClass did not find required class 'org.h2.server.web.WebServlet' (OnClassCondition)

   HazelcastAutoConfiguration:
      Did not match:
         - @ConditionalOnClass did not find required class 'com.hazelcast.core.HazelcastInstance' (OnClassCondition)

   HazelcastCacheConfiguration:
      Did not match:
         - @ConditionalOnClass did not find required class 'com.hazelcast.core.HazelcastInstance' (OnClassCondition)

   HazelcastJpaDependencyAutoConfiguration:
      Did not match:
         - @ConditionalOnClass did not find required class 'com.hazelcast.core.HazelcastInstance' (OnClassCondition)

   HibernateJpaAutoConfiguration:
      Did not match:
         - @ConditionalOnClass did not find required class 'javax.persistence.EntityManager' (OnClassCondition)

   HttpHandlerAutoConfiguration:
      Did not match:
         - @ConditionalOnClass did not find required class 'org.springframework.web.reactive.DispatcherHandler' (OnClassCondition)

   HypermediaAutoConfiguration:
      Did not match:
         - @ConditionalOnClass did not find required class 'org.springframework.hateoas.EntityModel' (OnClassCondition)

   InfinispanCacheConfiguration:
      Did not match:
         - @ConditionalOnClass did not find required class 'org.infinispan.spring.embedded.provider.SpringEmbeddedCacheManager' (OnClassCondition)

   InfluxDbAutoConfiguration:
      Did not match:
         - @ConditionalOnClass did not find required class 'org.influxdb.InfluxDB' (OnClassCondition)

   IntegrationAutoConfiguration:
      Did not match:
         - @ConditionalOnClass did not find required class 'org.springframework.integration.config.EnableIntegration' (OnClassCondition)

   JCacheCacheConfiguration:
      Did not match:
         - @ConditionalOnClass did not find required class 'javax.cache.Caching' (OnClassCondition)

   JacksonHttpMessageConvertersConfiguration.MappingJackson2XmlHttpMessageConverterConfiguration:
      Did not match:
         - @ConditionalOnClass did not find required class 'com.fasterxml.jackson.dataformat.xml.XmlMapper' (OnClassCondition)

   JdbcRepositoriesAutoConfiguration:
      Did not match:
         - @ConditionalOnClass did not find required class 'org.springframework.data.jdbc.repository.config.AbstractJdbcConfiguration' (OnClassCondition)

   JdbcTemplateAutoConfiguration:
      Did not match:
         - @ConditionalOnClass did not find required class 'org.springframework.jdbc.core.JdbcTemplate' (OnClassCondition)

   JerseyAutoConfiguration:
      Did not match:
         - @ConditionalOnClass did not find required class 'org.glassfish.jersey.server.spring.SpringComponentProvider' (OnClassCondition)

   JmsAutoConfiguration:
      Did not match:
         - @ConditionalOnClass did not find required class 'javax.jms.Message' (OnClassCondition)

   JmxAutoConfiguration:
      Did not match:
         - @ConditionalOnProperty (spring.jmx.enabled=true) did not find property 'enabled' (OnPropertyCondition)
      Matched:
         - @ConditionalOnClass found required class 'org.springframework.jmx.export.MBeanExporter' (OnClassCondition)

   JndiConnectionFactoryAutoConfiguration:
      Did not match:
         - @ConditionalOnClass did not find required class 'org.springframework.jms.core.JmsTemplate' (OnClassCondition)

   JndiDataSourceAutoConfiguration:
      Did not match:
         - @ConditionalOnClass did not find required class 'org.springframework.jdbc.datasource.embedded.EmbeddedDatabaseType' (OnClassCondition)

   JndiJtaConfiguration:
      Did not match:
         - @ConditionalOnClass did not find required class 'org.springframework.transaction.jta.JtaTransactionManager' (OnClassCondition)

   JooqAutoConfiguration:
      Did not match:
         - @ConditionalOnClass did not find required class 'org.jooq.DSLContext' (OnClassCondition)

   JpaRepositoriesAutoConfiguration:
      Did not match:
         - @ConditionalOnClass did not find required class 'org.springframework.data.jpa.repository.JpaRepository' (OnClassCondition)

   JsonbAutoConfiguration:
      Did not match:
         - @ConditionalOnClass did not find required class 'javax.json.bind.Jsonb' (OnClassCondition)

   JsonbHttpMessageConvertersConfiguration:
      Did not match:
         - @ConditionalOnClass did not find required class 'javax.json.bind.Jsonb' (OnClassCondition)

   KafkaAutoConfiguration:
      Did not match:
         - @ConditionalOnClass did not find required class 'org.springframework.kafka.core.KafkaTemplate' (OnClassCondition)

   LdapAutoConfiguration:
      Did not match:
         - @ConditionalOnClass did not find required class 'org.springframework.ldap.core.ContextSource' (OnClassCondition)

   LdapRepositoriesAutoConfiguration:
      Did not match:
         - @ConditionalOnClass did not find required class 'org.springframework.data.ldap.repository.LdapRepository' (OnClassCondition)

   LiquibaseAutoConfiguration:
      Did not match:
         - @ConditionalOnClass did not find required class 'liquibase.change.DatabaseChange' (OnClassCondition)

   MailSenderAutoConfiguration:
      Did not match:
         - @ConditionalOnClass did not find required class 'javax.activation.MimeType' (OnClassCondition)

   MailSenderValidatorAutoConfiguration:
      Did not match:
         - @ConditionalOnProperty (spring.mail.test-connection) did not find property 'test-connection' (OnPropertyCondition)

   MessageSourceAutoConfiguration:
      Did not match:
         - ResourceBundle did not find bundle with basename messages (MessageSourceAutoConfiguration.ResourceBundleCondition)

   MongoAutoConfiguration:
      Did not match:
         - @ConditionalOnClass did not find required class 'com.mongodb.client.MongoClient' (OnClassCondition)

   MongoDataAutoConfiguration:
      Did not match:
         - @ConditionalOnClass did not find required class 'com.mongodb.client.MongoClient' (OnClassCondition)

   MongoReactiveAutoConfiguration:
      Did not match:
         - @ConditionalOnClass did not find required class 'com.mongodb.reactivestreams.client.MongoClient' (OnClassCondition)

   MongoReactiveDataAutoConfiguration:
      Did not match:
         - @ConditionalOnClass did not find required class 'com.mongodb.reactivestreams.client.MongoClient' (OnClassCondition)

   MongoReactiveRepositoriesAutoConfiguration:
      Did not match:
         - @ConditionalOnClass did not find required class 'com.mongodb.reactivestreams.client.MongoClient' (OnClassCondition)

   MongoRepositoriesAutoConfiguration:
      Did not match:
         - @ConditionalOnClass did not find required class 'com.mongodb.client.MongoClient' (OnClassCondition)

   MustacheAutoConfiguration:
      Did not match:
         - @ConditionalOnClass did not find required class 'com.samskivert.mustache.Mustache' (OnClassCondition)

   Neo4jAutoConfiguration:
      Did not match:
         - @ConditionalOnClass did not find required class 'org.neo4j.driver.Driver' (OnClassCondition)

   Neo4jDataAutoConfiguration:
      Did not match:
         - @ConditionalOnClass did not find required class 'org.neo4j.driver.Driver' (OnClassCondition)

   Neo4jReactiveDataAutoConfiguration:
      Did not match:
         - @ConditionalOnClass did not find required class 'org.neo4j.driver.Driver' (OnClassCondition)

   Neo4jReactiveRepositoriesAutoConfiguration:
      Did not match:
         - @ConditionalOnClass did not find required class 'org.neo4j.driver.Driver' (OnClassCondition)

   Neo4jRepositoriesAutoConfiguration:
      Did not match:
         - @ConditionalOnClass did not find required class 'org.neo4j.driver.Driver' (OnClassCondition)

   NettyAutoConfiguration:
      Did not match:
         - @ConditionalOnClass did not find required class 'io.netty.util.NettyRuntime' (OnClassCondition)

   OAuth2ClientAutoConfiguration:
      Did not match:
         - @ConditionalOnClass did not find required class 'org.springframework.security.oauth2.client.registration.ClientRegistration' (OnClassCondition)

   OAuth2ResourceServerAutoConfiguration:
      Did not match:
         - @ConditionalOnClass did not find required class 'org.springframework.security.oauth2.server.resource.BearerTokenAuthenticationToken' (OnClassCondition)

   PersistenceExceptionTranslationAutoConfiguration:
      Did not match:
         - @ConditionalOnClass did not find required class 'org.springframework.dao.annotation.PersistenceExceptionTranslationPostProcessor' (OnClassCondition)

   ProjectInfoAutoConfiguration#buildProperties:
      Did not match:
         - @ConditionalOnResource did not find resource '${spring.info.build.location:classpath:META-INF/build-info.properties}' (OnResourceCondition)

   ProjectInfoAutoConfiguration#gitProperties:
      Did not match:
         - GitResource did not find git info at classpath:git.properties (ProjectInfoAutoConfiguration.GitResourceAvailableCondition)

   QuartzAutoConfiguration:
      Did not match:
         - @ConditionalOnClass did not find required class 'org.quartz.Scheduler' (OnClassCondition)

   R2dbcAutoConfiguration:
      Did not match:
         - @ConditionalOnClass did not find required class 'io.r2dbc.spi.ConnectionFactory' (OnClassCondition)

   R2dbcDataAutoConfiguration:
      Did not match:
         - @ConditionalOnClass did not find required class 'org.springframework.data.r2dbc.core.R2dbcEntityTemplate' (OnClassCondition)

   R2dbcInitializationConfiguration:
      Did not match:
         - @ConditionalOnClass did not find required classes 'io.r2dbc.spi.ConnectionFactory', 'org.springframework.r2dbc.connection.init.DatabasePopulator' (OnClassCondition)

   R2dbcRepositoriesAutoConfiguration:
      Did not match:
         - @ConditionalOnClass did not find required class 'io.r2dbc.spi.ConnectionFactory' (OnClassCondition)

   R2dbcTransactionManagerAutoConfiguration:
      Did not match:
         - @ConditionalOnClass did not find required class 'org.springframework.r2dbc.connection.R2dbcTransactionManager' (OnClassCondition)

   RSocketGraphQlClientAutoConfiguration:
      Did not match:
         - @ConditionalOnClass did not find required class 'graphql.GraphQL' (OnClassCondition)

   RSocketMessagingAutoConfiguration:
      Did not match:
         - @ConditionalOnClass did not find required class 'io.rsocket.RSocket' (OnClassCondition)

   RSocketRequesterAutoConfiguration:
      Did not match:
         - @ConditionalOnClass did not find required class 'io.rsocket.RSocket' (OnClassCondition)

   RSocketSecurityAutoConfiguration:
      Did not match:
         - @ConditionalOnClass did not find required class 'org.springframework.security.rsocket.core.SecuritySocketAcceptorInterceptor' (OnClassCondition)

   RSocketServerAutoConfiguration:
      Did not match:
         - @ConditionalOnClass did not find required class 'io.rsocket.core.RSocketServer' (OnClassCondition)

   RSocketStrategiesAutoConfiguration:
      Did not match:
         - @ConditionalOnClass did not find required class 'io.netty.buffer.PooledByteBufAllocator' (OnClassCondition)

   RabbitAutoConfiguration:
      Did not match:
         - @ConditionalOnClass did not find required class 'com.rabbitmq.client.Channel' (OnClassCondition)

   ReactiveElasticsearchRepositoriesAutoConfiguration:
      Did not match:
         - @ConditionalOnClass did not find required class 'org.springframework.data.elasticsearch.client.reactive.ReactiveElasticsearchClient' (OnClassCondition)

   ReactiveElasticsearchRestClientAutoConfiguration:
      Did not match:
         - @ConditionalOnClass did not find required class 'reactor.netty.http.client.HttpClient' (OnClassCondition)

   ReactiveMultipartAutoConfiguration:
      Did not match:
         - @ConditionalOnClass did not find required class 'org.springframework.web.reactive.config.WebFluxConfigurer' (OnClassCondition)

   ReactiveOAuth2ClientAutoConfiguration:
      Did not match:
         - @ConditionalOnClass did not find required class 'reactor.core.publisher.Flux' (OnClassCondition)

   ReactiveOAuth2ResourceServerAutoConfiguration:
      Did not match:
         - @ConditionalOnWebApplication did not find reactive web application classes (OnWebApplicationCondition)

   ReactiveSecurityAutoConfiguration:
      Did not match:
         - @ConditionalOnClass did not find required class 'reactor.core.publisher.Flux' (OnClassCondition)

   ReactiveUserDetailsServiceAutoConfiguration:
      Did not match:
         - AnyNestedCondition 0 matched 2 did not; NestedCondition on ReactiveUserDetailsServiceAutoConfiguration.ReactiveUserDetailsServiceCondition.ReactiveWebApplicationCondition did not find reactive web application classes; NestedCondition on ReactiveUserDetailsServiceAutoConfiguration.ReactiveUserDetailsServiceCondition.RSocketSecurityEnabledCondition @ConditionalOnBean (types: org.springframework.messaging.rsocket.annotation.support.RSocketMessageHandler; SearchStrategy: all) did not find any beans of type org.springframework.messaging.rsocket.annotation.support.RSocketMessageHandler (ReactiveUserDetailsServiceAutoConfiguration.ReactiveUserDetailsServiceCondition)
      Matched:
         - @ConditionalOnClass found required class 'org.springframework.security.authentication.ReactiveAuthenticationManager' (OnClassCondition)

   ReactiveWebServerFactoryAutoConfiguration:
      Did not match:
         - @ConditionalOnWebApplication did not find reactive web application classes (OnWebApplicationCondition)

   RedisAutoConfiguration:
      Did not match:
         - @ConditionalOnClass did not find required class 'org.springframework.data.redis.core.RedisOperations' (OnClassCondition)

   RedisCacheConfiguration:
      Did not match:
         - @ConditionalOnClass did not find required class 'org.springframework.data.redis.connection.RedisConnectionFactory' (OnClassCondition)

   RedisReactiveAutoConfiguration:
      Did not match:
         - @ConditionalOnClass did not find required class 'reactor.core.publisher.Flux' (OnClassCondition)

   RedisRepositoriesAutoConfiguration:
      Did not match:
         - @ConditionalOnClass did not find required class 'org.springframework.data.redis.repository.configuration.EnableRedisRepositories' (OnClassCondition)

   RepositoryRestMvcAutoConfiguration:
      Did not match:
         - @ConditionalOnClass did not find required class 'org.springframework.data.rest.webmvc.config.RepositoryRestMvcConfiguration' (OnClassCondition)

   Saml2RelyingPartyAutoConfiguration:
      Did not match:
         - @ConditionalOnClass did not find required class 'org.springframework.security.saml2.provider.service.registration.RelyingPartyRegistrationRepository' (OnClassCondition)

   SecurityDataConfiguration:
      Did not match:
         - @ConditionalOnClass did not find required class 'org.springframework.security.data.repository.query.SecurityEvaluationContextExtension' (OnClassCondition)

   SendGridAutoConfiguration:
      Did not match:
         - @ConditionalOnClass did not find required class 'com.sendgrid.SendGrid' (OnClassCondition)

   ServletWebServerFactoryAutoConfiguration.ForwardedHeaderFilterConfiguration:
      Did not match:
         - @ConditionalOnProperty (server.forward-headers-strategy=framework) did not find property 'server.forward-headers-strategy' (OnPropertyCondition)

   ServletWebServerFactoryConfiguration.EmbeddedJetty:
      Did not match:
         - @ConditionalOnClass did not find required classes 'org.eclipse.jetty.server.Server', 'org.eclipse.jetty.util.Loader', 'org.eclipse.jetty.webapp.WebAppContext' (OnClassCondition)

   ServletWebServerFactoryConfiguration.EmbeddedUndertow:
      Did not match:
         - @ConditionalOnClass did not find required classes 'io.undertow.Undertow', 'org.xnio.SslClientAuthMode' (OnClassCondition)

   SessionAutoConfiguration:
      Did not match:
         - @ConditionalOnClass did not find required class 'org.springframework.session.Session' (OnClassCondition)

   SolrAutoConfiguration:
      Did not match:
         - @ConditionalOnClass did not find required class 'org.apache.solr.client.solrj.impl.CloudSolrClient' (OnClassCondition)

   SpringApplicationAdminJmxAutoConfiguration:
      Did not match:
         - @ConditionalOnProperty (spring.application.admin.enabled=true) did not find property 'enabled' (OnPropertyCondition)

   SpringBootWebSecurityConfiguration.SecurityFilterChainConfiguration:
      Did not match:
         - AllNestedConditions 1 matched 1 did not; NestedCondition on DefaultWebSecurityCondition.Beans @ConditionalOnMissingBean (types: org.springframework.security.config.annotation.web.configuration.WebSecurityConfigurerAdapter,org.springframework.security.web.SecurityFilterChain; SearchStrategy: all) found beans of type 'org.springframework.security.web.SecurityFilterChain' filterChain; NestedCondition on DefaultWebSecurityCondition.Classes @ConditionalOnClass found required classes 'org.springframework.security.web.SecurityFilterChain', 'org.springframework.security.config.annotation.web.builders.HttpSecurity' (DefaultWebSecurityCondition)

   SpringDataWebAutoConfiguration:
      Did not match:
         - @ConditionalOnClass did not find required class 'org.springframework.data.web.PageableHandlerMethodArgumentResolver' (OnClassCondition)

   TaskSchedulingAutoConfiguration#scheduledBeanLazyInitializationExcludeFilter:
      Did not match:
         - @ConditionalOnBean (names: org.springframework.context.annotation.internalScheduledAnnotationProcessor; SearchStrategy: all) did not find any beans named org.springframework.context.annotation.internalScheduledAnnotationProcessor (OnBeanCondition)

   TaskSchedulingAutoConfiguration#taskScheduler:
      Did not match:
         - @ConditionalOnBean (names: org.springframework.context.annotation.internalScheduledAnnotationProcessor; SearchStrategy: all) did not find any beans named org.springframework.context.annotation.internalScheduledAnnotationProcessor (OnBeanCondition)

   ThymeleafAutoConfiguration:
      Did not match:
         - @ConditionalOnClass did not find required class 'org.thymeleaf.spring5.SpringTemplateEngine' (OnClassCondition)

   TransactionAutoConfiguration:
      Did not match:
         - @ConditionalOnClass did not find required class 'org.springframework.transaction.PlatformTransactionManager' (OnClassCondition)

   ValidationAutoConfiguration:
      Did not match:
         - @ConditionalOnClass did not find required class 'javax.validation.executable.ExecutableValidator' (OnClassCondition)

   WebClientAutoConfiguration:
      Did not match:
         - @ConditionalOnClass did not find required class 'org.springframework.web.reactive.function.client.WebClient' (OnClassCondition)

   WebFluxAutoConfiguration:
      Did not match:
         - @ConditionalOnClass did not find required class 'org.springframework.web.reactive.config.WebFluxConfigurer' (OnClassCondition)

   WebMvcAutoConfiguration#hiddenHttpMethodFilter:
      Did not match:
         - @ConditionalOnProperty (spring.mvc.hiddenmethod.filter.enabled) did not find property 'enabled' (OnPropertyCondition)

   WebMvcAutoConfiguration.ResourceChainCustomizerConfiguration:
      Did not match:
         - @ConditionalOnEnabledResourceChain did not find class org.webjars.WebJarAssetLocator (OnEnabledResourceChainCondition)

   WebMvcAutoConfiguration.WebMvcAutoConfigurationAdapter#beanNameViewResolver:
      Did not match:
         - @ConditionalOnMissingBean (types: org.springframework.web.servlet.view.BeanNameViewResolver; SearchStrategy: all) found beans of type 'org.springframework.web.servlet.view.BeanNameViewResolver' beanNameViewResolver (OnBeanCondition)

   WebServiceTemplateAutoConfiguration:
      Did not match:
         - @ConditionalOnClass did not find required class 'org.springframework.oxm.Marshaller' (OnClassCondition)

   WebServicesAutoConfiguration:
      Did not match:
         - @ConditionalOnClass did not find required class 'org.springframework.ws.transport.http.MessageDispatcherServlet' (OnClassCondition)

   WebSessionIdResolverAutoConfiguration:
      Did not match:
         - @ConditionalOnClass did not find required class 'reactor.core.publisher.Mono' (OnClassCondition)

   WebSocketMessagingAutoConfiguration:
      Did not match:
         - @ConditionalOnClass did not find required class 'org.springframework.web.socket.config.annotation.WebSocketMessageBrokerConfigurer' (OnClassCondition)

   WebSocketReactiveAutoConfiguration:
      Did not match:
         - @ConditionalOnWebApplication did not find reactive web application classes (OnWebApplicationCondition)

   WebSocketServletAutoConfiguration.Jetty10WebSocketConfiguration:
      Did not match:
         - @ConditionalOnClass did not find required classes 'org.eclipse.jetty.websocket.javax.server.internal.JavaxWebSocketServerContainer', 'org.eclipse.jetty.websocket.server.JettyWebSocketServerContainer' (OnClassCondition)

   WebSocketServletAutoConfiguration.JettyWebSocketConfiguration:
      Did not match:
         - @ConditionalOnClass did not find required class 'org.eclipse.jetty.websocket.jsr356.server.deploy.WebSocketServerContainerInitializer' (OnClassCondition)

   WebSocketServletAutoConfiguration.UndertowWebSocketConfiguration:
      Did not match:
         - @ConditionalOnClass did not find required class 'io.undertow.websockets.jsr.Bootstrap' (OnClassCondition)

   XADataSourceAutoConfiguration:
      Did not match:
         - @ConditionalOnClass did not find required class 'org.springframework.jdbc.datasource.embedded.EmbeddedDatabaseType' (OnClassCondition)


Exclusions:
-----------

    None


Unconditional classes:
----------------------

    org.springframework.boot.autoconfigure.context.ConfigurationPropertiesAutoConfiguration

    org.springframework.boot.autoconfigure.context.LifecycleAutoConfiguration

    org.springframework.boot.autoconfigure.context.PropertyPlaceholderAutoConfiguration

    org.springframework.boot.autoconfigure.availability.ApplicationAvailabilityAutoConfiguration

    org.springframework.boot.autoconfigure.info.ProjectInfoAutoConfiguration



2025-10-01 17:10:53 [main] INFO  BcapApplication:61 - Started BcapApplication in 2.29 seconds (JVM running for 2.766)
2025-10-01 17:10:53 [main] DEBUG ApplicationAvailabilityBean:77 - Application availability state LivenessState changed to CORRECT
2025-10-01 17:10:53 [main] DEBUG ApplicationAvailabilityBean:77 - Application availability state ReadinessState changed to ACCEPTING_TRAFFIC
2025-10-01 17:10:53 [main] INFO  BcapApplication:18 - Start Application
2025-10-01 17:12:06 [http-nio-8080-exec-1] INFO  [/]:173 - Initializing Spring DispatcherServlet 'dispatcherServlet'
2025-10-01 17:12:06 [http-nio-8080-exec-1] INFO  DispatcherServlet:525 - Initializing Servlet 'dispatcherServlet'
2025-10-01 17:12:06 [http-nio-8080-exec-1] DEBUG DispatcherServlet:522 - Detected StandardServletMultipartResolver
2025-10-01 17:12:06 [http-nio-8080-exec-1] DEBUG DispatcherServlet:546 - Detected AcceptHeaderLocaleResolver
2025-10-01 17:12:06 [http-nio-8080-exec-1] DEBUG DispatcherServlet:571 - Detected FixedThemeResolver
2025-10-01 17:12:06 [http-nio-8080-exec-1] DEBUG DispatcherServlet:721 - Detected org.springframework.web.servlet.view.DefaultRequestToViewNameTranslator@7ccc7e11
2025-10-01 17:12:06 [http-nio-8080-exec-1] DEBUG DispatcherServlet:785 - Detected org.springframework.web.servlet.support.SessionFlashMapManager@7d79e1f7
2025-10-01 17:12:06 [http-nio-8080-exec-1] DEBUG DispatcherServlet:542 - enableLoggingRequestDetails='false': request parameters and headers will be masked to prevent unsafe logging of potentially sensitive data
2025-10-01 17:12:06 [http-nio-8080-exec-1] INFO  DispatcherServlet:547 - Completed initialization in 2 ms
2025-10-01 17:12:06 [http-nio-8080-exec-1] DEBUG FilterChainProxy:218 - Securing OPTIONS /file-manager/upload
2025-10-01 17:12:06 [http-nio-8080-exec-1] DEBUG SecurityContextPersistenceFilter:104 - Set SecurityContextHolder to empty SecurityContext
2025-10-01 17:12:07 [http-nio-8080-exec-1] DEBUG SecurityContextPersistenceFilter:120 - Cleared SecurityContextHolder to complete request
2025-10-01 17:12:07 [http-nio-8080-exec-3] DEBUG FilterChainProxy:218 - Securing POST /file-manager/upload
2025-10-01 17:12:07 [http-nio-8080-exec-3] DEBUG SecurityContextPersistenceFilter:104 - Set SecurityContextHolder to empty SecurityContext
2025-10-01 17:12:07 [http-nio-8080-exec-3] DEBUG FilterChainProxy:333 - Secured POST /file-manager/upload
2025-10-01 17:12:07 [http-nio-8080-exec-3] DEBUG DispatcherServlet:120 - POST "/file-manager/upload", parameters={multipart}
2025-10-01 17:12:07 [http-nio-8080-exec-3] DEBUG RequestMappingHandlerMapping:522 - Mapped to maas.bcap.controller.FileManagerController#upload(HttpServletRequest, HttpServletResponse, AuthInfoDto, FileUploadInDto, List)
2025-10-01 17:12:07 [http-nio-8080-exec-3] INFO  FileManagerController:45 - inDto : FileUploadInDto(fileDiv=div1, fileDesc=desc1, extraPath=null, attachFileId=1111, attachFileSeqNo=null, screenId=FileUpload)
2025-10-01 17:12:07 [http-nio-8080-exec-3] INFO  FileManagerController:46 - Files : [org.springframework.web.multipart.support.StandardMultipartHttpServletRequest$StandardMultipartFile@32d4aeab]
2025-10-01 17:12:07 [http-nio-8080-exec-3] INFO  FileUploadService:48 - FileUploadService.upload
2025-10-01 17:12:07 [http-nio-8080-exec-3] INFO  FileUploadService:52 - Content-Type multipart/form-data; boundary=----WebKitFormBoundaryLmHNRbU9xISFBL0I
2025-10-01 17:12:07 [http-nio-8080-exec-3] INFO  FileUploadService:69 - UserInfoFileManagerDto(screenId=FileUpload, userIp=0:0:0:0:0:0:0:1)
2025-10-01 17:12:07 [http-nio-8080-exec-3] INFO  FileUploadService:87 - FileManagerService.registerNewFiles
2025-10-01 17:12:07 [http-nio-8080-exec-3] INFO  FileUploadService:190 - FileUploadService.checkFileExtension
2025-10-01 17:12:07 [http-nio-8080-exec-3] INFO  FileUploadService:192 - originFileName : [279111.jpg]
2025-10-01 17:12:07 [http-nio-8080-exec-3] INFO  FileUploadService:194 - jpg
2025-10-01 17:12:07 [http-nio-8080-exec-3] INFO  FileUploadService:133 - FileInVo(attach_file_id=null, attach_file_clcd=div1, attach_file_expl=desc1, upd_yn=N, req_clcd=null, sub1Vos=[FileInSub1Vo(attach_file_id=null, attach_file_seq_no=null, attach_file_clcd=null, del_yn=null, file_nm=279111.jpg, upl_file_size=222793, upl_file_nm=null, file_path=D:/bcap\div1, pfr_rank=0, inp_usr_id=1787130271, inp_pgm_id=FileUpload, chng_usr_id=null, chng_pgm_id=null)])
2025-10-01 17:12:07 [http-nio-8080-exec-3] INFO  FileManagerService:28 - FileManagerService.saveFilesToDevonC
2025-10-01 17:12:07 [http-nio-8080-exec-3] INFO  FileManagerService:32 - FileInVo(attach_file_id=null, attach_file_clcd=div1, attach_file_expl=desc1, upd_yn=N, req_clcd=U1, sub1Vos=[FileInSub1Vo(attach_file_id=null, attach_file_seq_no=null, attach_file_clcd=null, del_yn=null, file_nm=279111.jpg, upl_file_size=222793, upl_file_nm=null, file_path=D:/bcap\div1, pfr_rank=0, inp_usr_id=1787130271, inp_pgm_id=FileUpload, chng_usr_id=null, chng_pgm_id=null)])
2025-10-01 17:12:07 [http-nio-8080-exec-3] INFO  FileManagerService:60 - FileManagerService.interfaceTuxedo
2025-10-01 17:12:07 [http-nio-8080-exec-3] INFO  FileManagerService:75 - TelegramUserDataInput(tx_code=SAZ06F010U, client_ip_no=0:0:0:0:0:0:0:1, client_mac=, scrn_id=FileUpload, op_id=1787130271, sync_type=A, async_rspn_yn=0, rspn_svc_code=, ttl_use_flag=0, ttl=0, long_msg_type=1, dst_inst_code=null, fail_knd=null, ap_host_name=null, ap_caller_id=null, lang_type=EN)
2025-10-01 17:12:07 [http-nio-8080-exec-3] INFO  InterfaceTelegram:18 - #################### Interface Tuxedo ####################
2025-10-01 17:12:07 [http-nio-8080-exec-3] INFO  InterfaceTelegram:19 - FileInVo(attach_file_id=null, attach_file_clcd=div1, attach_file_expl=desc1, upd_yn=N, req_clcd=U1, sub1Vos=[FileInSub1Vo(attach_file_id=null, attach_file_seq_no=null, attach_file_clcd=null, del_yn=null, file_nm=279111.jpg, upl_file_size=222793, upl_file_nm=null, file_path=D:/bcap\div1, pfr_rank=0, inp_usr_id=1787130271, inp_pgm_id=FileUpload, chng_usr_id=null, chng_pgm_id=null)])
2025-10-01 17:12:07 [http-nio-8080-exec-3] INFO  InterfaceTelegram:20 - FileOutVo(rson_cd=null, attach_file_id=null, attach_file_clcd=null, attach_file_expl=null, upd_yn=null, req_clcd=null, sub1Vos=null)
2025-10-01 17:12:07 [http-nio-8080-exec-3] INFO  InterfaceTelegram:23 - ByteEncoder
2025-10-01 17:12:07 [http-nio-8080-exec-3] ERROR TelegramBuilder:11 - java.lang.reflect.InaccessibleObjectException: Unable to make field private static final long java.util.ArrayList.serialVersionUID accessible: module java.base does not "opens java.util" to unnamed module @5fcd892a
2025-10-01 17:12:07 [http-nio-8080-exec-3] ERROR TelegramBuilder:19 - java.base/java.lang.reflect.AccessibleObject.throwInaccessibleObjectException(AccessibleObject.java:391)
2025-10-01 17:12:07 [http-nio-8080-exec-3] ERROR TelegramBuilder:19 - java.base/java.lang.reflect.AccessibleObject.checkCanSetAccessible(AccessibleObject.java:367)
2025-10-01 17:12:07 [http-nio-8080-exec-3] ERROR TelegramBuilder:19 - java.base/java.lang.reflect.AccessibleObject.checkCanSetAccessible(AccessibleObject.java:315)
2025-10-01 17:12:07 [http-nio-8080-exec-3] ERROR TelegramBuilder:19 - java.base/java.lang.reflect.Field.checkCanSetAccessible(Field.java:183)
2025-10-01 17:12:07 [http-nio-8080-exec-3] ERROR TelegramBuilder:19 - java.base/java.lang.reflect.Field.setAccessible(Field.java:177)
2025-10-01 17:12:07 [http-nio-8080-exec-3] ERROR TelegramBuilder:19 - mti.com.telegram.util.TelegramUtil.getPacketSize(TelegramUtil.java:331)
2025-10-01 17:12:07 [http-nio-8080-exec-3] ERROR TelegramBuilder:19 - mti.com.telegram.util.TelegramUtil.getPacketSize(TelegramUtil.java:351)
2025-10-01 17:12:07 [http-nio-8080-exec-3] ERROR TelegramBuilder:19 - mti.com.telegram.util.TelegramUtil.getPacketSize(TelegramUtil.java:365)
2025-10-01 17:12:07 [http-nio-8080-exec-3] ERROR TelegramBuilder:19 - mti.com.telegram.util.TelegramBuilder.makeTelegramData(TelegramBuilder.java:132)
2025-10-01 17:12:07 [http-nio-8080-exec-3] ERROR TelegramBuilder:19 - mti.com.telegram.util.TelegramBuilder.getTelegramIn(TelegramBuilder.java:25)
2025-10-01 17:12:07 [http-nio-8080-exec-3] ERROR TelegramBuilder:19 - mti.com.telegram.util.InterfaceTelegram.interfaceTuxedo(InterfaceTelegram.java:24)
2025-10-01 17:12:07 [http-nio-8080-exec-3] ERROR TelegramBuilder:19 - maas.bcap.common.ServiceSupport.tuxedoTransaction(ServiceSupport.java:63)
2025-10-01 17:12:07 [http-nio-8080-exec-3] ERROR TelegramBuilder:19 - maas.bcap.service.FileManagerService.interfaceTuxedo(FileManagerService.java:81)
2025-10-01 17:12:07 [http-nio-8080-exec-3] ERROR TelegramBuilder:19 - maas.bcap.service.FileManagerService.saveFilesToDevonC(FileManagerService.java:34)
2025-10-01 17:12:07 [http-nio-8080-exec-3] ERROR TelegramBuilder:19 - maas.bcap.service.FileUploadService.registerNewFiles(FileUploadService.java:136)
2025-10-01 17:12:07 [http-nio-8080-exec-3] ERROR TelegramBuilder:19 - maas.bcap.service.FileUploadService.upload(FileUploadService.java:77)
2025-10-01 17:12:07 [http-nio-8080-exec-3] ERROR TelegramBuilder:19 - maas.bcap.controller.FileManagerController.upload(FileManagerController.java:47)
2025-10-01 17:12:07 [http-nio-8080-exec-3] ERROR TelegramBuilder:19 - java.base/jdk.internal.reflect.DirectMethodHandleAccessor.invoke(DirectMethodHandleAccessor.java:103)
2025-10-01 17:12:07 [http-nio-8080-exec-3] ERROR TelegramBuilder:19 - java.base/java.lang.reflect.Method.invoke(Method.java:580)
2025-10-01 17:12:07 [http-nio-8080-exec-3] ERROR TelegramBuilder:19 - org.springframework.web.method.support.InvocableHandlerMethod.doInvoke(InvocableHandlerMethod.java:205)
2025-10-01 17:12:07 [http-nio-8080-exec-3] ERROR TelegramBuilder:19 - org.springframework.web.method.support.InvocableHandlerMethod.invokeForRequest(InvocableHandlerMethod.java:150)
2025-10-01 17:12:07 [http-nio-8080-exec-3] ERROR TelegramBuilder:19 - org.springframework.web.servlet.mvc.method.annotation.ServletInvocableHandlerMethod.invokeAndHandle(ServletInvocableHandlerMethod.java:117)
2025-10-01 17:12:07 [http-nio-8080-exec-3] ERROR TelegramBuilder:19 - org.springframework.web.servlet.mvc.method.annotation.RequestMappingHandlerAdapter.invokeHandlerMethod(RequestMappingHandlerAdapter.java:895)
2025-10-01 17:12:07 [http-nio-8080-exec-3] ERROR TelegramBuilder:19 - org.springframework.web.servlet.mvc.method.annotation.RequestMappingHandlerAdapter.handleInternal(RequestMappingHandlerAdapter.java:808)
2025-10-01 17:12:07 [http-nio-8080-exec-3] ERROR TelegramBuilder:19 - org.springframework.web.servlet.mvc.method.AbstractHandlerMethodAdapter.handle(AbstractHandlerMethodAdapter.java:87)
2025-10-01 17:12:07 [http-nio-8080-exec-3] ERROR TelegramBuilder:19 - org.springframework.web.servlet.DispatcherServlet.doDispatch(DispatcherServlet.java:1072)
2025-10-01 17:12:07 [http-nio-8080-exec-3] ERROR TelegramBuilder:19 - org.springframework.web.servlet.DispatcherServlet.doService(DispatcherServlet.java:965)
2025-10-01 17:12:07 [http-nio-8080-exec-3] ERROR TelegramBuilder:19 - org.springframework.web.servlet.FrameworkServlet.processRequest(FrameworkServlet.java:1006)
2025-10-01 17:12:07 [http-nio-8080-exec-3] ERROR TelegramBuilder:19 - org.springframework.web.servlet.FrameworkServlet.doPost(FrameworkServlet.java:909)
2025-10-01 17:12:07 [http-nio-8080-exec-3] ERROR TelegramBuilder:19 - javax.servlet.http.HttpServlet.service(HttpServlet.java:555)
2025-10-01 17:12:07 [http-nio-8080-exec-3] ERROR TelegramBuilder:19 - org.springframework.web.servlet.FrameworkServlet.service(FrameworkServlet.java:883)
2025-10-01 17:12:07 [http-nio-8080-exec-3] ERROR TelegramBuilder:19 - javax.servlet.http.HttpServlet.service(HttpServlet.java:623)
2025-10-01 17:12:07 [http-nio-8080-exec-3] ERROR TelegramBuilder:19 - org.apache.catalina.core.ApplicationFilterChain.internalDoFilter(ApplicationFilterChain.java:209)
2025-10-01 17:12:07 [http-nio-8080-exec-3] ERROR TelegramBuilder:19 - org.apache.catalina.core.ApplicationFilterChain.doFilter(ApplicationFilterChain.java:153)
2025-10-01 17:12:07 [http-nio-8080-exec-3] ERROR TelegramBuilder:19 - org.apache.tomcat.websocket.server.WsFilter.doFilter(WsFilter.java:51)
2025-10-01 17:12:07 [http-nio-8080-exec-3] ERROR TelegramBuilder:19 - org.apache.catalina.core.ApplicationFilterChain.internalDoFilter(ApplicationFilterChain.java:178)
2025-10-01 17:12:07 [http-nio-8080-exec-3] ERROR TelegramBuilder:19 - org.apache.catalina.core.ApplicationFilterChain.doFilter(ApplicationFilterChain.java:153)
2025-10-01 17:12:07 [http-nio-8080-exec-3] ERROR TelegramBuilder:19 - org.springframework.web.filter.OncePerRequestFilter.doFilter(OncePerRequestFilter.java:111)
2025-10-01 17:12:07 [http-nio-8080-exec-3] ERROR TelegramBuilder:19 - org.apache.catalina.core.ApplicationFilterChain.internalDoFilter(ApplicationFilterChain.java:178)
2025-10-01 17:12:07 [http-nio-8080-exec-3] ERROR TelegramBuilder:19 - org.apache.catalina.core.ApplicationFilterChain.doFilter(ApplicationFilterChain.java:153)
2025-10-01 17:12:07 [http-nio-8080-exec-3] ERROR TelegramBuilder:19 - org.springframework.security.web.FilterChainProxy$VirtualFilterChain.doFilter(FilterChainProxy.java:337)
2025-10-01 17:12:07 [http-nio-8080-exec-3] ERROR TelegramBuilder:19 - org.springframework.security.web.access.intercept.AuthorizationFilter.doFilter(AuthorizationFilter.java:96)
2025-10-01 17:12:07 [http-nio-8080-exec-3] ERROR TelegramBuilder:19 - org.springframework.security.web.FilterChainProxy$VirtualFilterChain.doFilter(FilterChainProxy.java:346)
2025-10-01 17:12:07 [http-nio-8080-exec-3] ERROR TelegramBuilder:19 - org.springframework.security.web.access.ExceptionTranslationFilter.doFilter(ExceptionTranslationFilter.java:122)
2025-10-01 17:12:07 [http-nio-8080-exec-3] ERROR TelegramBuilder:19 - org.springframework.security.web.access.ExceptionTranslationFilter.doFilter(ExceptionTranslationFilter.java:116)
2025-10-01 17:12:07 [http-nio-8080-exec-3] ERROR TelegramBuilder:19 - org.springframework.security.web.FilterChainProxy$VirtualFilterChain.doFilter(FilterChainProxy.java:346)
2025-10-01 17:12:07 [http-nio-8080-exec-3] ERROR TelegramBuilder:19 - org.springframework.security.web.session.SessionManagementFilter.doFilter(SessionManagementFilter.java:126)
2025-10-01 17:12:07 [http-nio-8080-exec-3] ERROR TelegramBuilder:19 - org.springframework.security.web.session.SessionManagementFilter.doFilter(SessionManagementFilter.java:81)
2025-10-01 17:12:07 [http-nio-8080-exec-3] ERROR TelegramBuilder:19 - org.springframework.security.web.FilterChainProxy$VirtualFilterChain.doFilter(FilterChainProxy.java:346)
2025-10-01 17:12:07 [http-nio-8080-exec-3] ERROR TelegramBuilder:19 - org.springframework.security.web.authentication.AnonymousAuthenticationFilter.doFilter(AnonymousAuthenticationFilter.java:109)
2025-10-01 17:12:07 [http-nio-8080-exec-3] ERROR TelegramBuilder:19 - org.springframework.security.web.FilterChainProxy$VirtualFilterChain.doFilter(FilterChainProxy.java:346)
2025-10-01 17:12:07 [http-nio-8080-exec-3] ERROR TelegramBuilder:19 - org.springframework.security.web.servletapi.SecurityContextHolderAwareRequestFilter.doFilter(SecurityContextHolderAwareRequestFilter.java:149)
2025-10-01 17:12:07 [http-nio-8080-exec-3] ERROR TelegramBuilder:19 - org.springframework.security.web.FilterChainProxy$VirtualFilterChain.doFilter(FilterChainProxy.java:346)
2025-10-01 17:12:07 [http-nio-8080-exec-3] ERROR TelegramBuilder:19 - org.springframework.security.web.savedrequest.RequestCacheAwareFilter.doFilter(RequestCacheAwareFilter.java:63)
2025-10-01 17:12:07 [http-nio-8080-exec-3] ERROR TelegramBuilder:19 - org.springframework.security.web.FilterChainProxy$VirtualFilterChain.doFilter(FilterChainProxy.java:346)
2025-10-01 17:12:07 [http-nio-8080-exec-3] ERROR TelegramBuilder:19 - maas.bcap.security.JwtAuthFilter.doFilterInternal(JwtAuthFilter.java:70)
2025-10-01 17:12:07 [http-nio-8080-exec-3] ERROR TelegramBuilder:19 - org.springframework.web.filter.OncePerRequestFilter.doFilter(OncePerRequestFilter.java:117)
2025-10-01 17:12:07 [http-nio-8080-exec-3] ERROR TelegramBuilder:19 - org.springframework.security.web.FilterChainProxy$VirtualFilterChain.doFilter(FilterChainProxy.java:346)
2025-10-01 17:12:07 [http-nio-8080-exec-3] ERROR TelegramBuilder:19 - org.springframework.security.web.authentication.logout.LogoutFilter.doFilter(LogoutFilter.java:103)
2025-10-01 17:12:07 [http-nio-8080-exec-3] ERROR TelegramBuilder:19 - org.springframework.security.web.authentication.logout.LogoutFilter.doFilter(LogoutFilter.java:89)
2025-10-01 17:12:07 [http-nio-8080-exec-3] ERROR TelegramBuilder:19 - org.springframework.security.web.FilterChainProxy$VirtualFilterChain.doFilter(FilterChainProxy.java:346)
2025-10-01 17:12:07 [http-nio-8080-exec-3] ERROR TelegramBuilder:19 - org.springframework.web.filter.CorsFilter.doFilterInternal(CorsFilter.java:91)
2025-10-01 17:12:07 [http-nio-8080-exec-3] ERROR TelegramBuilder:19 - org.springframework.web.filter.OncePerRequestFilter.doFilter(OncePerRequestFilter.java:117)
2025-10-01 17:12:07 [http-nio-8080-exec-3] ERROR TelegramBuilder:19 - org.springframework.security.web.FilterChainProxy$VirtualFilterChain.doFilter(FilterChainProxy.java:346)
2025-10-01 17:12:07 [http-nio-8080-exec-3] ERROR TelegramBuilder:19 - org.springframework.security.web.header.HeaderWriterFilter.doHeadersAfter(HeaderWriterFilter.java:90)
2025-10-01 17:12:07 [http-nio-8080-exec-3] ERROR TelegramBuilder:19 - org.springframework.security.web.header.HeaderWriterFilter.doFilterInternal(HeaderWriterFilter.java:75)
2025-10-01 17:12:07 [http-nio-8080-exec-3] ERROR TelegramBuilder:19 - org.springframework.web.filter.OncePerRequestFilter.doFilter(OncePerRequestFilter.java:117)
2025-10-01 17:12:07 [http-nio-8080-exec-3] ERROR TelegramBuilder:19 - org.springframework.security.web.FilterChainProxy$VirtualFilterChain.doFilter(FilterChainProxy.java:346)
2025-10-01 17:12:07 [http-nio-8080-exec-3] ERROR TelegramBuilder:19 - org.springframework.security.web.context.SecurityContextPersistenceFilter.doFilter(SecurityContextPersistenceFilter.java:112)
2025-10-01 17:12:07 [http-nio-8080-exec-3] ERROR TelegramBuilder:19 - org.springframework.security.web.context.SecurityContextPersistenceFilter.doFilter(SecurityContextPersistenceFilter.java:82)
2025-10-01 17:12:07 [http-nio-8080-exec-3] ERROR TelegramBuilder:19 - org.springframework.security.web.FilterChainProxy$VirtualFilterChain.doFilter(FilterChainProxy.java:346)
2025-10-01 17:12:07 [http-nio-8080-exec-3] ERROR TelegramBuilder:19 - org.springframework.security.web.context.request.async.WebAsyncManagerIntegrationFilter.doFilterInternal(WebAsyncManagerIntegrationFilter.java:55)
2025-10-01 17:12:07 [http-nio-8080-exec-3] ERROR TelegramBuilder:19 - org.springframework.web.filter.OncePerRequestFilter.doFilter(OncePerRequestFilter.java:117)
2025-10-01 17:12:07 [http-nio-8080-exec-3] ERROR TelegramBuilder:19 - org.springframework.security.web.FilterChainProxy$VirtualFilterChain.doFilter(FilterChainProxy.java:346)
2025-10-01 17:12:07 [http-nio-8080-exec-3] ERROR TelegramBuilder:19 - org.springframework.security.web.session.DisableEncodeUrlFilter.doFilterInternal(DisableEncodeUrlFilter.java:42)
2025-10-01 17:12:07 [http-nio-8080-exec-3] ERROR TelegramBuilder:19 - org.springframework.web.filter.OncePerRequestFilter.doFilter(OncePerRequestFilter.java:117)
2025-10-01 17:12:07 [http-nio-8080-exec-3] ERROR TelegramBuilder:19 - org.springframework.security.web.FilterChainProxy$VirtualFilterChain.doFilter(FilterChainProxy.java:346)
2025-10-01 17:12:07 [http-nio-8080-exec-3] ERROR TelegramBuilder:19 - org.springframework.security.web.FilterChainProxy.doFilterInternal(FilterChainProxy.java:221)
2025-10-01 17:12:07 [http-nio-8080-exec-3] ERROR TelegramBuilder:19 - org.springframework.security.web.FilterChainProxy.doFilter(FilterChainProxy.java:186)
2025-10-01 17:12:07 [http-nio-8080-exec-3] ERROR TelegramBuilder:19 - org.springframework.web.filter.DelegatingFilterProxy.invokeDelegate(DelegatingFilterProxy.java:354)
2025-10-01 17:12:07 [http-nio-8080-exec-3] ERROR TelegramBuilder:19 - org.springframework.web.filter.DelegatingFilterProxy.doFilter(DelegatingFilterProxy.java:267)
2025-10-01 17:12:07 [http-nio-8080-exec-3] ERROR TelegramBuilder:19 - org.apache.catalina.core.ApplicationFilterChain.internalDoFilter(ApplicationFilterChain.java:178)
2025-10-01 17:12:07 [http-nio-8080-exec-3] ERROR TelegramBuilder:19 - org.apache.catalina.core.ApplicationFilterChain.doFilter(ApplicationFilterChain.java:153)
2025-10-01 17:12:07 [http-nio-8080-exec-3] ERROR TelegramBuilder:19 - org.springframework.web.filter.RequestContextFilter.doFilterInternal(RequestContextFilter.java:100)
2025-10-01 17:12:07 [http-nio-8080-exec-3] ERROR TelegramBuilder:19 - org.springframework.web.filter.OncePerRequestFilter.doFilter(OncePerRequestFilter.java:117)
2025-10-01 17:12:07 [http-nio-8080-exec-3] ERROR TelegramBuilder:19 - org.apache.catalina.core.ApplicationFilterChain.internalDoFilter(ApplicationFilterChain.java:178)
2025-10-01 17:12:07 [http-nio-8080-exec-3] ERROR TelegramBuilder:19 - org.apache.catalina.core.ApplicationFilterChain.doFilter(ApplicationFilterChain.java:153)
2025-10-01 17:12:07 [http-nio-8080-exec-3] ERROR TelegramBuilder:19 - org.springframework.web.filter.FormContentFilter.doFilterInternal(FormContentFilter.java:93)
2025-10-01 17:12:07 [http-nio-8080-exec-3] ERROR TelegramBuilder:19 - org.springframework.web.filter.OncePerRequestFilter.doFilter(OncePerRequestFilter.java:117)
2025-10-01 17:12:07 [http-nio-8080-exec-3] ERROR TelegramBuilder:19 - org.apache.catalina.core.ApplicationFilterChain.internalDoFilter(ApplicationFilterChain.java:178)
2025-10-01 17:12:07 [http-nio-8080-exec-3] ERROR TelegramBuilder:19 - org.apache.catalina.core.ApplicationFilterChain.doFilter(ApplicationFilterChain.java:153)
2025-10-01 17:12:07 [http-nio-8080-exec-3] ERROR TelegramBuilder:19 - org.springframework.web.filter.CharacterEncodingFilter.doFilterInternal(CharacterEncodingFilter.java:201)
2025-10-01 17:12:07 [http-nio-8080-exec-3] ERROR TelegramBuilder:19 - org.springframework.web.filter.OncePerRequestFilter.doFilter(OncePerRequestFilter.java:117)
2025-10-01 17:12:07 [http-nio-8080-exec-3] ERROR TelegramBuilder:19 - org.apache.catalina.core.ApplicationFilterChain.internalDoFilter(ApplicationFilterChain.java:178)
2025-10-01 17:12:07 [http-nio-8080-exec-3] ERROR TelegramBuilder:19 - org.apache.catalina.core.ApplicationFilterChain.doFilter(ApplicationFilterChain.java:153)
2025-10-01 17:12:07 [http-nio-8080-exec-3] ERROR TelegramBuilder:19 - org.apache.catalina.core.StandardWrapperValve.invoke(StandardWrapperValve.java:168)
2025-10-01 17:12:07 [http-nio-8080-exec-3] ERROR TelegramBuilder:19 - org.apache.catalina.core.StandardContextValve.invoke(StandardContextValve.java:90)
2025-10-01 17:12:07 [http-nio-8080-exec-3] ERROR TelegramBuilder:19 - org.apache.catalina.authenticator.AuthenticatorBase.invoke(AuthenticatorBase.java:481)
2025-10-01 17:12:07 [http-nio-8080-exec-3] ERROR TelegramBuilder:19 - org.apache.catalina.core.StandardHostValve.invoke(StandardHostValve.java:130)
2025-10-01 17:12:07 [http-nio-8080-exec-3] ERROR TelegramBuilder:19 - org.apache.catalina.valves.ErrorReportValve.invoke(ErrorReportValve.java:93)
2025-10-01 17:12:07 [http-nio-8080-exec-3] ERROR TelegramBuilder:19 - org.apache.catalina.core.StandardEngineValve.invoke(StandardEngineValve.java:74)
2025-10-01 17:12:07 [http-nio-8080-exec-3] ERROR TelegramBuilder:19 - org.apache.catalina.connector.CoyoteAdapter.service(CoyoteAdapter.java:342)
2025-10-01 17:12:07 [http-nio-8080-exec-3] ERROR TelegramBuilder:19 - org.apache.coyote.http11.Http11Processor.service(Http11Processor.java:390)
2025-10-01 17:12:07 [http-nio-8080-exec-3] ERROR TelegramBuilder:19 - org.apache.coyote.AbstractProcessorLight.process(AbstractProcessorLight.java:63)
2025-10-01 17:12:07 [http-nio-8080-exec-3] ERROR TelegramBuilder:19 - org.apache.coyote.AbstractProtocol$ConnectionHandler.process(AbstractProtocol.java:928)
2025-10-01 17:12:07 [http-nio-8080-exec-3] ERROR TelegramBuilder:19 - org.apache.tomcat.util.net.NioEndpoint$SocketProcessor.doRun(NioEndpoint.java:1794)
2025-10-01 17:12:07 [http-nio-8080-exec-3] ERROR TelegramBuilder:19 - org.apache.tomcat.util.net.SocketProcessorBase.run(SocketProcessorBase.java:52)
2025-10-01 17:12:07 [http-nio-8080-exec-3] ERROR TelegramBuilder:19 - org.apache.tomcat.util.threads.ThreadPoolExecutor.runWorker(ThreadPoolExecutor.java:1191)
2025-10-01 17:12:07 [http-nio-8080-exec-3] ERROR TelegramBuilder:19 - org.apache.tomcat.util.threads.ThreadPoolExecutor$Worker.run(ThreadPoolExecutor.java:659)
2025-10-01 17:12:07 [http-nio-8080-exec-3] ERROR TelegramBuilder:19 - org.apache.tomcat.util.threads.TaskThread$WrappingRunnable.run(TaskThread.java:61)
2025-10-01 17:12:07 [http-nio-8080-exec-3] ERROR TelegramBuilder:19 - java.base/java.lang.Thread.run(Thread.java:1583)
2025-10-01 17:12:07 [http-nio-8080-exec-3] ERROR TelegramBuilder:11 - java.lang.reflect.InaccessibleObjectException: Unable to make field private static final long java.util.ArrayList.serialVersionUID accessible: module java.base does not "opens java.util" to unnamed module @5fcd892a
2025-10-01 17:12:07 [http-nio-8080-exec-3] ERROR TelegramBuilder:19 - java.base/java.lang.reflect.AccessibleObject.throwInaccessibleObjectException(AccessibleObject.java:391)
2025-10-01 17:12:07 [http-nio-8080-exec-3] ERROR TelegramBuilder:19 - java.base/java.lang.reflect.AccessibleObject.checkCanSetAccessible(AccessibleObject.java:367)
2025-10-01 17:12:07 [http-nio-8080-exec-3] ERROR TelegramBuilder:19 - java.base/java.lang.reflect.AccessibleObject.checkCanSetAccessible(AccessibleObject.java:315)
2025-10-01 17:12:07 [http-nio-8080-exec-3] ERROR TelegramBuilder:19 - java.base/java.lang.reflect.Field.checkCanSetAccessible(Field.java:183)
2025-10-01 17:12:07 [http-nio-8080-exec-3] ERROR TelegramBuilder:19 - java.base/java.lang.reflect.Field.setAccessible(Field.java:177)
2025-10-01 17:12:07 [http-nio-8080-exec-3] ERROR TelegramBuilder:19 - mti.com.telegram.util.TelegramUtil.getPacketSize(TelegramUtil.java:331)
2025-10-01 17:12:07 [http-nio-8080-exec-3] ERROR TelegramBuilder:19 - mti.com.telegram.util.TelegramUtil.getPacketSize(TelegramUtil.java:351)
2025-10-01 17:12:07 [http-nio-8080-exec-3] ERROR TelegramBuilder:19 - mti.com.telegram.util.TelegramUtil.getPacketSize(TelegramUtil.java:365)
2025-10-01 17:12:07 [http-nio-8080-exec-3] ERROR TelegramBuilder:19 - mti.com.telegram.util.TelegramUtil.getPacketSize(TelegramUtil.java:365)
2025-10-01 17:12:07 [http-nio-8080-exec-3] ERROR TelegramBuilder:19 - mti.com.telegram.util.TelegramBuilder.getTelegramIn(TelegramBuilder.java:28)
2025-10-01 17:12:07 [http-nio-8080-exec-3] ERROR TelegramBuilder:19 - mti.com.telegram.util.InterfaceTelegram.interfaceTuxedo(InterfaceTelegram.java:24)
2025-10-01 17:12:07 [http-nio-8080-exec-3] ERROR TelegramBuilder:19 - maas.bcap.common.ServiceSupport.tuxedoTransaction(ServiceSupport.java:63)
2025-10-01 17:12:07 [http-nio-8080-exec-3] ERROR TelegramBuilder:19 - maas.bcap.service.FileManagerService.interfaceTuxedo(FileManagerService.java:81)
2025-10-01 17:12:07 [http-nio-8080-exec-3] ERROR TelegramBuilder:19 - maas.bcap.service.FileManagerService.saveFilesToDevonC(FileManagerService.java:34)
2025-10-01 17:12:07 [http-nio-8080-exec-3] ERROR TelegramBuilder:19 - maas.bcap.service.FileUploadService.registerNewFiles(FileUploadService.java:136)
2025-10-01 17:12:07 [http-nio-8080-exec-3] ERROR TelegramBuilder:19 - maas.bcap.service.FileUploadService.upload(FileUploadService.java:77)
2025-10-01 17:12:07 [http-nio-8080-exec-3] ERROR TelegramBuilder:19 - maas.bcap.controller.FileManagerController.upload(FileManagerController.java:47)
2025-10-01 17:12:07 [http-nio-8080-exec-3] ERROR TelegramBuilder:19 - java.base/jdk.internal.reflect.DirectMethodHandleAccessor.invoke(DirectMethodHandleAccessor.java:103)
2025-10-01 17:12:07 [http-nio-8080-exec-3] ERROR TelegramBuilder:19 - java.base/java.lang.reflect.Method.invoke(Method.java:580)
2025-10-01 17:12:07 [http-nio-8080-exec-3] ERROR TelegramBuilder:19 - org.springframework.web.method.support.InvocableHandlerMethod.doInvoke(InvocableHandlerMethod.java:205)
2025-10-01 17:12:07 [http-nio-8080-exec-3] ERROR TelegramBuilder:19 - org.springframework.web.method.support.InvocableHandlerMethod.invokeForRequest(InvocableHandlerMethod.java:150)
2025-10-01 17:12:07 [http-nio-8080-exec-3] ERROR TelegramBuilder:19 - org.springframework.web.servlet.mvc.method.annotation.ServletInvocableHandlerMethod.invokeAndHandle(ServletInvocableHandlerMethod.java:117)
2025-10-01 17:12:07 [http-nio-8080-exec-3] ERROR TelegramBuilder:19 - org.springframework.web.servlet.mvc.method.annotation.RequestMappingHandlerAdapter.invokeHandlerMethod(RequestMappingHandlerAdapter.java:895)
2025-10-01 17:12:07 [http-nio-8080-exec-3] ERROR TelegramBuilder:19 - org.springframework.web.servlet.mvc.method.annotation.RequestMappingHandlerAdapter.handleInternal(RequestMappingHandlerAdapter.java:808)
2025-10-01 17:12:07 [http-nio-8080-exec-3] ERROR TelegramBuilder:19 - org.springframework.web.servlet.mvc.method.AbstractHandlerMethodAdapter.handle(AbstractHandlerMethodAdapter.java:87)
2025-10-01 17:12:07 [http-nio-8080-exec-3] ERROR TelegramBuilder:19 - org.springframework.web.servlet.DispatcherServlet.doDispatch(DispatcherServlet.java:1072)
2025-10-01 17:12:07 [http-nio-8080-exec-3] ERROR TelegramBuilder:19 - org.springframework.web.servlet.DispatcherServlet.doService(DispatcherServlet.java:965)
2025-10-01 17:12:07 [http-nio-8080-exec-3] ERROR TelegramBuilder:19 - org.springframework.web.servlet.FrameworkServlet.processRequest(FrameworkServlet.java:1006)
2025-10-01 17:12:07 [http-nio-8080-exec-3] ERROR TelegramBuilder:19 - org.springframework.web.servlet.FrameworkServlet.doPost(FrameworkServlet.java:909)
2025-10-01 17:12:07 [http-nio-8080-exec-3] ERROR TelegramBuilder:19 - javax.servlet.http.HttpServlet.service(HttpServlet.java:555)
2025-10-01 17:12:07 [http-nio-8080-exec-3] ERROR TelegramBuilder:19 - org.springframework.web.servlet.FrameworkServlet.service(FrameworkServlet.java:883)
2025-10-01 17:12:07 [http-nio-8080-exec-3] ERROR TelegramBuilder:19 - javax.servlet.http.HttpServlet.service(HttpServlet.java:623)
2025-10-01 17:12:07 [http-nio-8080-exec-3] ERROR TelegramBuilder:19 - org.apache.catalina.core.ApplicationFilterChain.internalDoFilter(ApplicationFilterChain.java:209)
2025-10-01 17:12:07 [http-nio-8080-exec-3] ERROR TelegramBuilder:19 - org.apache.catalina.core.ApplicationFilterChain.doFilter(ApplicationFilterChain.java:153)
2025-10-01 17:12:07 [http-nio-8080-exec-3] ERROR TelegramBuilder:19 - org.apache.tomcat.websocket.server.WsFilter.doFilter(WsFilter.java:51)
2025-10-01 17:12:07 [http-nio-8080-exec-3] ERROR TelegramBuilder:19 - org.apache.catalina.core.ApplicationFilterChain.internalDoFilter(ApplicationFilterChain.java:178)
2025-10-01 17:12:07 [http-nio-8080-exec-3] ERROR TelegramBuilder:19 - org.apache.catalina.core.ApplicationFilterChain.doFilter(ApplicationFilterChain.java:153)
2025-10-01 17:12:07 [http-nio-8080-exec-3] ERROR TelegramBuilder:19 - org.springframework.web.filter.OncePerRequestFilter.doFilter(OncePerRequestFilter.java:111)
2025-10-01 17:12:07 [http-nio-8080-exec-3] ERROR TelegramBuilder:19 - org.apache.catalina.core.ApplicationFilterChain.internalDoFilter(ApplicationFilterChain.java:178)
2025-10-01 17:12:07 [http-nio-8080-exec-3] ERROR TelegramBuilder:19 - org.apache.catalina.core.ApplicationFilterChain.doFilter(ApplicationFilterChain.java:153)
2025-10-01 17:12:07 [http-nio-8080-exec-3] ERROR TelegramBuilder:19 - org.springframework.security.web.FilterChainProxy$VirtualFilterChain.doFilter(FilterChainProxy.java:337)
2025-10-01 17:12:07 [http-nio-8080-exec-3] ERROR TelegramBuilder:19 - org.springframework.security.web.access.intercept.AuthorizationFilter.doFilter(AuthorizationFilter.java:96)
2025-10-01 17:12:07 [http-nio-8080-exec-3] ERROR TelegramBuilder:19 - org.springframework.security.web.FilterChainProxy$VirtualFilterChain.doFilter(FilterChainProxy.java:346)
2025-10-01 17:12:07 [http-nio-8080-exec-3] ERROR TelegramBuilder:19 - org.springframework.security.web.access.ExceptionTranslationFilter.doFilter(ExceptionTranslationFilter.java:122)
2025-10-01 17:12:07 [http-nio-8080-exec-3] ERROR TelegramBuilder:19 - org.springframework.security.web.access.ExceptionTranslationFilter.doFilter(ExceptionTranslationFilter.java:116)
2025-10-01 17:12:07 [http-nio-8080-exec-3] ERROR TelegramBuilder:19 - org.springframework.security.web.FilterChainProxy$VirtualFilterChain.doFilter(FilterChainProxy.java:346)
2025-10-01 17:12:07 [http-nio-8080-exec-3] ERROR TelegramBuilder:19 - org.springframework.security.web.session.SessionManagementFilter.doFilter(SessionManagementFilter.java:126)
2025-10-01 17:12:07 [http-nio-8080-exec-3] ERROR TelegramBuilder:19 - org.springframework.security.web.session.SessionManagementFilter.doFilter(SessionManagementFilter.java:81)
2025-10-01 17:12:07 [http-nio-8080-exec-3] ERROR TelegramBuilder:19 - org.springframework.security.web.FilterChainProxy$VirtualFilterChain.doFilter(FilterChainProxy.java:346)
2025-10-01 17:12:07 [http-nio-8080-exec-3] ERROR TelegramBuilder:19 - org.springframework.security.web.authentication.AnonymousAuthenticationFilter.doFilter(AnonymousAuthenticationFilter.java:109)
2025-10-01 17:12:07 [http-nio-8080-exec-3] ERROR TelegramBuilder:19 - org.springframework.security.web.FilterChainProxy$VirtualFilterChain.doFilter(FilterChainProxy.java:346)
2025-10-01 17:12:07 [http-nio-8080-exec-3] ERROR TelegramBuilder:19 - org.springframework.security.web.servletapi.SecurityContextHolderAwareRequestFilter.doFilter(SecurityContextHolderAwareRequestFilter.java:149)
2025-10-01 17:12:07 [http-nio-8080-exec-3] ERROR TelegramBuilder:19 - org.springframework.security.web.FilterChainProxy$VirtualFilterChain.doFilter(FilterChainProxy.java:346)
2025-10-01 17:12:07 [http-nio-8080-exec-3] ERROR TelegramBuilder:19 - org.springframework.security.web.savedrequest.RequestCacheAwareFilter.doFilter(RequestCacheAwareFilter.java:63)
2025-10-01 17:12:07 [http-nio-8080-exec-3] ERROR TelegramBuilder:19 - org.springframework.security.web.FilterChainProxy$VirtualFilterChain.doFilter(FilterChainProxy.java:346)
2025-10-01 17:12:07 [http-nio-8080-exec-3] ERROR TelegramBuilder:19 - maas.bcap.security.JwtAuthFilter.doFilterInternal(JwtAuthFilter.java:70)
2025-10-01 17:12:07 [http-nio-8080-exec-3] ERROR TelegramBuilder:19 - org.springframework.web.filter.OncePerRequestFilter.doFilter(OncePerRequestFilter.java:117)
2025-10-01 17:12:07 [http-nio-8080-exec-3] ERROR TelegramBuilder:19 - org.springframework.security.web.FilterChainProxy$VirtualFilterChain.doFilter(FilterChainProxy.java:346)
2025-10-01 17:12:07 [http-nio-8080-exec-3] ERROR TelegramBuilder:19 - org.springframework.security.web.authentication.logout.LogoutFilter.doFilter(LogoutFilter.java:103)
2025-10-01 17:12:07 [http-nio-8080-exec-3] ERROR TelegramBuilder:19 - org.springframework.security.web.authentication.logout.LogoutFilter.doFilter(LogoutFilter.java:89)
2025-10-01 17:12:07 [http-nio-8080-exec-3] ERROR TelegramBuilder:19 - org.springframework.security.web.FilterChainProxy$VirtualFilterChain.doFilter(FilterChainProxy.java:346)
2025-10-01 17:12:07 [http-nio-8080-exec-3] ERROR TelegramBuilder:19 - org.springframework.web.filter.CorsFilter.doFilterInternal(CorsFilter.java:91)
2025-10-01 17:12:07 [http-nio-8080-exec-3] ERROR TelegramBuilder:19 - org.springframework.web.filter.OncePerRequestFilter.doFilter(OncePerRequestFilter.java:117)
2025-10-01 17:12:07 [http-nio-8080-exec-3] ERROR TelegramBuilder:19 - org.springframework.security.web.FilterChainProxy$VirtualFilterChain.doFilter(FilterChainProxy.java:346)
2025-10-01 17:12:07 [http-nio-8080-exec-3] ERROR TelegramBuilder:19 - org.springframework.security.web.header.HeaderWriterFilter.doHeadersAfter(HeaderWriterFilter.java:90)
2025-10-01 17:12:07 [http-nio-8080-exec-3] ERROR TelegramBuilder:19 - org.springframework.security.web.header.HeaderWriterFilter.doFilterInternal(HeaderWriterFilter.java:75)
2025-10-01 17:12:07 [http-nio-8080-exec-3] ERROR TelegramBuilder:19 - org.springframework.web.filter.OncePerRequestFilter.doFilter(OncePerRequestFilter.java:117)
2025-10-01 17:12:07 [http-nio-8080-exec-3] ERROR TelegramBuilder:19 - org.springframework.security.web.FilterChainProxy$VirtualFilterChain.doFilter(FilterChainProxy.java:346)
2025-10-01 17:12:07 [http-nio-8080-exec-3] ERROR TelegramBuilder:19 - org.springframework.security.web.context.SecurityContextPersistenceFilter.doFilter(SecurityContextPersistenceFilter.java:112)
2025-10-01 17:12:07 [http-nio-8080-exec-3] ERROR TelegramBuilder:19 - org.springframework.security.web.context.SecurityContextPersistenceFilter.doFilter(SecurityContextPersistenceFilter.java:82)
2025-10-01 17:12:07 [http-nio-8080-exec-3] ERROR TelegramBuilder:19 - org.springframework.security.web.FilterChainProxy$VirtualFilterChain.doFilter(FilterChainProxy.java:346)
2025-10-01 17:12:07 [http-nio-8080-exec-3] ERROR TelegramBuilder:19 - org.springframework.security.web.context.request.async.WebAsyncManagerIntegrationFilter.doFilterInternal(WebAsyncManagerIntegrationFilter.java:55)
2025-10-01 17:12:07 [http-nio-8080-exec-3] ERROR TelegramBuilder:19 - org.springframework.web.filter.OncePerRequestFilter.doFilter(OncePerRequestFilter.java:117)
2025-10-01 17:12:07 [http-nio-8080-exec-3] ERROR TelegramBuilder:19 - org.springframework.security.web.FilterChainProxy$VirtualFilterChain.doFilter(FilterChainProxy.java:346)
2025-10-01 17:12:07 [http-nio-8080-exec-3] ERROR TelegramBuilder:19 - org.springframework.security.web.session.DisableEncodeUrlFilter.doFilterInternal(DisableEncodeUrlFilter.java:42)
2025-10-01 17:12:07 [http-nio-8080-exec-3] ERROR TelegramBuilder:19 - org.springframework.web.filter.OncePerRequestFilter.doFilter(OncePerRequestFilter.java:117)
2025-10-01 17:12:07 [http-nio-8080-exec-3] ERROR TelegramBuilder:19 - org.springframework.security.web.FilterChainProxy$VirtualFilterChain.doFilter(FilterChainProxy.java:346)
2025-10-01 17:12:07 [http-nio-8080-exec-3] ERROR TelegramBuilder:19 - org.springframework.security.web.FilterChainProxy.doFilterInternal(FilterChainProxy.java:221)
2025-10-01 17:12:07 [http-nio-8080-exec-3] ERROR TelegramBuilder:19 - org.springframework.security.web.FilterChainProxy.doFilter(FilterChainProxy.java:186)
2025-10-01 17:12:07 [http-nio-8080-exec-3] ERROR TelegramBuilder:19 - org.springframework.web.filter.DelegatingFilterProxy.invokeDelegate(DelegatingFilterProxy.java:354)
2025-10-01 17:12:07 [http-nio-8080-exec-3] ERROR TelegramBuilder:19 - org.springframework.web.filter.DelegatingFilterProxy.doFilter(DelegatingFilterProxy.java:267)
2025-10-01 17:12:07 [http-nio-8080-exec-3] ERROR TelegramBuilder:19 - org.apache.catalina.core.ApplicationFilterChain.internalDoFilter(ApplicationFilterChain.java:178)
2025-10-01 17:12:07 [http-nio-8080-exec-3] ERROR TelegramBuilder:19 - org.apache.catalina.core.ApplicationFilterChain.doFilter(ApplicationFilterChain.java:153)
2025-10-01 17:12:07 [http-nio-8080-exec-3] ERROR TelegramBuilder:19 - org.springframework.web.filter.RequestContextFilter.doFilterInternal(RequestContextFilter.java:100)
2025-10-01 17:12:07 [http-nio-8080-exec-3] ERROR TelegramBuilder:19 - org.springframework.web.filter.OncePerRequestFilter.doFilter(OncePerRequestFilter.java:117)
2025-10-01 17:12:07 [http-nio-8080-exec-3] ERROR TelegramBuilder:19 - org.apache.catalina.core.ApplicationFilterChain.internalDoFilter(ApplicationFilterChain.java:178)
2025-10-01 17:12:07 [http-nio-8080-exec-3] ERROR TelegramBuilder:19 - org.apache.catalina.core.ApplicationFilterChain.doFilter(ApplicationFilterChain.java:153)
2025-10-01 17:12:07 [http-nio-8080-exec-3] ERROR TelegramBuilder:19 - org.springframework.web.filter.FormContentFilter.doFilterInternal(FormContentFilter.java:93)
2025-10-01 17:12:07 [http-nio-8080-exec-3] ERROR TelegramBuilder:19 - org.springframework.web.filter.OncePerRequestFilter.doFilter(OncePerRequestFilter.java:117)
2025-10-01 17:12:07 [http-nio-8080-exec-3] ERROR TelegramBuilder:19 - org.apache.catalina.core.ApplicationFilterChain.internalDoFilter(ApplicationFilterChain.java:178)
2025-10-01 17:12:07 [http-nio-8080-exec-3] ERROR TelegramBuilder:19 - org.apache.catalina.core.ApplicationFilterChain.doFilter(ApplicationFilterChain.java:153)
2025-10-01 17:12:07 [http-nio-8080-exec-3] ERROR TelegramBuilder:19 - org.springframework.web.filter.CharacterEncodingFilter.doFilterInternal(CharacterEncodingFilter.java:201)
2025-10-01 17:12:07 [http-nio-8080-exec-3] ERROR TelegramBuilder:19 - org.springframework.web.filter.OncePerRequestFilter.doFilter(OncePerRequestFilter.java:117)
2025-10-01 17:12:07 [http-nio-8080-exec-3] ERROR TelegramBuilder:19 - org.apache.catalina.core.ApplicationFilterChain.internalDoFilter(ApplicationFilterChain.java:178)
2025-10-01 17:12:07 [http-nio-8080-exec-3] ERROR TelegramBuilder:19 - org.apache.catalina.core.ApplicationFilterChain.doFilter(ApplicationFilterChain.java:153)
2025-10-01 17:12:07 [http-nio-8080-exec-3] ERROR TelegramBuilder:19 - org.apache.catalina.core.StandardWrapperValve.invoke(StandardWrapperValve.java:168)
2025-10-01 17:12:07 [http-nio-8080-exec-3] ERROR TelegramBuilder:19 - org.apache.catalina.core.StandardContextValve.invoke(StandardContextValve.java:90)
2025-10-01 17:12:07 [http-nio-8080-exec-3] ERROR TelegramBuilder:19 - org.apache.catalina.authenticator.AuthenticatorBase.invoke(AuthenticatorBase.java:481)
2025-10-01 17:12:07 [http-nio-8080-exec-3] ERROR TelegramBuilder:19 - org.apache.catalina.core.StandardHostValve.invoke(StandardHostValve.java:130)
2025-10-01 17:12:07 [http-nio-8080-exec-3] ERROR TelegramBuilder:19 - org.apache.catalina.valves.ErrorReportValve.invoke(ErrorReportValve.java:93)
2025-10-01 17:12:07 [http-nio-8080-exec-3] ERROR TelegramBuilder:19 - org.apache.catalina.core.StandardEngineValve.invoke(StandardEngineValve.java:74)
2025-10-01 17:12:07 [http-nio-8080-exec-3] ERROR TelegramBuilder:19 - org.apache.catalina.connector.CoyoteAdapter.service(CoyoteAdapter.java:342)
2025-10-01 17:12:07 [http-nio-8080-exec-3] ERROR TelegramBuilder:19 - org.apache.coyote.http11.Http11Processor.service(Http11Processor.java:390)
2025-10-01 17:12:07 [http-nio-8080-exec-3] ERROR TelegramBuilder:19 - org.apache.coyote.AbstractProcessorLight.process(AbstractProcessorLight.java:63)
2025-10-01 17:12:07 [http-nio-8080-exec-3] ERROR TelegramBuilder:19 - org.apache.coyote.AbstractProtocol$ConnectionHandler.process(AbstractProtocol.java:928)
2025-10-01 17:12:07 [http-nio-8080-exec-3] ERROR TelegramBuilder:19 - org.apache.tomcat.util.net.NioEndpoint$SocketProcessor.doRun(NioEndpoint.java:1794)
2025-10-01 17:12:07 [http-nio-8080-exec-3] ERROR TelegramBuilder:19 - org.apache.tomcat.util.net.SocketProcessorBase.run(SocketProcessorBase.java:52)
2025-10-01 17:12:07 [http-nio-8080-exec-3] ERROR TelegramBuilder:19 - org.apache.tomcat.util.threads.ThreadPoolExecutor.runWorker(ThreadPoolExecutor.java:1191)
2025-10-01 17:12:07 [http-nio-8080-exec-3] ERROR TelegramBuilder:19 - org.apache.tomcat.util.threads.ThreadPoolExecutor$Worker.run(ThreadPoolExecutor.java:659)
2025-10-01 17:12:07 [http-nio-8080-exec-3] ERROR TelegramBuilder:19 - org.apache.tomcat.util.threads.TaskThread$WrappingRunnable.run(TaskThread.java:61)
2025-10-01 17:12:07 [http-nio-8080-exec-3] ERROR TelegramBuilder:19 - java.base/java.lang.Thread.run(Thread.java:1583)
2025-10-01 17:12:07 [http-nio-8080-exec-3] INFO  InterfaceTelegram:25 - TelegramIn(header=TelegramHeader(msg_len=0, gid_sysname=LeRuccoLOQ, gid_yyyyymmdd=20251001, gid_hhmmss=171207, gid_seq=002, gid_pid=00000, gid_stat=00, tx_code=SAZ06F010U, inst_no=MTI, send_rspn_type=S, rspn_svc_code=, ori_global_id=LeRuccoL202510011712070020000000, ori_send_time=20251001171207000255, chnl_id=WEB, client_ip_no=0:0:0:0:0:0:0:1, client_mac=, scrn_id=FileUpload, scrn_lock_yn=N, op_id=1787130271, xa_begin_flag=0, send_time=20251001171207000255, rspn_time=, sync_type=A, async_rspn_yn=0, call_depth=0, msg_count_no=0, ttl_use_flag=0, ttl_from_time=, ttl=0, long_msg_type=1, err_flag=0, err_src=, err_type=, err_code=, dst_inst_code=, fail_knd=null, ap_host_name=null, ap_caller_id=null, inf_id=, lang_type=EN, reserved=), data=TelegramInData(dataType=D, length=0, reserved=null, data=FileInVo(attach_file_id=null, attach_file_clcd=div1, attach_file_expl=desc1, upd_yn=N, req_clcd=U1, sub1Vos=[FileInSub1Vo(attach_file_id=null, attach_file_seq_no=null, attach_file_clcd=null, del_yn=null, file_nm=279111.jpg, upl_file_size=222793, upl_file_nm=null, file_path=D:/bcap\div1, pfr_rank=0, inp_usr_id=1787130271, inp_pgm_id=FileUpload, chng_usr_id=null, chng_pgm_id=null)])), tail=@@)
2025-10-01 17:12:07 [http-nio-8080-exec-3] ERROR FileManagerService:89 - java.lang.reflect.InaccessibleObjectException: Unable to make field private static final long java.util.ArrayList.serialVersionUID accessible: module java.base does not "opens java.util" to unnamed module @5fcd892a
2025-10-01 17:12:07 [http-nio-8080-exec-3] ERROR FileManagerService:11 - java.lang.reflect.InaccessibleObjectException: Unable to make field private static final long java.util.ArrayList.serialVersionUID accessible: module java.base does not "opens java.util" to unnamed module @5fcd892a
2025-10-01 17:12:07 [http-nio-8080-exec-3] ERROR FileManagerService:19 - java.base/java.lang.reflect.AccessibleObject.throwInaccessibleObjectException(AccessibleObject.java:391)
2025-10-01 17:12:07 [http-nio-8080-exec-3] ERROR FileManagerService:19 - java.base/java.lang.reflect.AccessibleObject.checkCanSetAccessible(AccessibleObject.java:367)
2025-10-01 17:12:07 [http-nio-8080-exec-3] ERROR FileManagerService:19 - java.base/java.lang.reflect.AccessibleObject.checkCanSetAccessible(AccessibleObject.java:315)
2025-10-01 17:12:07 [http-nio-8080-exec-3] ERROR FileManagerService:19 - java.base/java.lang.reflect.Field.checkCanSetAccessible(Field.java:183)
2025-10-01 17:12:07 [http-nio-8080-exec-3] ERROR FileManagerService:19 - java.base/java.lang.reflect.Field.setAccessible(Field.java:177)
2025-10-01 17:12:07 [http-nio-8080-exec-3] ERROR FileManagerService:19 - mti.com.telegram.util.TelegramUtil.getPacketSize(TelegramUtil.java:331)
2025-10-01 17:12:07 [http-nio-8080-exec-3] ERROR FileManagerService:19 - mti.com.telegram.util.TelegramUtil.getPacketSize(TelegramUtil.java:351)
2025-10-01 17:12:07 [http-nio-8080-exec-3] ERROR FileManagerService:19 - mti.com.telegram.util.TelegramUtil.getPacketSize(TelegramUtil.java:365)
2025-10-01 17:12:07 [http-nio-8080-exec-3] ERROR FileManagerService:19 - mti.com.telegram.util.TelegramUtil.getPacketSize(TelegramUtil.java:365)
2025-10-01 17:12:07 [http-nio-8080-exec-3] ERROR FileManagerService:19 - mti.com.telegram.mapping.ByteEncoder.convertObjectToBytes(ByteEncoder.java:32)
2025-10-01 17:12:07 [http-nio-8080-exec-3] ERROR FileManagerService:19 - mti.com.telegram.util.InterfaceTelegram.interfaceTuxedo(InterfaceTelegram.java:26)
2025-10-01 17:12:07 [http-nio-8080-exec-3] ERROR FileManagerService:19 - maas.bcap.common.ServiceSupport.tuxedoTransaction(ServiceSupport.java:63)
2025-10-01 17:12:07 [http-nio-8080-exec-3] ERROR FileManagerService:19 - maas.bcap.service.FileManagerService.interfaceTuxedo(FileManagerService.java:81)
2025-10-01 17:12:07 [http-nio-8080-exec-3] ERROR FileManagerService:19 - maas.bcap.service.FileManagerService.saveFilesToDevonC(FileManagerService.java:34)
2025-10-01 17:12:07 [http-nio-8080-exec-3] ERROR FileManagerService:19 - maas.bcap.service.FileUploadService.registerNewFiles(FileUploadService.java:136)
2025-10-01 17:12:07 [http-nio-8080-exec-3] ERROR FileManagerService:19 - maas.bcap.service.FileUploadService.upload(FileUploadService.java:77)
2025-10-01 17:12:07 [http-nio-8080-exec-3] ERROR FileManagerService:19 - maas.bcap.controller.FileManagerController.upload(FileManagerController.java:47)
2025-10-01 17:12:07 [http-nio-8080-exec-3] ERROR FileManagerService:19 - java.base/jdk.internal.reflect.DirectMethodHandleAccessor.invoke(DirectMethodHandleAccessor.java:103)
2025-10-01 17:12:07 [http-nio-8080-exec-3] ERROR FileManagerService:19 - java.base/java.lang.reflect.Method.invoke(Method.java:580)
2025-10-01 17:12:07 [http-nio-8080-exec-3] ERROR FileManagerService:19 - org.springframework.web.method.support.InvocableHandlerMethod.doInvoke(InvocableHandlerMethod.java:205)
2025-10-01 17:12:07 [http-nio-8080-exec-3] ERROR FileManagerService:19 - org.springframework.web.method.support.InvocableHandlerMethod.invokeForRequest(InvocableHandlerMethod.java:150)
2025-10-01 17:12:07 [http-nio-8080-exec-3] ERROR FileManagerService:19 - org.springframework.web.servlet.mvc.method.annotation.ServletInvocableHandlerMethod.invokeAndHandle(ServletInvocableHandlerMethod.java:117)
2025-10-01 17:12:07 [http-nio-8080-exec-3] ERROR FileManagerService:19 - org.springframework.web.servlet.mvc.method.annotation.RequestMappingHandlerAdapter.invokeHandlerMethod(RequestMappingHandlerAdapter.java:895)
2025-10-01 17:12:07 [http-nio-8080-exec-3] ERROR FileManagerService:19 - org.springframework.web.servlet.mvc.method.annotation.RequestMappingHandlerAdapter.handleInternal(RequestMappingHandlerAdapter.java:808)
2025-10-01 17:12:07 [http-nio-8080-exec-3] ERROR FileManagerService:19 - org.springframework.web.servlet.mvc.method.AbstractHandlerMethodAdapter.handle(AbstractHandlerMethodAdapter.java:87)
2025-10-01 17:12:07 [http-nio-8080-exec-3] ERROR FileManagerService:19 - org.springframework.web.servlet.DispatcherServlet.doDispatch(DispatcherServlet.java:1072)
2025-10-01 17:12:07 [http-nio-8080-exec-3] ERROR FileManagerService:19 - org.springframework.web.servlet.DispatcherServlet.doService(DispatcherServlet.java:965)
2025-10-01 17:12:07 [http-nio-8080-exec-3] ERROR FileManagerService:19 - org.springframework.web.servlet.FrameworkServlet.processRequest(FrameworkServlet.java:1006)
2025-10-01 17:12:07 [http-nio-8080-exec-3] ERROR FileManagerService:19 - org.springframework.web.servlet.FrameworkServlet.doPost(FrameworkServlet.java:909)
2025-10-01 17:12:07 [http-nio-8080-exec-3] ERROR FileManagerService:19 - javax.servlet.http.HttpServlet.service(HttpServlet.java:555)
2025-10-01 17:12:07 [http-nio-8080-exec-3] ERROR FileManagerService:19 - org.springframework.web.servlet.FrameworkServlet.service(FrameworkServlet.java:883)
2025-10-01 17:12:07 [http-nio-8080-exec-3] ERROR FileManagerService:19 - javax.servlet.http.HttpServlet.service(HttpServlet.java:623)
2025-10-01 17:12:07 [http-nio-8080-exec-3] ERROR FileManagerService:19 - org.apache.catalina.core.ApplicationFilterChain.internalDoFilter(ApplicationFilterChain.java:209)
2025-10-01 17:12:07 [http-nio-8080-exec-3] ERROR FileManagerService:19 - org.apache.catalina.core.ApplicationFilterChain.doFilter(ApplicationFilterChain.java:153)
2025-10-01 17:12:07 [http-nio-8080-exec-3] ERROR FileManagerService:19 - org.apache.tomcat.websocket.server.WsFilter.doFilter(WsFilter.java:51)
2025-10-01 17:12:07 [http-nio-8080-exec-3] ERROR FileManagerService:19 - org.apache.catalina.core.ApplicationFilterChain.internalDoFilter(ApplicationFilterChain.java:178)
2025-10-01 17:12:07 [http-nio-8080-exec-3] ERROR FileManagerService:19 - org.apache.catalina.core.ApplicationFilterChain.doFilter(ApplicationFilterChain.java:153)
2025-10-01 17:12:07 [http-nio-8080-exec-3] ERROR FileManagerService:19 - org.springframework.web.filter.OncePerRequestFilter.doFilter(OncePerRequestFilter.java:111)
2025-10-01 17:12:07 [http-nio-8080-exec-3] ERROR FileManagerService:19 - org.apache.catalina.core.ApplicationFilterChain.internalDoFilter(ApplicationFilterChain.java:178)
2025-10-01 17:12:07 [http-nio-8080-exec-3] ERROR FileManagerService:19 - org.apache.catalina.core.ApplicationFilterChain.doFilter(ApplicationFilterChain.java:153)
2025-10-01 17:12:07 [http-nio-8080-exec-3] ERROR FileManagerService:19 - org.springframework.security.web.FilterChainProxy$VirtualFilterChain.doFilter(FilterChainProxy.java:337)
2025-10-01 17:12:07 [http-nio-8080-exec-3] ERROR FileManagerService:19 - org.springframework.security.web.access.intercept.AuthorizationFilter.doFilter(AuthorizationFilter.java:96)
2025-10-01 17:12:07 [http-nio-8080-exec-3] ERROR FileManagerService:19 - org.springframework.security.web.FilterChainProxy$VirtualFilterChain.doFilter(FilterChainProxy.java:346)
2025-10-01 17:12:07 [http-nio-8080-exec-3] ERROR FileManagerService:19 - org.springframework.security.web.access.ExceptionTranslationFilter.doFilter(ExceptionTranslationFilter.java:122)
2025-10-01 17:12:07 [http-nio-8080-exec-3] ERROR FileManagerService:19 - org.springframework.security.web.access.ExceptionTranslationFilter.doFilter(ExceptionTranslationFilter.java:116)
2025-10-01 17:12:07 [http-nio-8080-exec-3] ERROR FileManagerService:19 - org.springframework.security.web.FilterChainProxy$VirtualFilterChain.doFilter(FilterChainProxy.java:346)
2025-10-01 17:12:07 [http-nio-8080-exec-3] ERROR FileManagerService:19 - org.springframework.security.web.session.SessionManagementFilter.doFilter(SessionManagementFilter.java:126)
2025-10-01 17:12:07 [http-nio-8080-exec-3] ERROR FileManagerService:19 - org.springframework.security.web.session.SessionManagementFilter.doFilter(SessionManagementFilter.java:81)
2025-10-01 17:12:07 [http-nio-8080-exec-3] ERROR FileManagerService:19 - org.springframework.security.web.FilterChainProxy$VirtualFilterChain.doFilter(FilterChainProxy.java:346)
2025-10-01 17:12:07 [http-nio-8080-exec-3] ERROR FileManagerService:19 - org.springframework.security.web.authentication.AnonymousAuthenticationFilter.doFilter(AnonymousAuthenticationFilter.java:109)
2025-10-01 17:12:07 [http-nio-8080-exec-3] ERROR FileManagerService:19 - org.springframework.security.web.FilterChainProxy$VirtualFilterChain.doFilter(FilterChainProxy.java:346)
2025-10-01 17:12:07 [http-nio-8080-exec-3] ERROR FileManagerService:19 - org.springframework.security.web.servletapi.SecurityContextHolderAwareRequestFilter.doFilter(SecurityContextHolderAwareRequestFilter.java:149)
2025-10-01 17:12:07 [http-nio-8080-exec-3] ERROR FileManagerService:19 - org.springframework.security.web.FilterChainProxy$VirtualFilterChain.doFilter(FilterChainProxy.java:346)
2025-10-01 17:12:07 [http-nio-8080-exec-3] ERROR FileManagerService:19 - org.springframework.security.web.savedrequest.RequestCacheAwareFilter.doFilter(RequestCacheAwareFilter.java:63)
2025-10-01 17:12:07 [http-nio-8080-exec-3] ERROR FileManagerService:19 - org.springframework.security.web.FilterChainProxy$VirtualFilterChain.doFilter(FilterChainProxy.java:346)
2025-10-01 17:12:07 [http-nio-8080-exec-3] ERROR FileManagerService:19 - maas.bcap.security.JwtAuthFilter.doFilterInternal(JwtAuthFilter.java:70)
2025-10-01 17:12:07 [http-nio-8080-exec-3] ERROR FileManagerService:19 - org.springframework.web.filter.OncePerRequestFilter.doFilter(OncePerRequestFilter.java:117)
2025-10-01 17:12:07 [http-nio-8080-exec-3] ERROR FileManagerService:19 - org.springframework.security.web.FilterChainProxy$VirtualFilterChain.doFilter(FilterChainProxy.java:346)
2025-10-01 17:12:07 [http-nio-8080-exec-3] ERROR FileManagerService:19 - org.springframework.security.web.authentication.logout.LogoutFilter.doFilter(LogoutFilter.java:103)
2025-10-01 17:12:07 [http-nio-8080-exec-3] ERROR FileManagerService:19 - org.springframework.security.web.authentication.logout.LogoutFilter.doFilter(LogoutFilter.java:89)
2025-10-01 17:12:07 [http-nio-8080-exec-3] ERROR FileManagerService:19 - org.springframework.security.web.FilterChainProxy$VirtualFilterChain.doFilter(FilterChainProxy.java:346)
2025-10-01 17:12:07 [http-nio-8080-exec-3] ERROR FileManagerService:19 - org.springframework.web.filter.CorsFilter.doFilterInternal(CorsFilter.java:91)
2025-10-01 17:12:07 [http-nio-8080-exec-3] ERROR FileManagerService:19 - org.springframework.web.filter.OncePerRequestFilter.doFilter(OncePerRequestFilter.java:117)
2025-10-01 17:12:07 [http-nio-8080-exec-3] ERROR FileManagerService:19 - org.springframework.security.web.FilterChainProxy$VirtualFilterChain.doFilter(FilterChainProxy.java:346)
2025-10-01 17:12:07 [http-nio-8080-exec-3] ERROR FileManagerService:19 - org.springframework.security.web.header.HeaderWriterFilter.doHeadersAfter(HeaderWriterFilter.java:90)
2025-10-01 17:12:07 [http-nio-8080-exec-3] ERROR FileManagerService:19 - org.springframework.security.web.header.HeaderWriterFilter.doFilterInternal(HeaderWriterFilter.java:75)
2025-10-01 17:12:07 [http-nio-8080-exec-3] ERROR FileManagerService:19 - org.springframework.web.filter.OncePerRequestFilter.doFilter(OncePerRequestFilter.java:117)
2025-10-01 17:12:07 [http-nio-8080-exec-3] ERROR FileManagerService:19 - org.springframework.security.web.FilterChainProxy$VirtualFilterChain.doFilter(FilterChainProxy.java:346)
2025-10-01 17:12:07 [http-nio-8080-exec-3] ERROR FileManagerService:19 - org.springframework.security.web.context.SecurityContextPersistenceFilter.doFilter(SecurityContextPersistenceFilter.java:112)
2025-10-01 17:12:07 [http-nio-8080-exec-3] ERROR FileManagerService:19 - org.springframework.security.web.context.SecurityContextPersistenceFilter.doFilter(SecurityContextPersistenceFilter.java:82)
2025-10-01 17:12:07 [http-nio-8080-exec-3] ERROR FileManagerService:19 - org.springframework.security.web.FilterChainProxy$VirtualFilterChain.doFilter(FilterChainProxy.java:346)
2025-10-01 17:12:07 [http-nio-8080-exec-3] ERROR FileManagerService:19 - org.springframework.security.web.context.request.async.WebAsyncManagerIntegrationFilter.doFilterInternal(WebAsyncManagerIntegrationFilter.java:55)
2025-10-01 17:12:07 [http-nio-8080-exec-3] ERROR FileManagerService:19 - org.springframework.web.filter.OncePerRequestFilter.doFilter(OncePerRequestFilter.java:117)
2025-10-01 17:12:07 [http-nio-8080-exec-3] ERROR FileManagerService:19 - org.springframework.security.web.FilterChainProxy$VirtualFilterChain.doFilter(FilterChainProxy.java:346)
2025-10-01 17:12:07 [http-nio-8080-exec-3] ERROR FileManagerService:19 - org.springframework.security.web.session.DisableEncodeUrlFilter.doFilterInternal(DisableEncodeUrlFilter.java:42)
2025-10-01 17:12:07 [http-nio-8080-exec-3] ERROR FileManagerService:19 - org.springframework.web.filter.OncePerRequestFilter.doFilter(OncePerRequestFilter.java:117)
2025-10-01 17:12:07 [http-nio-8080-exec-3] ERROR FileManagerService:19 - org.springframework.security.web.FilterChainProxy$VirtualFilterChain.doFilter(FilterChainProxy.java:346)
2025-10-01 17:12:07 [http-nio-8080-exec-3] ERROR FileManagerService:19 - org.springframework.security.web.FilterChainProxy.doFilterInternal(FilterChainProxy.java:221)
2025-10-01 17:12:07 [http-nio-8080-exec-3] ERROR FileManagerService:19 - org.springframework.security.web.FilterChainProxy.doFilter(FilterChainProxy.java:186)
2025-10-01 17:12:07 [http-nio-8080-exec-3] ERROR FileManagerService:19 - org.springframework.web.filter.DelegatingFilterProxy.invokeDelegate(DelegatingFilterProxy.java:354)
2025-10-01 17:12:07 [http-nio-8080-exec-3] ERROR FileManagerService:19 - org.springframework.web.filter.DelegatingFilterProxy.doFilter(DelegatingFilterProxy.java:267)
2025-10-01 17:12:07 [http-nio-8080-exec-3] ERROR FileManagerService:19 - org.apache.catalina.core.ApplicationFilterChain.internalDoFilter(ApplicationFilterChain.java:178)
2025-10-01 17:12:07 [http-nio-8080-exec-3] ERROR FileManagerService:19 - org.apache.catalina.core.ApplicationFilterChain.doFilter(ApplicationFilterChain.java:153)
2025-10-01 17:12:07 [http-nio-8080-exec-3] ERROR FileManagerService:19 - org.springframework.web.filter.RequestContextFilter.doFilterInternal(RequestContextFilter.java:100)
2025-10-01 17:12:07 [http-nio-8080-exec-3] ERROR FileManagerService:19 - org.springframework.web.filter.OncePerRequestFilter.doFilter(OncePerRequestFilter.java:117)
2025-10-01 17:12:07 [http-nio-8080-exec-3] ERROR FileManagerService:19 - org.apache.catalina.core.ApplicationFilterChain.internalDoFilter(ApplicationFilterChain.java:178)
2025-10-01 17:12:07 [http-nio-8080-exec-3] ERROR FileManagerService:19 - org.apache.catalina.core.ApplicationFilterChain.doFilter(ApplicationFilterChain.java:153)
2025-10-01 17:12:07 [http-nio-8080-exec-3] ERROR FileManagerService:19 - org.springframework.web.filter.FormContentFilter.doFilterInternal(FormContentFilter.java:93)
2025-10-01 17:12:07 [http-nio-8080-exec-3] ERROR FileManagerService:19 - org.springframework.web.filter.OncePerRequestFilter.doFilter(OncePerRequestFilter.java:117)
2025-10-01 17:12:07 [http-nio-8080-exec-3] ERROR FileManagerService:19 - org.apache.catalina.core.ApplicationFilterChain.internalDoFilter(ApplicationFilterChain.java:178)
2025-10-01 17:12:07 [http-nio-8080-exec-3] ERROR FileManagerService:19 - org.apache.catalina.core.ApplicationFilterChain.doFilter(ApplicationFilterChain.java:153)
2025-10-01 17:12:07 [http-nio-8080-exec-3] ERROR FileManagerService:19 - org.springframework.web.filter.CharacterEncodingFilter.doFilterInternal(CharacterEncodingFilter.java:201)
2025-10-01 17:12:07 [http-nio-8080-exec-3] ERROR FileManagerService:19 - org.springframework.web.filter.OncePerRequestFilter.doFilter(OncePerRequestFilter.java:117)
2025-10-01 17:12:07 [http-nio-8080-exec-3] ERROR FileManagerService:19 - org.apache.catalina.core.ApplicationFilterChain.internalDoFilter(ApplicationFilterChain.java:178)
2025-10-01 17:12:07 [http-nio-8080-exec-3] ERROR FileManagerService:19 - org.apache.catalina.core.ApplicationFilterChain.doFilter(ApplicationFilterChain.java:153)
2025-10-01 17:12:07 [http-nio-8080-exec-3] ERROR FileManagerService:19 - org.apache.catalina.core.StandardWrapperValve.invoke(StandardWrapperValve.java:168)
2025-10-01 17:12:07 [http-nio-8080-exec-3] ERROR FileManagerService:19 - org.apache.catalina.core.StandardContextValve.invoke(StandardContextValve.java:90)
2025-10-01 17:12:07 [http-nio-8080-exec-3] ERROR FileManagerService:19 - org.apache.catalina.authenticator.AuthenticatorBase.invoke(AuthenticatorBase.java:481)
2025-10-01 17:12:07 [http-nio-8080-exec-3] ERROR FileManagerService:19 - org.apache.catalina.core.StandardHostValve.invoke(StandardHostValve.java:130)
2025-10-01 17:12:07 [http-nio-8080-exec-3] ERROR FileManagerService:19 - org.apache.catalina.valves.ErrorReportValve.invoke(ErrorReportValve.java:93)
2025-10-01 17:12:07 [http-nio-8080-exec-3] ERROR FileManagerService:19 - org.apache.catalina.core.StandardEngineValve.invoke(StandardEngineValve.java:74)
2025-10-01 17:12:07 [http-nio-8080-exec-3] ERROR FileManagerService:19 - org.apache.catalina.connector.CoyoteAdapter.service(CoyoteAdapter.java:342)
2025-10-01 17:12:07 [http-nio-8080-exec-3] ERROR FileManagerService:19 - org.apache.coyote.http11.Http11Processor.service(Http11Processor.java:390)
2025-10-01 17:12:07 [http-nio-8080-exec-3] ERROR FileManagerService:19 - org.apache.coyote.AbstractProcessorLight.process(AbstractProcessorLight.java:63)
2025-10-01 17:12:07 [http-nio-8080-exec-3] ERROR FileManagerService:19 - org.apache.coyote.AbstractProtocol$ConnectionHandler.process(AbstractProtocol.java:928)
2025-10-01 17:12:07 [http-nio-8080-exec-3] ERROR FileManagerService:19 - org.apache.tomcat.util.net.NioEndpoint$SocketProcessor.doRun(NioEndpoint.java:1794)
2025-10-01 17:12:07 [http-nio-8080-exec-3] ERROR FileManagerService:19 - org.apache.tomcat.util.net.SocketProcessorBase.run(SocketProcessorBase.java:52)
2025-10-01 17:12:07 [http-nio-8080-exec-3] ERROR FileManagerService:19 - org.apache.tomcat.util.threads.ThreadPoolExecutor.runWorker(ThreadPoolExecutor.java:1191)
2025-10-01 17:12:07 [http-nio-8080-exec-3] ERROR FileManagerService:19 - org.apache.tomcat.util.threads.ThreadPoolExecutor$Worker.run(ThreadPoolExecutor.java:659)
2025-10-01 17:12:07 [http-nio-8080-exec-3] ERROR FileManagerService:19 - org.apache.tomcat.util.threads.TaskThread$WrappingRunnable.run(TaskThread.java:61)
2025-10-01 17:12:07 [http-nio-8080-exec-3] ERROR FileManagerService:19 - java.base/java.lang.Thread.run(Thread.java:1583)
2025-10-01 17:12:07 [http-nio-8080-exec-3] DEBUG DispatcherServlet:1101 - Failed to complete request: java.lang.reflect.InaccessibleObjectException: Unable to make field private static final long java.util.ArrayList.serialVersionUID accessible: module java.base does not "opens java.util" to unnamed module @5fcd892a
2025-10-01 17:12:07 [http-nio-8080-exec-3] DEBUG SecurityContextPersistenceFilter:120 - Cleared SecurityContextHolder to complete request
2025-10-01 17:12:07 [http-nio-8080-exec-3] ERROR [dispatcherServlet]:175 - Servlet.service() for servlet [dispatcherServlet] in context with path [] threw exception [Request processing failed; nested exception is java.lang.reflect.InaccessibleObjectException: Unable to make field private static final long java.util.ArrayList.serialVersionUID accessible: module java.base does not "opens java.util" to unnamed module @5fcd892a] with root cause
java.lang.reflect.InaccessibleObjectException: Unable to make field private static final long java.util.ArrayList.serialVersionUID accessible: module java.base does not "opens java.util" to unnamed module @5fcd892a
	at java.lang.reflect.AccessibleObject.throwInaccessibleObjectException(AccessibleObject.java:391) ~[?:?]
	at java.lang.reflect.AccessibleObject.checkCanSetAccessible(AccessibleObject.java:367) ~[?:?]
	at java.lang.reflect.AccessibleObject.checkCanSetAccessible(AccessibleObject.java:315) ~[?:?]
	at java.lang.reflect.Field.checkCanSetAccessible(Field.java:183) ~[?:?]
	at java.lang.reflect.Field.setAccessible(Field.java:177) ~[?:?]
	at mti.com.telegram.util.TelegramUtil.getPacketSize(TelegramUtil.java:331) ~[classes/:?]
	at mti.com.telegram.util.TelegramUtil.getPacketSize(TelegramUtil.java:351) ~[classes/:?]
	at mti.com.telegram.util.TelegramUtil.getPacketSize(TelegramUtil.java:365) ~[classes/:?]
	at mti.com.telegram.util.TelegramUtil.getPacketSize(TelegramUtil.java:365) ~[classes/:?]
	at mti.com.telegram.mapping.ByteEncoder.convertObjectToBytes(ByteEncoder.java:32) ~[classes/:?]
	at mti.com.telegram.util.InterfaceTelegram.interfaceTuxedo(InterfaceTelegram.java:26) ~[classes/:?]
	at maas.bcap.common.ServiceSupport.tuxedoTransaction(ServiceSupport.java:63) ~[classes/:?]
	at maas.bcap.service.FileManagerService.interfaceTuxedo(FileManagerService.java:81) ~[classes/:?]
	at maas.bcap.service.FileManagerService.saveFilesToDevonC(FileManagerService.java:34) ~[classes/:?]
	at maas.bcap.service.FileUploadService.registerNewFiles(FileUploadService.java:136) ~[classes/:?]
	at maas.bcap.service.FileUploadService.upload(FileUploadService.java:77) ~[classes/:?]
	at maas.bcap.controller.FileManagerController.upload(FileManagerController.java:47) ~[classes/:?]
	at jdk.internal.reflect.DirectMethodHandleAccessor.invoke(DirectMethodHandleAccessor.java:103) ~[?:?]
	at java.lang.reflect.Method.invoke(Method.java:580) ~[?:?]
	at org.springframework.web.method.support.InvocableHandlerMethod.doInvoke(InvocableHandlerMethod.java:205) ~[spring-web-5.3.31.jar:5.3.31]
	at org.springframework.web.method.support.InvocableHandlerMethod.invokeForRequest(InvocableHandlerMethod.java:150) ~[spring-web-5.3.31.jar:5.3.31]
	at org.springframework.web.servlet.mvc.method.annotation.ServletInvocableHandlerMethod.invokeAndHandle(ServletInvocableHandlerMethod.java:117) ~[spring-webmvc-5.3.31.jar:5.3.31]
	at org.springframework.web.servlet.mvc.method.annotation.RequestMappingHandlerAdapter.invokeHandlerMethod(RequestMappingHandlerAdapter.java:895) ~[spring-webmvc-5.3.31.jar:5.3.31]
	at org.springframework.web.servlet.mvc.method.annotation.RequestMappingHandlerAdapter.handleInternal(RequestMappingHandlerAdapter.java:808) ~[spring-webmvc-5.3.31.jar:5.3.31]
	at org.springframework.web.servlet.mvc.method.AbstractHandlerMethodAdapter.handle(AbstractHandlerMethodAdapter.java:87) ~[spring-webmvc-5.3.31.jar:5.3.31]
	at org.springframework.web.servlet.DispatcherServlet.doDispatch(DispatcherServlet.java:1072) ~[spring-webmvc-5.3.31.jar:5.3.31]
	at org.springframework.web.servlet.DispatcherServlet.doService(DispatcherServlet.java:965) ~[spring-webmvc-5.3.31.jar:5.3.31]
	at org.springframework.web.servlet.FrameworkServlet.processRequest(FrameworkServlet.java:1006) ~[spring-webmvc-5.3.31.jar:5.3.31]
	at org.springframework.web.servlet.FrameworkServlet.doPost(FrameworkServlet.java:909) ~[spring-webmvc-5.3.31.jar:5.3.31]
	at javax.servlet.http.HttpServlet.service(HttpServlet.java:555) ~[tomcat-embed-core-9.0.83.jar:4.0.FR]
	at org.springframework.web.servlet.FrameworkServlet.service(FrameworkServlet.java:883) ~[spring-webmvc-5.3.31.jar:5.3.31]
	at javax.servlet.http.HttpServlet.service(HttpServlet.java:623) ~[tomcat-embed-core-9.0.83.jar:4.0.FR]
	at org.apache.catalina.core.ApplicationFilterChain.internalDoFilter(ApplicationFilterChain.java:209) ~[tomcat-embed-core-9.0.83.jar:9.0.83]
	at org.apache.catalina.core.ApplicationFilterChain.doFilter(ApplicationFilterChain.java:153) ~[tomcat-embed-core-9.0.83.jar:9.0.83]
	at org.apache.tomcat.websocket.server.WsFilter.doFilter(WsFilter.java:51) ~[tomcat-embed-websocket-9.0.83.jar:9.0.83]
	at org.apache.catalina.core.ApplicationFilterChain.internalDoFilter(ApplicationFilterChain.java:178) ~[tomcat-embed-core-9.0.83.jar:9.0.83]
	at org.apache.catalina.core.ApplicationFilterChain.doFilter(ApplicationFilterChain.java:153) ~[tomcat-embed-core-9.0.83.jar:9.0.83]
	at org.springframework.web.filter.OncePerRequestFilter.doFilter(OncePerRequestFilter.java:111) ~[spring-web-5.3.31.jar:5.3.31]
	at org.apache.catalina.core.ApplicationFilterChain.internalDoFilter(ApplicationFilterChain.java:178) ~[tomcat-embed-core-9.0.83.jar:9.0.83]
	at org.apache.catalina.core.ApplicationFilterChain.doFilter(ApplicationFilterChain.java:153) ~[tomcat-embed-core-9.0.83.jar:9.0.83]
	at org.springframework.security.web.FilterChainProxy$VirtualFilterChain.doFilter(FilterChainProxy.java:337) ~[spring-security-web-5.7.11.jar:5.7.11]
	at org.springframework.security.web.access.intercept.AuthorizationFilter.doFilter(AuthorizationFilter.java:96) ~[spring-security-web-5.7.11.jar:5.7.11]
	at org.springframework.security.web.FilterChainProxy$VirtualFilterChain.doFilter(FilterChainProxy.java:346) ~[spring-security-web-5.7.11.jar:5.7.11]
	at org.springframework.security.web.access.ExceptionTranslationFilter.doFilter(ExceptionTranslationFilter.java:122) ~[spring-security-web-5.7.11.jar:5.7.11]
	at org.springframework.security.web.access.ExceptionTranslationFilter.doFilter(ExceptionTranslationFilter.java:116) ~[spring-security-web-5.7.11.jar:5.7.11]
	at org.springframework.security.web.FilterChainProxy$VirtualFilterChain.doFilter(FilterChainProxy.java:346) ~[spring-security-web-5.7.11.jar:5.7.11]
	at org.springframework.security.web.session.SessionManagementFilter.doFilter(SessionManagementFilter.java:126) ~[spring-security-web-5.7.11.jar:5.7.11]
	at org.springframework.security.web.session.SessionManagementFilter.doFilter(SessionManagementFilter.java:81) ~[spring-security-web-5.7.11.jar:5.7.11]
	at org.springframework.security.web.FilterChainProxy$VirtualFilterChain.doFilter(FilterChainProxy.java:346) ~[spring-security-web-5.7.11.jar:5.7.11]
	at org.springframework.security.web.authentication.AnonymousAuthenticationFilter.doFilter(AnonymousAuthenticationFilter.java:109) ~[spring-security-web-5.7.11.jar:5.7.11]
	at org.springframework.security.web.FilterChainProxy$VirtualFilterChain.doFilter(FilterChainProxy.java:346) ~[spring-security-web-5.7.11.jar:5.7.11]
	at org.springframework.security.web.servletapi.SecurityContextHolderAwareRequestFilter.doFilter(SecurityContextHolderAwareRequestFilter.java:149) ~[spring-security-web-5.7.11.jar:5.7.11]
	at org.springframework.security.web.FilterChainProxy$VirtualFilterChain.doFilter(FilterChainProxy.java:346) ~[spring-security-web-5.7.11.jar:5.7.11]
	at org.springframework.security.web.savedrequest.RequestCacheAwareFilter.doFilter(RequestCacheAwareFilter.java:63) ~[spring-security-web-5.7.11.jar:5.7.11]
	at org.springframework.security.web.FilterChainProxy$VirtualFilterChain.doFilter(FilterChainProxy.java:346) ~[spring-security-web-5.7.11.jar:5.7.11]
	at maas.bcap.security.JwtAuthFilter.doFilterInternal(JwtAuthFilter.java:70) ~[classes/:?]
	at org.springframework.web.filter.OncePerRequestFilter.doFilter(OncePerRequestFilter.java:117) ~[spring-web-5.3.31.jar:5.3.31]
	at org.springframework.security.web.FilterChainProxy$VirtualFilterChain.doFilter(FilterChainProxy.java:346) ~[spring-security-web-5.7.11.jar:5.7.11]
	at org.springframework.security.web.authentication.logout.LogoutFilter.doFilter(LogoutFilter.java:103) ~[spring-security-web-5.7.11.jar:5.7.11]
	at org.springframework.security.web.authentication.logout.LogoutFilter.doFilter(LogoutFilter.java:89) ~[spring-security-web-5.7.11.jar:5.7.11]
	at org.springframework.security.web.FilterChainProxy$VirtualFilterChain.doFilter(FilterChainProxy.java:346) ~[spring-security-web-5.7.11.jar:5.7.11]
	at org.springframework.web.filter.CorsFilter.doFilterInternal(CorsFilter.java:91) ~[spring-web-5.3.31.jar:5.3.31]
	at org.springframework.web.filter.OncePerRequestFilter.doFilter(OncePerRequestFilter.java:117) ~[spring-web-5.3.31.jar:5.3.31]
	at org.springframework.security.web.FilterChainProxy$VirtualFilterChain.doFilter(FilterChainProxy.java:346) ~[spring-security-web-5.7.11.jar:5.7.11]
	at org.springframework.security.web.header.HeaderWriterFilter.doHeadersAfter(HeaderWriterFilter.java:90) ~[spring-security-web-5.7.11.jar:5.7.11]
	at org.springframework.security.web.header.HeaderWriterFilter.doFilterInternal(HeaderWriterFilter.java:75) ~[spring-security-web-5.7.11.jar:5.7.11]
	at org.springframework.web.filter.OncePerRequestFilter.doFilter(OncePerRequestFilter.java:117) ~[spring-web-5.3.31.jar:5.3.31]
	at org.springframework.security.web.FilterChainProxy$VirtualFilterChain.doFilter(FilterChainProxy.java:346) ~[spring-security-web-5.7.11.jar:5.7.11]
	at org.springframework.security.web.context.SecurityContextPersistenceFilter.doFilter(SecurityContextPersistenceFilter.java:112) ~[spring-security-web-5.7.11.jar:5.7.11]
	at org.springframework.security.web.context.SecurityContextPersistenceFilter.doFilter(SecurityContextPersistenceFilter.java:82) ~[spring-security-web-5.7.11.jar:5.7.11]
	at org.springframework.security.web.FilterChainProxy$VirtualFilterChain.doFilter(FilterChainProxy.java:346) ~[spring-security-web-5.7.11.jar:5.7.11]
	at org.springframework.security.web.context.request.async.WebAsyncManagerIntegrationFilter.doFilterInternal(WebAsyncManagerIntegrationFilter.java:55) ~[spring-security-web-5.7.11.jar:5.7.11]
	at org.springframework.web.filter.OncePerRequestFilter.doFilter(OncePerRequestFilter.java:117) ~[spring-web-5.3.31.jar:5.3.31]
	at org.springframework.security.web.FilterChainProxy$VirtualFilterChain.doFilter(FilterChainProxy.java:346) ~[spring-security-web-5.7.11.jar:5.7.11]
	at org.springframework.security.web.session.DisableEncodeUrlFilter.doFilterInternal(DisableEncodeUrlFilter.java:42) ~[spring-security-web-5.7.11.jar:5.7.11]
	at org.springframework.web.filter.OncePerRequestFilter.doFilter(OncePerRequestFilter.java:117) ~[spring-web-5.3.31.jar:5.3.31]
	at org.springframework.security.web.FilterChainProxy$VirtualFilterChain.doFilter(FilterChainProxy.java:346) ~[spring-security-web-5.7.11.jar:5.7.11]
	at org.springframework.security.web.FilterChainProxy.doFilterInternal(FilterChainProxy.java:221) ~[spring-security-web-5.7.11.jar:5.7.11]
	at org.springframework.security.web.FilterChainProxy.doFilter(FilterChainProxy.java:186) ~[spring-security-web-5.7.11.jar:5.7.11]
	at org.springframework.web.filter.DelegatingFilterProxy.invokeDelegate(DelegatingFilterProxy.java:354) ~[spring-web-5.3.31.jar:5.3.31]
	at org.springframework.web.filter.DelegatingFilterProxy.doFilter(DelegatingFilterProxy.java:267) ~[spring-web-5.3.31.jar:5.3.31]
	at org.apache.catalina.core.ApplicationFilterChain.internalDoFilter(ApplicationFilterChain.java:178) ~[tomcat-embed-core-9.0.83.jar:9.0.83]
	at org.apache.catalina.core.ApplicationFilterChain.doFilter(ApplicationFilterChain.java:153) ~[tomcat-embed-core-9.0.83.jar:9.0.83]
	at org.springframework.web.filter.RequestContextFilter.doFilterInternal(RequestContextFilter.java:100) ~[spring-web-5.3.31.jar:5.3.31]
	at org.springframework.web.filter.OncePerRequestFilter.doFilter(OncePerRequestFilter.java:117) ~[spring-web-5.3.31.jar:5.3.31]
	at org.apache.catalina.core.ApplicationFilterChain.internalDoFilter(ApplicationFilterChain.java:178) ~[tomcat-embed-core-9.0.83.jar:9.0.83]
	at org.apache.catalina.core.ApplicationFilterChain.doFilter(ApplicationFilterChain.java:153) ~[tomcat-embed-core-9.0.83.jar:9.0.83]
	at org.springframework.web.filter.FormContentFilter.doFilterInternal(FormContentFilter.java:93) ~[spring-web-5.3.31.jar:5.3.31]
	at org.springframework.web.filter.OncePerRequestFilter.doFilter(OncePerRequestFilter.java:117) ~[spring-web-5.3.31.jar:5.3.31]
	at org.apache.catalina.core.ApplicationFilterChain.internalDoFilter(ApplicationFilterChain.java:178) ~[tomcat-embed-core-9.0.83.jar:9.0.83]
	at org.apache.catalina.core.ApplicationFilterChain.doFilter(ApplicationFilterChain.java:153) ~[tomcat-embed-core-9.0.83.jar:9.0.83]
	at org.springframework.web.filter.CharacterEncodingFilter.doFilterInternal(CharacterEncodingFilter.java:201) ~[spring-web-5.3.31.jar:5.3.31]
	at org.springframework.web.filter.OncePerRequestFilter.doFilter(OncePerRequestFilter.java:117) ~[spring-web-5.3.31.jar:5.3.31]
	at org.apache.catalina.core.ApplicationFilterChain.internalDoFilter(ApplicationFilterChain.java:178) ~[tomcat-embed-core-9.0.83.jar:9.0.83]
	at org.apache.catalina.core.ApplicationFilterChain.doFilter(ApplicationFilterChain.java:153) ~[tomcat-embed-core-9.0.83.jar:9.0.83]
	at org.apache.catalina.core.StandardWrapperValve.invoke(StandardWrapperValve.java:168) ~[tomcat-embed-core-9.0.83.jar:9.0.83]
	at org.apache.catalina.core.StandardContextValve.invoke(StandardContextValve.java:90) ~[tomcat-embed-core-9.0.83.jar:9.0.83]
	at org.apache.catalina.authenticator.AuthenticatorBase.invoke(AuthenticatorBase.java:481) ~[tomcat-embed-core-9.0.83.jar:9.0.83]
	at org.apache.catalina.core.StandardHostValve.invoke(StandardHostValve.java:130) ~[tomcat-embed-core-9.0.83.jar:9.0.83]
	at org.apache.catalina.valves.ErrorReportValve.invoke(ErrorReportValve.java:93) ~[tomcat-embed-core-9.0.83.jar:9.0.83]
	at org.apache.catalina.core.StandardEngineValve.invoke(StandardEngineValve.java:74) ~[tomcat-embed-core-9.0.83.jar:9.0.83]
	at org.apache.catalina.connector.CoyoteAdapter.service(CoyoteAdapter.java:342) ~[tomcat-embed-core-9.0.83.jar:9.0.83]
	at org.apache.coyote.http11.Http11Processor.service(Http11Processor.java:390) ~[tomcat-embed-core-9.0.83.jar:9.0.83]
	at org.apache.coyote.AbstractProcessorLight.process(AbstractProcessorLight.java:63) ~[tomcat-embed-core-9.0.83.jar:9.0.83]
	at org.apache.coyote.AbstractProtocol$ConnectionHandler.process(AbstractProtocol.java:928) ~[tomcat-embed-core-9.0.83.jar:9.0.83]
	at org.apache.tomcat.util.net.NioEndpoint$SocketProcessor.doRun(NioEndpoint.java:1794) ~[tomcat-embed-core-9.0.83.jar:9.0.83]
	at org.apache.tomcat.util.net.SocketProcessorBase.run(SocketProcessorBase.java:52) ~[tomcat-embed-core-9.0.83.jar:9.0.83]
	at org.apache.tomcat.util.threads.ThreadPoolExecutor.runWorker(ThreadPoolExecutor.java:1191) ~[tomcat-embed-core-9.0.83.jar:9.0.83]
	at org.apache.tomcat.util.threads.ThreadPoolExecutor$Worker.run(ThreadPoolExecutor.java:659) ~[tomcat-embed-core-9.0.83.jar:9.0.83]
	at org.apache.tomcat.util.threads.TaskThread$WrappingRunnable.run(TaskThread.java:61) ~[tomcat-embed-core-9.0.83.jar:9.0.83]
	at java.lang.Thread.run(Thread.java:1583) ~[?:?]
2025-10-01 17:12:07 [http-nio-8080-exec-3] DEBUG FilterChainProxy:218 - Securing POST /error
2025-10-01 17:12:07 [http-nio-8080-exec-3] DEBUG SecurityContextPersistenceFilter:104 - Set SecurityContextHolder to empty SecurityContext
2025-10-01 17:12:07 [http-nio-8080-exec-3] DEBUG AnonymousAuthenticationFilter:100 - Set SecurityContextHolder to anonymous SecurityContext
2025-10-01 17:12:07 [http-nio-8080-exec-3] DEBUG FilterChainProxy:333 - Secured POST /error
2025-10-01 17:12:07 [http-nio-8080-exec-3] DEBUG DispatcherServlet:120 - "ERROR" dispatch for POST "/error", parameters={multipart}
2025-10-01 17:12:07 [http-nio-8080-exec-3] DEBUG RequestMappingHandlerMapping:522 - Mapped to org.springframework.boot.autoconfigure.web.servlet.error.BasicErrorController#error(HttpServletRequest)
2025-10-01 17:12:07 [http-nio-8080-exec-3] DEBUG HttpEntityMethodProcessor:268 - Using 'application/json', given [application/json, text/plain, */*] and supported [application/json, application/*+json, application/json, application/*+json]
2025-10-01 17:12:07 [http-nio-8080-exec-3] DEBUG HttpEntityMethodProcessor:120 - Writing [{timestamp=Wed Oct 01 17:12:07 WIB 2025, status=500, error=Internal Server Error, path=/file-manager (truncated)...]
2025-10-01 17:12:07 [http-nio-8080-exec-3] DEBUG DispatcherServlet:1127 - Exiting from "ERROR" dispatch, status 500
2025-10-01 17:12:07 [http-nio-8080-exec-3] DEBUG SecurityContextPersistenceFilter:120 - Cleared SecurityContextHolder to complete request
2025-10-01 17:12:17 [SpringApplicationShutdownHook] DEBUG ApplicationAvailabilityBean:77 - Application availability state ReadinessState changed from ACCEPTING_TRAFFIC to REFUSING_TRAFFIC
2025-10-01 17:12:17 [SpringApplicationShutdownHook] DEBUG AnnotationConfigServletWebServerApplicationContext:1060 - Closing org.springframework.boot.web.servlet.context.AnnotationConfigServletWebServerApplicationContext@56ace400, started on Wed Oct 01 17:10:51 WIB 2025
2025-10-01 17:12:17 [SpringApplicationShutdownHook] DEBUG DefaultLifecycleProcessor:366 - Stopping beans in phase 2147483647
2025-10-01 17:12:17 [SpringApplicationShutdownHook] DEBUG DefaultLifecycleProcessor:239 - Bean 'webServerGracefulShutdown' completed its stop procedure
2025-10-01 17:12:17 [SpringApplicationShutdownHook] DEBUG DefaultLifecycleProcessor:366 - Stopping beans in phase 2147483646
2025-10-01 17:12:17 [SpringApplicationShutdownHook] DEBUG DefaultLifecycleProcessor:239 - Bean 'webServerStartStop' completed its stop procedure
2025-10-01 17:12:17 [SpringApplicationShutdownHook] DEBUG DefaultLifecycleProcessor:366 - Stopping beans in phase -2147483647
2025-10-01 17:12:17 [SpringApplicationShutdownHook] DEBUG DefaultLifecycleProcessor:239 - Bean 'springBootLoggingLifecycle' completed its stop procedure
2025-10-01 17:12:17 [SpringApplicationShutdownHook] DEBUG ThreadPoolTaskExecutor:224 - Shutting down ExecutorService 'applicationTaskExecutor'
2025-10-01 17:13:00 [main] INFO  BcapApplication:55 - Starting BcapApplication using Java 21.0.6 on LeRuccoLOQ with PID 37360 (C:\bcap\bcap-be\target\classes started by drucc in C:\bcap\bcap-be)
2025-10-01 17:13:00 [main] INFO  BcapApplication:632 - No active profile set, falling back to 1 default profile: "default"
2025-10-01 17:13:01 [main] INFO  TomcatWebServer:108 - Tomcat initialized with port(s): 8080 (http)
2025-10-01 17:13:01 [main] INFO  Http11NioProtocol:173 - Initializing ProtocolHandler ["http-nio-8080"]
2025-10-01 17:13:01 [main] INFO  StandardService:173 - Starting service [Tomcat]
2025-10-01 17:13:01 [main] INFO  StandardEngine:173 - Starting Servlet engine: [Apache Tomcat/9.0.83]
2025-10-01 17:13:01 [main] INFO  [/]:173 - Initializing Spring embedded WebApplicationContext
2025-10-01 17:13:01 [main] INFO  ServletWebServerApplicationContext:292 - Root WebApplicationContext: initialization completed in 914 ms
2025-10-01 17:13:01 [main] WARN  UserDetailsServiceAutoConfiguration:89 - 

Using generated security password: d1b6ef18-b41d-40ff-be72-5cd2bad3e575

This generated password is for development use only. Your security configuration must be updated before running your application in production.

2025-10-01 17:13:02 [main] INFO  DefaultSecurityFilterChain:55 - Will secure any request with [org.springframework.security.web.session.DisableEncodeUrlFilter@2b148329, org.springframework.security.web.context.request.async.WebAsyncManagerIntegrationFilter@62c72501, org.springframework.security.web.context.SecurityContextPersistenceFilter@4337afd, org.springframework.security.web.header.HeaderWriterFilter@342e690b, org.springframework.web.filter.CorsFilter@c889805, org.springframework.security.web.authentication.logout.LogoutFilter@47c7a9e5, maas.bcap.security.JwtAuthFilter@2f860823, org.springframework.security.web.savedrequest.RequestCacheAwareFilter@3fa7df1, org.springframework.security.web.servletapi.SecurityContextHolderAwareRequestFilter@a146b11, org.springframework.security.web.authentication.AnonymousAuthenticationFilter@77db3d02, org.springframework.security.web.session.SessionManagementFilter@32456db0, org.springframework.security.web.access.ExceptionTranslationFilter@2fb25f4c, org.springframework.security.web.access.intercept.AuthorizationFilter@40113163]
2025-10-01 17:13:02 [main] INFO  Http11NioProtocol:173 - Starting ProtocolHandler ["http-nio-8080"]
2025-10-01 17:13:02 [main] INFO  TomcatWebServer:220 - Tomcat started on port(s): 8080 (http) with context path ''
2025-10-01 17:13:02 [main] INFO  BcapApplication:61 - Started BcapApplication in 1.767 seconds (JVM running for 2.255)
2025-10-01 17:13:02 [main] INFO  BcapApplication:18 - Start Application
2025-10-01 17:13:09 [http-nio-8080-exec-1] INFO  [/]:173 - Initializing Spring DispatcherServlet 'dispatcherServlet'
2025-10-01 17:13:09 [http-nio-8080-exec-1] INFO  DispatcherServlet:525 - Initializing Servlet 'dispatcherServlet'
2025-10-01 17:13:09 [http-nio-8080-exec-1] INFO  DispatcherServlet:547 - Completed initialization in 1 ms
2025-10-01 17:13:09 [http-nio-8080-exec-2] INFO  FileManagerController:45 - inDto : FileUploadInDto(fileDiv=div1, fileDesc=desc1, extraPath=null, attachFileId=1111, attachFileSeqNo=null, screenId=FileUpload)
2025-10-01 17:13:09 [http-nio-8080-exec-2] INFO  FileManagerController:46 - Files : [org.springframework.web.multipart.support.StandardMultipartHttpServletRequest$StandardMultipartFile@267ec0c6]
2025-10-01 17:13:09 [http-nio-8080-exec-2] INFO  FileUploadService:48 - FileUploadService.upload
2025-10-01 17:13:09 [http-nio-8080-exec-2] INFO  FileUploadService:52 - Content-Type multipart/form-data; boundary=----WebKitFormBoundarykUtN3bT9lK5hcC6K
2025-10-01 17:13:09 [http-nio-8080-exec-2] INFO  FileUploadService:69 - UserInfoFileManagerDto(screenId=FileUpload, userIp=0:0:0:0:0:0:0:1)
2025-10-01 17:13:09 [http-nio-8080-exec-2] INFO  FileUploadService:87 - FileManagerService.registerNewFiles
2025-10-01 17:13:09 [http-nio-8080-exec-2] INFO  FileUploadService:190 - FileUploadService.checkFileExtension
2025-10-01 17:13:09 [http-nio-8080-exec-2] INFO  FileUploadService:192 - originFileName : [279111.jpg]
2025-10-01 17:13:09 [http-nio-8080-exec-2] INFO  FileUploadService:194 - jpg
2025-10-01 17:13:09 [http-nio-8080-exec-2] INFO  FileUploadService:133 - FileInVo(attach_file_id=null, attach_file_clcd=div1, attach_file_expl=desc1, upd_yn=N, req_clcd=null, sub1Vos=[FileInSub1Vo(attach_file_id=null, attach_file_seq_no=null, attach_file_clcd=null, del_yn=null, file_nm=279111.jpg, upl_file_size=222793, upl_file_nm=null, file_path=D:/bcap\div1, pfr_rank=0, inp_usr_id=1787130271, inp_pgm_id=FileUpload, chng_usr_id=null, chng_pgm_id=null)])
2025-10-01 17:13:09 [http-nio-8080-exec-2] INFO  FileManagerService:28 - FileManagerService.saveFilesToDevonC
2025-10-01 17:13:09 [http-nio-8080-exec-2] INFO  FileManagerService:32 - FileInVo(attach_file_id=null, attach_file_clcd=div1, attach_file_expl=desc1, upd_yn=N, req_clcd=U1, sub1Vos=[FileInSub1Vo(attach_file_id=null, attach_file_seq_no=null, attach_file_clcd=null, del_yn=null, file_nm=279111.jpg, upl_file_size=222793, upl_file_nm=null, file_path=D:/bcap\div1, pfr_rank=0, inp_usr_id=1787130271, inp_pgm_id=FileUpload, chng_usr_id=null, chng_pgm_id=null)])
2025-10-01 17:13:09 [http-nio-8080-exec-2] INFO  FileManagerService:60 - FileManagerService.interfaceTuxedo
2025-10-01 17:13:09 [http-nio-8080-exec-2] INFO  FileManagerService:75 - TelegramUserDataInput(tx_code=SAZ06F010U, client_ip_no=0:0:0:0:0:0:0:1, client_mac=, scrn_id=FileUpload, op_id=1787130271, sync_type=A, async_rspn_yn=0, rspn_svc_code=, ttl_use_flag=0, ttl=0, long_msg_type=1, dst_inst_code=null, fail_knd=null, ap_host_name=null, ap_caller_id=null, lang_type=EN)
2025-10-01 17:13:09 [http-nio-8080-exec-2] INFO  InterfaceTelegram:18 - #################### Interface Tuxedo ####################
2025-10-01 17:13:09 [http-nio-8080-exec-2] INFO  InterfaceTelegram:19 - FileInVo(attach_file_id=null, attach_file_clcd=div1, attach_file_expl=desc1, upd_yn=N, req_clcd=U1, sub1Vos=[FileInSub1Vo(attach_file_id=null, attach_file_seq_no=null, attach_file_clcd=null, del_yn=null, file_nm=279111.jpg, upl_file_size=222793, upl_file_nm=null, file_path=D:/bcap\div1, pfr_rank=0, inp_usr_id=1787130271, inp_pgm_id=FileUpload, chng_usr_id=null, chng_pgm_id=null)])
2025-10-01 17:13:09 [http-nio-8080-exec-2] INFO  InterfaceTelegram:20 - FileOutVo(rson_cd=null, attach_file_id=null, attach_file_clcd=null, attach_file_expl=null, upd_yn=null, req_clcd=null, sub1Vos=null)
2025-10-01 17:13:09 [http-nio-8080-exec-2] INFO  InterfaceTelegram:23 - ByteEncoder
2025-10-01 17:13:09 [http-nio-8080-exec-2] ERROR TelegramBuilder:11 - java.lang.reflect.InaccessibleObjectException: Unable to make field private static final long java.util.ArrayList.serialVersionUID accessible: module java.base does not "opens java.util" to unnamed module @5fcd892a
2025-10-01 17:13:09 [http-nio-8080-exec-2] ERROR TelegramBuilder:19 - java.base/java.lang.reflect.AccessibleObject.throwInaccessibleObjectException(AccessibleObject.java:391)
2025-10-01 17:13:09 [http-nio-8080-exec-2] ERROR TelegramBuilder:19 - java.base/java.lang.reflect.AccessibleObject.checkCanSetAccessible(AccessibleObject.java:367)
2025-10-01 17:13:09 [http-nio-8080-exec-2] ERROR TelegramBuilder:19 - java.base/java.lang.reflect.AccessibleObject.checkCanSetAccessible(AccessibleObject.java:315)
2025-10-01 17:13:09 [http-nio-8080-exec-2] ERROR TelegramBuilder:19 - java.base/java.lang.reflect.Field.checkCanSetAccessible(Field.java:183)
2025-10-01 17:13:09 [http-nio-8080-exec-2] ERROR TelegramBuilder:19 - java.base/java.lang.reflect.Field.setAccessible(Field.java:177)
2025-10-01 17:13:09 [http-nio-8080-exec-2] ERROR TelegramBuilder:19 - mti.com.telegram.util.TelegramUtil.getPacketSize(TelegramUtil.java:331)
2025-10-01 17:13:09 [http-nio-8080-exec-2] ERROR TelegramBuilder:19 - mti.com.telegram.util.TelegramUtil.getPacketSize(TelegramUtil.java:351)
2025-10-01 17:13:09 [http-nio-8080-exec-2] ERROR TelegramBuilder:19 - mti.com.telegram.util.TelegramUtil.getPacketSize(TelegramUtil.java:365)
2025-10-01 17:13:09 [http-nio-8080-exec-2] ERROR TelegramBuilder:19 - mti.com.telegram.util.TelegramBuilder.makeTelegramData(TelegramBuilder.java:132)
2025-10-01 17:13:09 [http-nio-8080-exec-2] ERROR TelegramBuilder:19 - mti.com.telegram.util.TelegramBuilder.getTelegramIn(TelegramBuilder.java:25)
2025-10-01 17:13:09 [http-nio-8080-exec-2] ERROR TelegramBuilder:19 - mti.com.telegram.util.InterfaceTelegram.interfaceTuxedo(InterfaceTelegram.java:24)
2025-10-01 17:13:09 [http-nio-8080-exec-2] ERROR TelegramBuilder:19 - maas.bcap.common.ServiceSupport.tuxedoTransaction(ServiceSupport.java:63)
2025-10-01 17:13:09 [http-nio-8080-exec-2] ERROR TelegramBuilder:19 - maas.bcap.service.FileManagerService.interfaceTuxedo(FileManagerService.java:81)
2025-10-01 17:13:09 [http-nio-8080-exec-2] ERROR TelegramBuilder:19 - maas.bcap.service.FileManagerService.saveFilesToDevonC(FileManagerService.java:34)
2025-10-01 17:13:09 [http-nio-8080-exec-2] ERROR TelegramBuilder:19 - maas.bcap.service.FileUploadService.registerNewFiles(FileUploadService.java:136)
2025-10-01 17:13:09 [http-nio-8080-exec-2] ERROR TelegramBuilder:19 - maas.bcap.service.FileUploadService.upload(FileUploadService.java:77)
2025-10-01 17:13:09 [http-nio-8080-exec-2] ERROR TelegramBuilder:19 - maas.bcap.controller.FileManagerController.upload(FileManagerController.java:47)
2025-10-01 17:13:09 [http-nio-8080-exec-2] ERROR TelegramBuilder:19 - java.base/jdk.internal.reflect.DirectMethodHandleAccessor.invoke(DirectMethodHandleAccessor.java:103)
2025-10-01 17:13:09 [http-nio-8080-exec-2] ERROR TelegramBuilder:19 - java.base/java.lang.reflect.Method.invoke(Method.java:580)
2025-10-01 17:13:09 [http-nio-8080-exec-2] ERROR TelegramBuilder:19 - org.springframework.web.method.support.InvocableHandlerMethod.doInvoke(InvocableHandlerMethod.java:205)
2025-10-01 17:13:09 [http-nio-8080-exec-2] ERROR TelegramBuilder:19 - org.springframework.web.method.support.InvocableHandlerMethod.invokeForRequest(InvocableHandlerMethod.java:150)
2025-10-01 17:13:09 [http-nio-8080-exec-2] ERROR TelegramBuilder:19 - org.springframework.web.servlet.mvc.method.annotation.ServletInvocableHandlerMethod.invokeAndHandle(ServletInvocableHandlerMethod.java:117)
2025-10-01 17:13:09 [http-nio-8080-exec-2] ERROR TelegramBuilder:19 - org.springframework.web.servlet.mvc.method.annotation.RequestMappingHandlerAdapter.invokeHandlerMethod(RequestMappingHandlerAdapter.java:895)
2025-10-01 17:13:09 [http-nio-8080-exec-2] ERROR TelegramBuilder:19 - org.springframework.web.servlet.mvc.method.annotation.RequestMappingHandlerAdapter.handleInternal(RequestMappingHandlerAdapter.java:808)
2025-10-01 17:13:09 [http-nio-8080-exec-2] ERROR TelegramBuilder:19 - org.springframework.web.servlet.mvc.method.AbstractHandlerMethodAdapter.handle(AbstractHandlerMethodAdapter.java:87)
2025-10-01 17:13:09 [http-nio-8080-exec-2] ERROR TelegramBuilder:19 - org.springframework.web.servlet.DispatcherServlet.doDispatch(DispatcherServlet.java:1072)
2025-10-01 17:13:09 [http-nio-8080-exec-2] ERROR TelegramBuilder:19 - org.springframework.web.servlet.DispatcherServlet.doService(DispatcherServlet.java:965)
2025-10-01 17:13:09 [http-nio-8080-exec-2] ERROR TelegramBuilder:19 - org.springframework.web.servlet.FrameworkServlet.processRequest(FrameworkServlet.java:1006)
2025-10-01 17:13:09 [http-nio-8080-exec-2] ERROR TelegramBuilder:19 - org.springframework.web.servlet.FrameworkServlet.doPost(FrameworkServlet.java:909)
2025-10-01 17:13:09 [http-nio-8080-exec-2] ERROR TelegramBuilder:19 - javax.servlet.http.HttpServlet.service(HttpServlet.java:555)
2025-10-01 17:13:09 [http-nio-8080-exec-2] ERROR TelegramBuilder:19 - org.springframework.web.servlet.FrameworkServlet.service(FrameworkServlet.java:883)
2025-10-01 17:13:09 [http-nio-8080-exec-2] ERROR TelegramBuilder:19 - javax.servlet.http.HttpServlet.service(HttpServlet.java:623)
2025-10-01 17:13:09 [http-nio-8080-exec-2] ERROR TelegramBuilder:19 - org.apache.catalina.core.ApplicationFilterChain.internalDoFilter(ApplicationFilterChain.java:209)
2025-10-01 17:13:09 [http-nio-8080-exec-2] ERROR TelegramBuilder:19 - org.apache.catalina.core.ApplicationFilterChain.doFilter(ApplicationFilterChain.java:153)
2025-10-01 17:13:09 [http-nio-8080-exec-2] ERROR TelegramBuilder:19 - org.apache.tomcat.websocket.server.WsFilter.doFilter(WsFilter.java:51)
2025-10-01 17:13:09 [http-nio-8080-exec-2] ERROR TelegramBuilder:19 - org.apache.catalina.core.ApplicationFilterChain.internalDoFilter(ApplicationFilterChain.java:178)
2025-10-01 17:13:09 [http-nio-8080-exec-2] ERROR TelegramBuilder:19 - org.apache.catalina.core.ApplicationFilterChain.doFilter(ApplicationFilterChain.java:153)
2025-10-01 17:13:09 [http-nio-8080-exec-2] ERROR TelegramBuilder:19 - org.springframework.web.filter.OncePerRequestFilter.doFilter(OncePerRequestFilter.java:111)
2025-10-01 17:13:09 [http-nio-8080-exec-2] ERROR TelegramBuilder:19 - org.apache.catalina.core.ApplicationFilterChain.internalDoFilter(ApplicationFilterChain.java:178)
2025-10-01 17:13:09 [http-nio-8080-exec-2] ERROR TelegramBuilder:19 - org.apache.catalina.core.ApplicationFilterChain.doFilter(ApplicationFilterChain.java:153)
2025-10-01 17:13:09 [http-nio-8080-exec-2] ERROR TelegramBuilder:19 - org.springframework.security.web.FilterChainProxy$VirtualFilterChain.doFilter(FilterChainProxy.java:337)
2025-10-01 17:13:09 [http-nio-8080-exec-2] ERROR TelegramBuilder:19 - org.springframework.security.web.access.intercept.AuthorizationFilter.doFilter(AuthorizationFilter.java:96)
2025-10-01 17:13:09 [http-nio-8080-exec-2] ERROR TelegramBuilder:19 - org.springframework.security.web.FilterChainProxy$VirtualFilterChain.doFilter(FilterChainProxy.java:346)
2025-10-01 17:13:09 [http-nio-8080-exec-2] ERROR TelegramBuilder:19 - org.springframework.security.web.access.ExceptionTranslationFilter.doFilter(ExceptionTranslationFilter.java:122)
2025-10-01 17:13:09 [http-nio-8080-exec-2] ERROR TelegramBuilder:19 - org.springframework.security.web.access.ExceptionTranslationFilter.doFilter(ExceptionTranslationFilter.java:116)
2025-10-01 17:13:09 [http-nio-8080-exec-2] ERROR TelegramBuilder:19 - org.springframework.security.web.FilterChainProxy$VirtualFilterChain.doFilter(FilterChainProxy.java:346)
2025-10-01 17:13:09 [http-nio-8080-exec-2] ERROR TelegramBuilder:19 - org.springframework.security.web.session.SessionManagementFilter.doFilter(SessionManagementFilter.java:126)
2025-10-01 17:13:09 [http-nio-8080-exec-2] ERROR TelegramBuilder:19 - org.springframework.security.web.session.SessionManagementFilter.doFilter(SessionManagementFilter.java:81)
2025-10-01 17:13:09 [http-nio-8080-exec-2] ERROR TelegramBuilder:19 - org.springframework.security.web.FilterChainProxy$VirtualFilterChain.doFilter(FilterChainProxy.java:346)
2025-10-01 17:13:09 [http-nio-8080-exec-2] ERROR TelegramBuilder:19 - org.springframework.security.web.authentication.AnonymousAuthenticationFilter.doFilter(AnonymousAuthenticationFilter.java:109)
2025-10-01 17:13:09 [http-nio-8080-exec-2] ERROR TelegramBuilder:19 - org.springframework.security.web.FilterChainProxy$VirtualFilterChain.doFilter(FilterChainProxy.java:346)
2025-10-01 17:13:09 [http-nio-8080-exec-2] ERROR TelegramBuilder:19 - org.springframework.security.web.servletapi.SecurityContextHolderAwareRequestFilter.doFilter(SecurityContextHolderAwareRequestFilter.java:149)
2025-10-01 17:13:09 [http-nio-8080-exec-2] ERROR TelegramBuilder:19 - org.springframework.security.web.FilterChainProxy$VirtualFilterChain.doFilter(FilterChainProxy.java:346)
2025-10-01 17:13:09 [http-nio-8080-exec-2] ERROR TelegramBuilder:19 - org.springframework.security.web.savedrequest.RequestCacheAwareFilter.doFilter(RequestCacheAwareFilter.java:63)
2025-10-01 17:13:09 [http-nio-8080-exec-2] ERROR TelegramBuilder:19 - org.springframework.security.web.FilterChainProxy$VirtualFilterChain.doFilter(FilterChainProxy.java:346)
2025-10-01 17:13:09 [http-nio-8080-exec-2] ERROR TelegramBuilder:19 - maas.bcap.security.JwtAuthFilter.doFilterInternal(JwtAuthFilter.java:70)
2025-10-01 17:13:09 [http-nio-8080-exec-2] ERROR TelegramBuilder:19 - org.springframework.web.filter.OncePerRequestFilter.doFilter(OncePerRequestFilter.java:117)
2025-10-01 17:13:09 [http-nio-8080-exec-2] ERROR TelegramBuilder:19 - org.springframework.security.web.FilterChainProxy$VirtualFilterChain.doFilter(FilterChainProxy.java:346)
2025-10-01 17:13:09 [http-nio-8080-exec-2] ERROR TelegramBuilder:19 - org.springframework.security.web.authentication.logout.LogoutFilter.doFilter(LogoutFilter.java:103)
2025-10-01 17:13:09 [http-nio-8080-exec-2] ERROR TelegramBuilder:19 - org.springframework.security.web.authentication.logout.LogoutFilter.doFilter(LogoutFilter.java:89)
2025-10-01 17:13:09 [http-nio-8080-exec-2] ERROR TelegramBuilder:19 - org.springframework.security.web.FilterChainProxy$VirtualFilterChain.doFilter(FilterChainProxy.java:346)
2025-10-01 17:13:09 [http-nio-8080-exec-2] ERROR TelegramBuilder:19 - org.springframework.web.filter.CorsFilter.doFilterInternal(CorsFilter.java:91)
2025-10-01 17:13:09 [http-nio-8080-exec-2] ERROR TelegramBuilder:19 - org.springframework.web.filter.OncePerRequestFilter.doFilter(OncePerRequestFilter.java:117)
2025-10-01 17:13:09 [http-nio-8080-exec-2] ERROR TelegramBuilder:19 - org.springframework.security.web.FilterChainProxy$VirtualFilterChain.doFilter(FilterChainProxy.java:346)
2025-10-01 17:13:09 [http-nio-8080-exec-2] ERROR TelegramBuilder:19 - org.springframework.security.web.header.HeaderWriterFilter.doHeadersAfter(HeaderWriterFilter.java:90)
2025-10-01 17:13:09 [http-nio-8080-exec-2] ERROR TelegramBuilder:19 - org.springframework.security.web.header.HeaderWriterFilter.doFilterInternal(HeaderWriterFilter.java:75)
2025-10-01 17:13:09 [http-nio-8080-exec-2] ERROR TelegramBuilder:19 - org.springframework.web.filter.OncePerRequestFilter.doFilter(OncePerRequestFilter.java:117)
2025-10-01 17:13:09 [http-nio-8080-exec-2] ERROR TelegramBuilder:19 - org.springframework.security.web.FilterChainProxy$VirtualFilterChain.doFilter(FilterChainProxy.java:346)
2025-10-01 17:13:09 [http-nio-8080-exec-2] ERROR TelegramBuilder:19 - org.springframework.security.web.context.SecurityContextPersistenceFilter.doFilter(SecurityContextPersistenceFilter.java:112)
2025-10-01 17:13:09 [http-nio-8080-exec-2] ERROR TelegramBuilder:19 - org.springframework.security.web.context.SecurityContextPersistenceFilter.doFilter(SecurityContextPersistenceFilter.java:82)
2025-10-01 17:13:09 [http-nio-8080-exec-2] ERROR TelegramBuilder:19 - org.springframework.security.web.FilterChainProxy$VirtualFilterChain.doFilter(FilterChainProxy.java:346)
2025-10-01 17:13:09 [http-nio-8080-exec-2] ERROR TelegramBuilder:19 - org.springframework.security.web.context.request.async.WebAsyncManagerIntegrationFilter.doFilterInternal(WebAsyncManagerIntegrationFilter.java:55)
2025-10-01 17:13:09 [http-nio-8080-exec-2] ERROR TelegramBuilder:19 - org.springframework.web.filter.OncePerRequestFilter.doFilter(OncePerRequestFilter.java:117)
2025-10-01 17:13:09 [http-nio-8080-exec-2] ERROR TelegramBuilder:19 - org.springframework.security.web.FilterChainProxy$VirtualFilterChain.doFilter(FilterChainProxy.java:346)
2025-10-01 17:13:09 [http-nio-8080-exec-2] ERROR TelegramBuilder:19 - org.springframework.security.web.session.DisableEncodeUrlFilter.doFilterInternal(DisableEncodeUrlFilter.java:42)
2025-10-01 17:13:09 [http-nio-8080-exec-2] ERROR TelegramBuilder:19 - org.springframework.web.filter.OncePerRequestFilter.doFilter(OncePerRequestFilter.java:117)
2025-10-01 17:13:09 [http-nio-8080-exec-2] ERROR TelegramBuilder:19 - org.springframework.security.web.FilterChainProxy$VirtualFilterChain.doFilter(FilterChainProxy.java:346)
2025-10-01 17:13:09 [http-nio-8080-exec-2] ERROR TelegramBuilder:19 - org.springframework.security.web.FilterChainProxy.doFilterInternal(FilterChainProxy.java:221)
2025-10-01 17:13:09 [http-nio-8080-exec-2] ERROR TelegramBuilder:19 - org.springframework.security.web.FilterChainProxy.doFilter(FilterChainProxy.java:186)
2025-10-01 17:13:09 [http-nio-8080-exec-2] ERROR TelegramBuilder:19 - org.springframework.web.filter.DelegatingFilterProxy.invokeDelegate(DelegatingFilterProxy.java:354)
2025-10-01 17:13:09 [http-nio-8080-exec-2] ERROR TelegramBuilder:19 - org.springframework.web.filter.DelegatingFilterProxy.doFilter(DelegatingFilterProxy.java:267)
2025-10-01 17:13:09 [http-nio-8080-exec-2] ERROR TelegramBuilder:19 - org.apache.catalina.core.ApplicationFilterChain.internalDoFilter(ApplicationFilterChain.java:178)
2025-10-01 17:13:09 [http-nio-8080-exec-2] ERROR TelegramBuilder:19 - org.apache.catalina.core.ApplicationFilterChain.doFilter(ApplicationFilterChain.java:153)
2025-10-01 17:13:09 [http-nio-8080-exec-2] ERROR TelegramBuilder:19 - org.springframework.web.filter.RequestContextFilter.doFilterInternal(RequestContextFilter.java:100)
2025-10-01 17:13:09 [http-nio-8080-exec-2] ERROR TelegramBuilder:19 - org.springframework.web.filter.OncePerRequestFilter.doFilter(OncePerRequestFilter.java:117)
2025-10-01 17:13:09 [http-nio-8080-exec-2] ERROR TelegramBuilder:19 - org.apache.catalina.core.ApplicationFilterChain.internalDoFilter(ApplicationFilterChain.java:178)
2025-10-01 17:13:09 [http-nio-8080-exec-2] ERROR TelegramBuilder:19 - org.apache.catalina.core.ApplicationFilterChain.doFilter(ApplicationFilterChain.java:153)
2025-10-01 17:13:09 [http-nio-8080-exec-2] ERROR TelegramBuilder:19 - org.springframework.web.filter.FormContentFilter.doFilterInternal(FormContentFilter.java:93)
2025-10-01 17:13:09 [http-nio-8080-exec-2] ERROR TelegramBuilder:19 - org.springframework.web.filter.OncePerRequestFilter.doFilter(OncePerRequestFilter.java:117)
2025-10-01 17:13:09 [http-nio-8080-exec-2] ERROR TelegramBuilder:19 - org.apache.catalina.core.ApplicationFilterChain.internalDoFilter(ApplicationFilterChain.java:178)
2025-10-01 17:13:09 [http-nio-8080-exec-2] ERROR TelegramBuilder:19 - org.apache.catalina.core.ApplicationFilterChain.doFilter(ApplicationFilterChain.java:153)
2025-10-01 17:13:09 [http-nio-8080-exec-2] ERROR TelegramBuilder:19 - org.springframework.web.filter.CharacterEncodingFilter.doFilterInternal(CharacterEncodingFilter.java:201)
2025-10-01 17:13:09 [http-nio-8080-exec-2] ERROR TelegramBuilder:19 - org.springframework.web.filter.OncePerRequestFilter.doFilter(OncePerRequestFilter.java:117)
2025-10-01 17:13:09 [http-nio-8080-exec-2] ERROR TelegramBuilder:19 - org.apache.catalina.core.ApplicationFilterChain.internalDoFilter(ApplicationFilterChain.java:178)
2025-10-01 17:13:09 [http-nio-8080-exec-2] ERROR TelegramBuilder:19 - org.apache.catalina.core.ApplicationFilterChain.doFilter(ApplicationFilterChain.java:153)
2025-10-01 17:13:09 [http-nio-8080-exec-2] ERROR TelegramBuilder:19 - org.apache.catalina.core.StandardWrapperValve.invoke(StandardWrapperValve.java:168)
2025-10-01 17:13:09 [http-nio-8080-exec-2] ERROR TelegramBuilder:19 - org.apache.catalina.core.StandardContextValve.invoke(StandardContextValve.java:90)
2025-10-01 17:13:09 [http-nio-8080-exec-2] ERROR TelegramBuilder:19 - org.apache.catalina.authenticator.AuthenticatorBase.invoke(AuthenticatorBase.java:481)
2025-10-01 17:13:09 [http-nio-8080-exec-2] ERROR TelegramBuilder:19 - org.apache.catalina.core.StandardHostValve.invoke(StandardHostValve.java:130)
2025-10-01 17:13:09 [http-nio-8080-exec-2] ERROR TelegramBuilder:19 - org.apache.catalina.valves.ErrorReportValve.invoke(ErrorReportValve.java:93)
2025-10-01 17:13:09 [http-nio-8080-exec-2] ERROR TelegramBuilder:19 - org.apache.catalina.core.StandardEngineValve.invoke(StandardEngineValve.java:74)
2025-10-01 17:13:09 [http-nio-8080-exec-2] ERROR TelegramBuilder:19 - org.apache.catalina.connector.CoyoteAdapter.service(CoyoteAdapter.java:342)
2025-10-01 17:13:09 [http-nio-8080-exec-2] ERROR TelegramBuilder:19 - org.apache.coyote.http11.Http11Processor.service(Http11Processor.java:390)
2025-10-01 17:13:09 [http-nio-8080-exec-2] ERROR TelegramBuilder:19 - org.apache.coyote.AbstractProcessorLight.process(AbstractProcessorLight.java:63)
2025-10-01 17:13:09 [http-nio-8080-exec-2] ERROR TelegramBuilder:19 - org.apache.coyote.AbstractProtocol$ConnectionHandler.process(AbstractProtocol.java:928)
2025-10-01 17:13:09 [http-nio-8080-exec-2] ERROR TelegramBuilder:19 - org.apache.tomcat.util.net.NioEndpoint$SocketProcessor.doRun(NioEndpoint.java:1794)
2025-10-01 17:13:09 [http-nio-8080-exec-2] ERROR TelegramBuilder:19 - org.apache.tomcat.util.net.SocketProcessorBase.run(SocketProcessorBase.java:52)
2025-10-01 17:13:09 [http-nio-8080-exec-2] ERROR TelegramBuilder:19 - org.apache.tomcat.util.threads.ThreadPoolExecutor.runWorker(ThreadPoolExecutor.java:1191)
2025-10-01 17:13:09 [http-nio-8080-exec-2] ERROR TelegramBuilder:19 - org.apache.tomcat.util.threads.ThreadPoolExecutor$Worker.run(ThreadPoolExecutor.java:659)
2025-10-01 17:13:09 [http-nio-8080-exec-2] ERROR TelegramBuilder:19 - org.apache.tomcat.util.threads.TaskThread$WrappingRunnable.run(TaskThread.java:61)
2025-10-01 17:13:09 [http-nio-8080-exec-2] ERROR TelegramBuilder:19 - java.base/java.lang.Thread.run(Thread.java:1583)
2025-10-01 17:13:09 [http-nio-8080-exec-2] ERROR TelegramBuilder:11 - java.lang.reflect.InaccessibleObjectException: Unable to make field private static final long java.util.ArrayList.serialVersionUID accessible: module java.base does not "opens java.util" to unnamed module @5fcd892a
2025-10-01 17:13:09 [http-nio-8080-exec-2] ERROR TelegramBuilder:19 - java.base/java.lang.reflect.AccessibleObject.throwInaccessibleObjectException(AccessibleObject.java:391)
2025-10-01 17:13:09 [http-nio-8080-exec-2] ERROR TelegramBuilder:19 - java.base/java.lang.reflect.AccessibleObject.checkCanSetAccessible(AccessibleObject.java:367)
2025-10-01 17:13:09 [http-nio-8080-exec-2] ERROR TelegramBuilder:19 - java.base/java.lang.reflect.AccessibleObject.checkCanSetAccessible(AccessibleObject.java:315)
2025-10-01 17:13:09 [http-nio-8080-exec-2] ERROR TelegramBuilder:19 - java.base/java.lang.reflect.Field.checkCanSetAccessible(Field.java:183)
2025-10-01 17:13:09 [http-nio-8080-exec-2] ERROR TelegramBuilder:19 - java.base/java.lang.reflect.Field.setAccessible(Field.java:177)
2025-10-01 17:13:09 [http-nio-8080-exec-2] ERROR TelegramBuilder:19 - mti.com.telegram.util.TelegramUtil.getPacketSize(TelegramUtil.java:331)
2025-10-01 17:13:09 [http-nio-8080-exec-2] ERROR TelegramBuilder:19 - mti.com.telegram.util.TelegramUtil.getPacketSize(TelegramUtil.java:351)
2025-10-01 17:13:09 [http-nio-8080-exec-2] ERROR TelegramBuilder:19 - mti.com.telegram.util.TelegramUtil.getPacketSize(TelegramUtil.java:365)
2025-10-01 17:13:09 [http-nio-8080-exec-2] ERROR TelegramBuilder:19 - mti.com.telegram.util.TelegramUtil.getPacketSize(TelegramUtil.java:365)
2025-10-01 17:13:09 [http-nio-8080-exec-2] ERROR TelegramBuilder:19 - mti.com.telegram.util.TelegramBuilder.getTelegramIn(TelegramBuilder.java:28)
2025-10-01 17:13:09 [http-nio-8080-exec-2] ERROR TelegramBuilder:19 - mti.com.telegram.util.InterfaceTelegram.interfaceTuxedo(InterfaceTelegram.java:24)
2025-10-01 17:13:09 [http-nio-8080-exec-2] ERROR TelegramBuilder:19 - maas.bcap.common.ServiceSupport.tuxedoTransaction(ServiceSupport.java:63)
2025-10-01 17:13:09 [http-nio-8080-exec-2] ERROR TelegramBuilder:19 - maas.bcap.service.FileManagerService.interfaceTuxedo(FileManagerService.java:81)
2025-10-01 17:13:09 [http-nio-8080-exec-2] ERROR TelegramBuilder:19 - maas.bcap.service.FileManagerService.saveFilesToDevonC(FileManagerService.java:34)
2025-10-01 17:13:09 [http-nio-8080-exec-2] ERROR TelegramBuilder:19 - maas.bcap.service.FileUploadService.registerNewFiles(FileUploadService.java:136)
2025-10-01 17:13:09 [http-nio-8080-exec-2] ERROR TelegramBuilder:19 - maas.bcap.service.FileUploadService.upload(FileUploadService.java:77)
2025-10-01 17:13:09 [http-nio-8080-exec-2] ERROR TelegramBuilder:19 - maas.bcap.controller.FileManagerController.upload(FileManagerController.java:47)
2025-10-01 17:13:09 [http-nio-8080-exec-2] ERROR TelegramBuilder:19 - java.base/jdk.internal.reflect.DirectMethodHandleAccessor.invoke(DirectMethodHandleAccessor.java:103)
2025-10-01 17:13:09 [http-nio-8080-exec-2] ERROR TelegramBuilder:19 - java.base/java.lang.reflect.Method.invoke(Method.java:580)
2025-10-01 17:13:09 [http-nio-8080-exec-2] ERROR TelegramBuilder:19 - org.springframework.web.method.support.InvocableHandlerMethod.doInvoke(InvocableHandlerMethod.java:205)
2025-10-01 17:13:09 [http-nio-8080-exec-2] ERROR TelegramBuilder:19 - org.springframework.web.method.support.InvocableHandlerMethod.invokeForRequest(InvocableHandlerMethod.java:150)
2025-10-01 17:13:09 [http-nio-8080-exec-2] ERROR TelegramBuilder:19 - org.springframework.web.servlet.mvc.method.annotation.ServletInvocableHandlerMethod.invokeAndHandle(ServletInvocableHandlerMethod.java:117)
2025-10-01 17:13:09 [http-nio-8080-exec-2] ERROR TelegramBuilder:19 - org.springframework.web.servlet.mvc.method.annotation.RequestMappingHandlerAdapter.invokeHandlerMethod(RequestMappingHandlerAdapter.java:895)
2025-10-01 17:13:09 [http-nio-8080-exec-2] ERROR TelegramBuilder:19 - org.springframework.web.servlet.mvc.method.annotation.RequestMappingHandlerAdapter.handleInternal(RequestMappingHandlerAdapter.java:808)
2025-10-01 17:13:09 [http-nio-8080-exec-2] ERROR TelegramBuilder:19 - org.springframework.web.servlet.mvc.method.AbstractHandlerMethodAdapter.handle(AbstractHandlerMethodAdapter.java:87)
2025-10-01 17:13:09 [http-nio-8080-exec-2] ERROR TelegramBuilder:19 - org.springframework.web.servlet.DispatcherServlet.doDispatch(DispatcherServlet.java:1072)
2025-10-01 17:13:09 [http-nio-8080-exec-2] ERROR TelegramBuilder:19 - org.springframework.web.servlet.DispatcherServlet.doService(DispatcherServlet.java:965)
2025-10-01 17:13:09 [http-nio-8080-exec-2] ERROR TelegramBuilder:19 - org.springframework.web.servlet.FrameworkServlet.processRequest(FrameworkServlet.java:1006)
2025-10-01 17:13:09 [http-nio-8080-exec-2] ERROR TelegramBuilder:19 - org.springframework.web.servlet.FrameworkServlet.doPost(FrameworkServlet.java:909)
2025-10-01 17:13:09 [http-nio-8080-exec-2] ERROR TelegramBuilder:19 - javax.servlet.http.HttpServlet.service(HttpServlet.java:555)
2025-10-01 17:13:09 [http-nio-8080-exec-2] ERROR TelegramBuilder:19 - org.springframework.web.servlet.FrameworkServlet.service(FrameworkServlet.java:883)
2025-10-01 17:13:09 [http-nio-8080-exec-2] ERROR TelegramBuilder:19 - javax.servlet.http.HttpServlet.service(HttpServlet.java:623)
2025-10-01 17:13:09 [http-nio-8080-exec-2] ERROR TelegramBuilder:19 - org.apache.catalina.core.ApplicationFilterChain.internalDoFilter(ApplicationFilterChain.java:209)
2025-10-01 17:13:09 [http-nio-8080-exec-2] ERROR TelegramBuilder:19 - org.apache.catalina.core.ApplicationFilterChain.doFilter(ApplicationFilterChain.java:153)
2025-10-01 17:13:09 [http-nio-8080-exec-2] ERROR TelegramBuilder:19 - org.apache.tomcat.websocket.server.WsFilter.doFilter(WsFilter.java:51)
2025-10-01 17:13:09 [http-nio-8080-exec-2] ERROR TelegramBuilder:19 - org.apache.catalina.core.ApplicationFilterChain.internalDoFilter(ApplicationFilterChain.java:178)
2025-10-01 17:13:09 [http-nio-8080-exec-2] ERROR TelegramBuilder:19 - org.apache.catalina.core.ApplicationFilterChain.doFilter(ApplicationFilterChain.java:153)
2025-10-01 17:13:09 [http-nio-8080-exec-2] ERROR TelegramBuilder:19 - org.springframework.web.filter.OncePerRequestFilter.doFilter(OncePerRequestFilter.java:111)
2025-10-01 17:13:09 [http-nio-8080-exec-2] ERROR TelegramBuilder:19 - org.apache.catalina.core.ApplicationFilterChain.internalDoFilter(ApplicationFilterChain.java:178)
2025-10-01 17:13:09 [http-nio-8080-exec-2] ERROR TelegramBuilder:19 - org.apache.catalina.core.ApplicationFilterChain.doFilter(ApplicationFilterChain.java:153)
2025-10-01 17:13:09 [http-nio-8080-exec-2] ERROR TelegramBuilder:19 - org.springframework.security.web.FilterChainProxy$VirtualFilterChain.doFilter(FilterChainProxy.java:337)
2025-10-01 17:13:09 [http-nio-8080-exec-2] ERROR TelegramBuilder:19 - org.springframework.security.web.access.intercept.AuthorizationFilter.doFilter(AuthorizationFilter.java:96)
2025-10-01 17:13:09 [http-nio-8080-exec-2] ERROR TelegramBuilder:19 - org.springframework.security.web.FilterChainProxy$VirtualFilterChain.doFilter(FilterChainProxy.java:346)
2025-10-01 17:13:09 [http-nio-8080-exec-2] ERROR TelegramBuilder:19 - org.springframework.security.web.access.ExceptionTranslationFilter.doFilter(ExceptionTranslationFilter.java:122)
2025-10-01 17:13:09 [http-nio-8080-exec-2] ERROR TelegramBuilder:19 - org.springframework.security.web.access.ExceptionTranslationFilter.doFilter(ExceptionTranslationFilter.java:116)
2025-10-01 17:13:09 [http-nio-8080-exec-2] ERROR TelegramBuilder:19 - org.springframework.security.web.FilterChainProxy$VirtualFilterChain.doFilter(FilterChainProxy.java:346)
2025-10-01 17:13:09 [http-nio-8080-exec-2] ERROR TelegramBuilder:19 - org.springframework.security.web.session.SessionManagementFilter.doFilter(SessionManagementFilter.java:126)
2025-10-01 17:13:09 [http-nio-8080-exec-2] ERROR TelegramBuilder:19 - org.springframework.security.web.session.SessionManagementFilter.doFilter(SessionManagementFilter.java:81)
2025-10-01 17:13:09 [http-nio-8080-exec-2] ERROR TelegramBuilder:19 - org.springframework.security.web.FilterChainProxy$VirtualFilterChain.doFilter(FilterChainProxy.java:346)
2025-10-01 17:13:09 [http-nio-8080-exec-2] ERROR TelegramBuilder:19 - org.springframework.security.web.authentication.AnonymousAuthenticationFilter.doFilter(AnonymousAuthenticationFilter.java:109)
2025-10-01 17:13:09 [http-nio-8080-exec-2] ERROR TelegramBuilder:19 - org.springframework.security.web.FilterChainProxy$VirtualFilterChain.doFilter(FilterChainProxy.java:346)
2025-10-01 17:13:09 [http-nio-8080-exec-2] ERROR TelegramBuilder:19 - org.springframework.security.web.servletapi.SecurityContextHolderAwareRequestFilter.doFilter(SecurityContextHolderAwareRequestFilter.java:149)
2025-10-01 17:13:09 [http-nio-8080-exec-2] ERROR TelegramBuilder:19 - org.springframework.security.web.FilterChainProxy$VirtualFilterChain.doFilter(FilterChainProxy.java:346)
2025-10-01 17:13:09 [http-nio-8080-exec-2] ERROR TelegramBuilder:19 - org.springframework.security.web.savedrequest.RequestCacheAwareFilter.doFilter(RequestCacheAwareFilter.java:63)
2025-10-01 17:13:09 [http-nio-8080-exec-2] ERROR TelegramBuilder:19 - org.springframework.security.web.FilterChainProxy$VirtualFilterChain.doFilter(FilterChainProxy.java:346)
2025-10-01 17:13:09 [http-nio-8080-exec-2] ERROR TelegramBuilder:19 - maas.bcap.security.JwtAuthFilter.doFilterInternal(JwtAuthFilter.java:70)
2025-10-01 17:13:09 [http-nio-8080-exec-2] ERROR TelegramBuilder:19 - org.springframework.web.filter.OncePerRequestFilter.doFilter(OncePerRequestFilter.java:117)
2025-10-01 17:13:09 [http-nio-8080-exec-2] ERROR TelegramBuilder:19 - org.springframework.security.web.FilterChainProxy$VirtualFilterChain.doFilter(FilterChainProxy.java:346)
2025-10-01 17:13:09 [http-nio-8080-exec-2] ERROR TelegramBuilder:19 - org.springframework.security.web.authentication.logout.LogoutFilter.doFilter(LogoutFilter.java:103)
2025-10-01 17:13:09 [http-nio-8080-exec-2] ERROR TelegramBuilder:19 - org.springframework.security.web.authentication.logout.LogoutFilter.doFilter(LogoutFilter.java:89)
2025-10-01 17:13:09 [http-nio-8080-exec-2] ERROR TelegramBuilder:19 - org.springframework.security.web.FilterChainProxy$VirtualFilterChain.doFilter(FilterChainProxy.java:346)
2025-10-01 17:13:09 [http-nio-8080-exec-2] ERROR TelegramBuilder:19 - org.springframework.web.filter.CorsFilter.doFilterInternal(CorsFilter.java:91)
2025-10-01 17:13:09 [http-nio-8080-exec-2] ERROR TelegramBuilder:19 - org.springframework.web.filter.OncePerRequestFilter.doFilter(OncePerRequestFilter.java:117)
2025-10-01 17:13:09 [http-nio-8080-exec-2] ERROR TelegramBuilder:19 - org.springframework.security.web.FilterChainProxy$VirtualFilterChain.doFilter(FilterChainProxy.java:346)
2025-10-01 17:13:09 [http-nio-8080-exec-2] ERROR TelegramBuilder:19 - org.springframework.security.web.header.HeaderWriterFilter.doHeadersAfter(HeaderWriterFilter.java:90)
2025-10-01 17:13:09 [http-nio-8080-exec-2] ERROR TelegramBuilder:19 - org.springframework.security.web.header.HeaderWriterFilter.doFilterInternal(HeaderWriterFilter.java:75)
2025-10-01 17:13:09 [http-nio-8080-exec-2] ERROR TelegramBuilder:19 - org.springframework.web.filter.OncePerRequestFilter.doFilter(OncePerRequestFilter.java:117)
2025-10-01 17:13:09 [http-nio-8080-exec-2] ERROR TelegramBuilder:19 - org.springframework.security.web.FilterChainProxy$VirtualFilterChain.doFilter(FilterChainProxy.java:346)
2025-10-01 17:13:09 [http-nio-8080-exec-2] ERROR TelegramBuilder:19 - org.springframework.security.web.context.SecurityContextPersistenceFilter.doFilter(SecurityContextPersistenceFilter.java:112)
2025-10-01 17:13:09 [http-nio-8080-exec-2] ERROR TelegramBuilder:19 - org.springframework.security.web.context.SecurityContextPersistenceFilter.doFilter(SecurityContextPersistenceFilter.java:82)
2025-10-01 17:13:09 [http-nio-8080-exec-2] ERROR TelegramBuilder:19 - org.springframework.security.web.FilterChainProxy$VirtualFilterChain.doFilter(FilterChainProxy.java:346)
2025-10-01 17:13:09 [http-nio-8080-exec-2] ERROR TelegramBuilder:19 - org.springframework.security.web.context.request.async.WebAsyncManagerIntegrationFilter.doFilterInternal(WebAsyncManagerIntegrationFilter.java:55)
2025-10-01 17:13:09 [http-nio-8080-exec-2] ERROR TelegramBuilder:19 - org.springframework.web.filter.OncePerRequestFilter.doFilter(OncePerRequestFilter.java:117)
2025-10-01 17:13:09 [http-nio-8080-exec-2] ERROR TelegramBuilder:19 - org.springframework.security.web.FilterChainProxy$VirtualFilterChain.doFilter(FilterChainProxy.java:346)
2025-10-01 17:13:09 [http-nio-8080-exec-2] ERROR TelegramBuilder:19 - org.springframework.security.web.session.DisableEncodeUrlFilter.doFilterInternal(DisableEncodeUrlFilter.java:42)
2025-10-01 17:13:09 [http-nio-8080-exec-2] ERROR TelegramBuilder:19 - org.springframework.web.filter.OncePerRequestFilter.doFilter(OncePerRequestFilter.java:117)
2025-10-01 17:13:09 [http-nio-8080-exec-2] ERROR TelegramBuilder:19 - org.springframework.security.web.FilterChainProxy$VirtualFilterChain.doFilter(FilterChainProxy.java:346)
2025-10-01 17:13:09 [http-nio-8080-exec-2] ERROR TelegramBuilder:19 - org.springframework.security.web.FilterChainProxy.doFilterInternal(FilterChainProxy.java:221)
2025-10-01 17:13:09 [http-nio-8080-exec-2] ERROR TelegramBuilder:19 - org.springframework.security.web.FilterChainProxy.doFilter(FilterChainProxy.java:186)
2025-10-01 17:13:09 [http-nio-8080-exec-2] ERROR TelegramBuilder:19 - org.springframework.web.filter.DelegatingFilterProxy.invokeDelegate(DelegatingFilterProxy.java:354)
2025-10-01 17:13:09 [http-nio-8080-exec-2] ERROR TelegramBuilder:19 - org.springframework.web.filter.DelegatingFilterProxy.doFilter(DelegatingFilterProxy.java:267)
2025-10-01 17:13:09 [http-nio-8080-exec-2] ERROR TelegramBuilder:19 - org.apache.catalina.core.ApplicationFilterChain.internalDoFilter(ApplicationFilterChain.java:178)
2025-10-01 17:13:09 [http-nio-8080-exec-2] ERROR TelegramBuilder:19 - org.apache.catalina.core.ApplicationFilterChain.doFilter(ApplicationFilterChain.java:153)
2025-10-01 17:13:09 [http-nio-8080-exec-2] ERROR TelegramBuilder:19 - org.springframework.web.filter.RequestContextFilter.doFilterInternal(RequestContextFilter.java:100)
2025-10-01 17:13:09 [http-nio-8080-exec-2] ERROR TelegramBuilder:19 - org.springframework.web.filter.OncePerRequestFilter.doFilter(OncePerRequestFilter.java:117)
2025-10-01 17:13:09 [http-nio-8080-exec-2] ERROR TelegramBuilder:19 - org.apache.catalina.core.ApplicationFilterChain.internalDoFilter(ApplicationFilterChain.java:178)
2025-10-01 17:13:09 [http-nio-8080-exec-2] ERROR TelegramBuilder:19 - org.apache.catalina.core.ApplicationFilterChain.doFilter(ApplicationFilterChain.java:153)
2025-10-01 17:13:09 [http-nio-8080-exec-2] ERROR TelegramBuilder:19 - org.springframework.web.filter.FormContentFilter.doFilterInternal(FormContentFilter.java:93)
2025-10-01 17:13:09 [http-nio-8080-exec-2] ERROR TelegramBuilder:19 - org.springframework.web.filter.OncePerRequestFilter.doFilter(OncePerRequestFilter.java:117)
2025-10-01 17:13:09 [http-nio-8080-exec-2] ERROR TelegramBuilder:19 - org.apache.catalina.core.ApplicationFilterChain.internalDoFilter(ApplicationFilterChain.java:178)
2025-10-01 17:13:09 [http-nio-8080-exec-2] ERROR TelegramBuilder:19 - org.apache.catalina.core.ApplicationFilterChain.doFilter(ApplicationFilterChain.java:153)
2025-10-01 17:13:09 [http-nio-8080-exec-2] ERROR TelegramBuilder:19 - org.springframework.web.filter.CharacterEncodingFilter.doFilterInternal(CharacterEncodingFilter.java:201)
2025-10-01 17:13:09 [http-nio-8080-exec-2] ERROR TelegramBuilder:19 - org.springframework.web.filter.OncePerRequestFilter.doFilter(OncePerRequestFilter.java:117)
2025-10-01 17:13:09 [http-nio-8080-exec-2] ERROR TelegramBuilder:19 - org.apache.catalina.core.ApplicationFilterChain.internalDoFilter(ApplicationFilterChain.java:178)
2025-10-01 17:13:09 [http-nio-8080-exec-2] ERROR TelegramBuilder:19 - org.apache.catalina.core.ApplicationFilterChain.doFilter(ApplicationFilterChain.java:153)
2025-10-01 17:13:09 [http-nio-8080-exec-2] ERROR TelegramBuilder:19 - org.apache.catalina.core.StandardWrapperValve.invoke(StandardWrapperValve.java:168)
2025-10-01 17:13:09 [http-nio-8080-exec-2] ERROR TelegramBuilder:19 - org.apache.catalina.core.StandardContextValve.invoke(StandardContextValve.java:90)
2025-10-01 17:13:09 [http-nio-8080-exec-2] ERROR TelegramBuilder:19 - org.apache.catalina.authenticator.AuthenticatorBase.invoke(AuthenticatorBase.java:481)
2025-10-01 17:13:09 [http-nio-8080-exec-2] ERROR TelegramBuilder:19 - org.apache.catalina.core.StandardHostValve.invoke(StandardHostValve.java:130)
2025-10-01 17:13:09 [http-nio-8080-exec-2] ERROR TelegramBuilder:19 - org.apache.catalina.valves.ErrorReportValve.invoke(ErrorReportValve.java:93)
2025-10-01 17:13:09 [http-nio-8080-exec-2] ERROR TelegramBuilder:19 - org.apache.catalina.core.StandardEngineValve.invoke(StandardEngineValve.java:74)
2025-10-01 17:13:09 [http-nio-8080-exec-2] ERROR TelegramBuilder:19 - org.apache.catalina.connector.CoyoteAdapter.service(CoyoteAdapter.java:342)
2025-10-01 17:13:09 [http-nio-8080-exec-2] ERROR TelegramBuilder:19 - org.apache.coyote.http11.Http11Processor.service(Http11Processor.java:390)
2025-10-01 17:13:09 [http-nio-8080-exec-2] ERROR TelegramBuilder:19 - org.apache.coyote.AbstractProcessorLight.process(AbstractProcessorLight.java:63)
2025-10-01 17:13:09 [http-nio-8080-exec-2] ERROR TelegramBuilder:19 - org.apache.coyote.AbstractProtocol$ConnectionHandler.process(AbstractProtocol.java:928)
2025-10-01 17:13:09 [http-nio-8080-exec-2] ERROR TelegramBuilder:19 - org.apache.tomcat.util.net.NioEndpoint$SocketProcessor.doRun(NioEndpoint.java:1794)
2025-10-01 17:13:09 [http-nio-8080-exec-2] ERROR TelegramBuilder:19 - org.apache.tomcat.util.net.SocketProcessorBase.run(SocketProcessorBase.java:52)
2025-10-01 17:13:09 [http-nio-8080-exec-2] ERROR TelegramBuilder:19 - org.apache.tomcat.util.threads.ThreadPoolExecutor.runWorker(ThreadPoolExecutor.java:1191)
2025-10-01 17:13:09 [http-nio-8080-exec-2] ERROR TelegramBuilder:19 - org.apache.tomcat.util.threads.ThreadPoolExecutor$Worker.run(ThreadPoolExecutor.java:659)
2025-10-01 17:13:09 [http-nio-8080-exec-2] ERROR TelegramBuilder:19 - org.apache.tomcat.util.threads.TaskThread$WrappingRunnable.run(TaskThread.java:61)
2025-10-01 17:13:09 [http-nio-8080-exec-2] ERROR TelegramBuilder:19 - java.base/java.lang.Thread.run(Thread.java:1583)
2025-10-01 17:13:09 [http-nio-8080-exec-2] INFO  InterfaceTelegram:25 - TelegramIn(header=TelegramHeader(msg_len=0, gid_sysname=LeRuccoLOQ, gid_yyyyymmdd=20251001, gid_hhmmss=171309, gid_seq=002, gid_pid=00000, gid_stat=00, tx_code=SAZ06F010U, inst_no=MTI, send_rspn_type=S, rspn_svc_code=, ori_global_id=LeRuccoL202510011713090020000000, ori_send_time=20251001171309000883, chnl_id=WEB, client_ip_no=0:0:0:0:0:0:0:1, client_mac=, scrn_id=FileUpload, scrn_lock_yn=N, op_id=1787130271, xa_begin_flag=0, send_time=20251001171309000883, rspn_time=, sync_type=A, async_rspn_yn=0, call_depth=0, msg_count_no=0, ttl_use_flag=0, ttl_from_time=, ttl=0, long_msg_type=1, err_flag=0, err_src=, err_type=, err_code=, dst_inst_code=, fail_knd=null, ap_host_name=null, ap_caller_id=null, inf_id=, lang_type=EN, reserved=), data=TelegramInData(dataType=D, length=0, reserved=null, data=FileInVo(attach_file_id=null, attach_file_clcd=div1, attach_file_expl=desc1, upd_yn=N, req_clcd=U1, sub1Vos=[FileInSub1Vo(attach_file_id=null, attach_file_seq_no=null, attach_file_clcd=null, del_yn=null, file_nm=279111.jpg, upl_file_size=222793, upl_file_nm=null, file_path=D:/bcap\div1, pfr_rank=0, inp_usr_id=1787130271, inp_pgm_id=FileUpload, chng_usr_id=null, chng_pgm_id=null)])), tail=@@)
2025-10-01 17:13:09 [http-nio-8080-exec-2] ERROR FileManagerService:89 - java.lang.reflect.InaccessibleObjectException: Unable to make field private static final long java.util.ArrayList.serialVersionUID accessible: module java.base does not "opens java.util" to unnamed module @5fcd892a
2025-10-01 17:13:09 [http-nio-8080-exec-2] ERROR FileManagerService:11 - java.lang.reflect.InaccessibleObjectException: Unable to make field private static final long java.util.ArrayList.serialVersionUID accessible: module java.base does not "opens java.util" to unnamed module @5fcd892a
2025-10-01 17:13:09 [http-nio-8080-exec-2] ERROR FileManagerService:19 - java.base/java.lang.reflect.AccessibleObject.throwInaccessibleObjectException(AccessibleObject.java:391)
2025-10-01 17:13:09 [http-nio-8080-exec-2] ERROR FileManagerService:19 - java.base/java.lang.reflect.AccessibleObject.checkCanSetAccessible(AccessibleObject.java:367)
2025-10-01 17:13:09 [http-nio-8080-exec-2] ERROR FileManagerService:19 - java.base/java.lang.reflect.AccessibleObject.checkCanSetAccessible(AccessibleObject.java:315)
2025-10-01 17:13:09 [http-nio-8080-exec-2] ERROR FileManagerService:19 - java.base/java.lang.reflect.Field.checkCanSetAccessible(Field.java:183)
2025-10-01 17:13:09 [http-nio-8080-exec-2] ERROR FileManagerService:19 - java.base/java.lang.reflect.Field.setAccessible(Field.java:177)
2025-10-01 17:13:09 [http-nio-8080-exec-2] ERROR FileManagerService:19 - mti.com.telegram.util.TelegramUtil.getPacketSize(TelegramUtil.java:331)
2025-10-01 17:13:09 [http-nio-8080-exec-2] ERROR FileManagerService:19 - mti.com.telegram.util.TelegramUtil.getPacketSize(TelegramUtil.java:351)
2025-10-01 17:13:09 [http-nio-8080-exec-2] ERROR FileManagerService:19 - mti.com.telegram.util.TelegramUtil.getPacketSize(TelegramUtil.java:365)
2025-10-01 17:13:09 [http-nio-8080-exec-2] ERROR FileManagerService:19 - mti.com.telegram.util.TelegramUtil.getPacketSize(TelegramUtil.java:365)
2025-10-01 17:13:09 [http-nio-8080-exec-2] ERROR FileManagerService:19 - mti.com.telegram.mapping.ByteEncoder.convertObjectToBytes(ByteEncoder.java:32)
2025-10-01 17:13:09 [http-nio-8080-exec-2] ERROR FileManagerService:19 - mti.com.telegram.util.InterfaceTelegram.interfaceTuxedo(InterfaceTelegram.java:26)
2025-10-01 17:13:09 [http-nio-8080-exec-2] ERROR FileManagerService:19 - maas.bcap.common.ServiceSupport.tuxedoTransaction(ServiceSupport.java:63)
2025-10-01 17:13:09 [http-nio-8080-exec-2] ERROR FileManagerService:19 - maas.bcap.service.FileManagerService.interfaceTuxedo(FileManagerService.java:81)
2025-10-01 17:13:09 [http-nio-8080-exec-2] ERROR FileManagerService:19 - maas.bcap.service.FileManagerService.saveFilesToDevonC(FileManagerService.java:34)
2025-10-01 17:13:09 [http-nio-8080-exec-2] ERROR FileManagerService:19 - maas.bcap.service.FileUploadService.registerNewFiles(FileUploadService.java:136)
2025-10-01 17:13:09 [http-nio-8080-exec-2] ERROR FileManagerService:19 - maas.bcap.service.FileUploadService.upload(FileUploadService.java:77)
2025-10-01 17:13:09 [http-nio-8080-exec-2] ERROR FileManagerService:19 - maas.bcap.controller.FileManagerController.upload(FileManagerController.java:47)
2025-10-01 17:13:09 [http-nio-8080-exec-2] ERROR FileManagerService:19 - java.base/jdk.internal.reflect.DirectMethodHandleAccessor.invoke(DirectMethodHandleAccessor.java:103)
2025-10-01 17:13:09 [http-nio-8080-exec-2] ERROR FileManagerService:19 - java.base/java.lang.reflect.Method.invoke(Method.java:580)
2025-10-01 17:13:09 [http-nio-8080-exec-2] ERROR FileManagerService:19 - org.springframework.web.method.support.InvocableHandlerMethod.doInvoke(InvocableHandlerMethod.java:205)
2025-10-01 17:13:09 [http-nio-8080-exec-2] ERROR FileManagerService:19 - org.springframework.web.method.support.InvocableHandlerMethod.invokeForRequest(InvocableHandlerMethod.java:150)
2025-10-01 17:13:09 [http-nio-8080-exec-2] ERROR FileManagerService:19 - org.springframework.web.servlet.mvc.method.annotation.ServletInvocableHandlerMethod.invokeAndHandle(ServletInvocableHandlerMethod.java:117)
2025-10-01 17:13:09 [http-nio-8080-exec-2] ERROR FileManagerService:19 - org.springframework.web.servlet.mvc.method.annotation.RequestMappingHandlerAdapter.invokeHandlerMethod(RequestMappingHandlerAdapter.java:895)
2025-10-01 17:13:09 [http-nio-8080-exec-2] ERROR FileManagerService:19 - org.springframework.web.servlet.mvc.method.annotation.RequestMappingHandlerAdapter.handleInternal(RequestMappingHandlerAdapter.java:808)
2025-10-01 17:13:09 [http-nio-8080-exec-2] ERROR FileManagerService:19 - org.springframework.web.servlet.mvc.method.AbstractHandlerMethodAdapter.handle(AbstractHandlerMethodAdapter.java:87)
2025-10-01 17:13:09 [http-nio-8080-exec-2] ERROR FileManagerService:19 - org.springframework.web.servlet.DispatcherServlet.doDispatch(DispatcherServlet.java:1072)
2025-10-01 17:13:09 [http-nio-8080-exec-2] ERROR FileManagerService:19 - org.springframework.web.servlet.DispatcherServlet.doService(DispatcherServlet.java:965)
2025-10-01 17:13:09 [http-nio-8080-exec-2] ERROR FileManagerService:19 - org.springframework.web.servlet.FrameworkServlet.processRequest(FrameworkServlet.java:1006)
2025-10-01 17:13:09 [http-nio-8080-exec-2] ERROR FileManagerService:19 - org.springframework.web.servlet.FrameworkServlet.doPost(FrameworkServlet.java:909)
2025-10-01 17:13:09 [http-nio-8080-exec-2] ERROR FileManagerService:19 - javax.servlet.http.HttpServlet.service(HttpServlet.java:555)
2025-10-01 17:13:09 [http-nio-8080-exec-2] ERROR FileManagerService:19 - org.springframework.web.servlet.FrameworkServlet.service(FrameworkServlet.java:883)
2025-10-01 17:13:09 [http-nio-8080-exec-2] ERROR FileManagerService:19 - javax.servlet.http.HttpServlet.service(HttpServlet.java:623)
2025-10-01 17:13:09 [http-nio-8080-exec-2] ERROR FileManagerService:19 - org.apache.catalina.core.ApplicationFilterChain.internalDoFilter(ApplicationFilterChain.java:209)
2025-10-01 17:13:09 [http-nio-8080-exec-2] ERROR FileManagerService:19 - org.apache.catalina.core.ApplicationFilterChain.doFilter(ApplicationFilterChain.java:153)
2025-10-01 17:13:09 [http-nio-8080-exec-2] ERROR FileManagerService:19 - org.apache.tomcat.websocket.server.WsFilter.doFilter(WsFilter.java:51)
2025-10-01 17:13:09 [http-nio-8080-exec-2] ERROR FileManagerService:19 - org.apache.catalina.core.ApplicationFilterChain.internalDoFilter(ApplicationFilterChain.java:178)
2025-10-01 17:13:09 [http-nio-8080-exec-2] ERROR FileManagerService:19 - org.apache.catalina.core.ApplicationFilterChain.doFilter(ApplicationFilterChain.java:153)
2025-10-01 17:13:09 [http-nio-8080-exec-2] ERROR FileManagerService:19 - org.springframework.web.filter.OncePerRequestFilter.doFilter(OncePerRequestFilter.java:111)
2025-10-01 17:13:09 [http-nio-8080-exec-2] ERROR FileManagerService:19 - org.apache.catalina.core.ApplicationFilterChain.internalDoFilter(ApplicationFilterChain.java:178)
2025-10-01 17:13:09 [http-nio-8080-exec-2] ERROR FileManagerService:19 - org.apache.catalina.core.ApplicationFilterChain.doFilter(ApplicationFilterChain.java:153)
2025-10-01 17:13:09 [http-nio-8080-exec-2] ERROR FileManagerService:19 - org.springframework.security.web.FilterChainProxy$VirtualFilterChain.doFilter(FilterChainProxy.java:337)
2025-10-01 17:13:09 [http-nio-8080-exec-2] ERROR FileManagerService:19 - org.springframework.security.web.access.intercept.AuthorizationFilter.doFilter(AuthorizationFilter.java:96)
2025-10-01 17:13:09 [http-nio-8080-exec-2] ERROR FileManagerService:19 - org.springframework.security.web.FilterChainProxy$VirtualFilterChain.doFilter(FilterChainProxy.java:346)
2025-10-01 17:13:09 [http-nio-8080-exec-2] ERROR FileManagerService:19 - org.springframework.security.web.access.ExceptionTranslationFilter.doFilter(ExceptionTranslationFilter.java:122)
2025-10-01 17:13:09 [http-nio-8080-exec-2] ERROR FileManagerService:19 - org.springframework.security.web.access.ExceptionTranslationFilter.doFilter(ExceptionTranslationFilter.java:116)
2025-10-01 17:13:09 [http-nio-8080-exec-2] ERROR FileManagerService:19 - org.springframework.security.web.FilterChainProxy$VirtualFilterChain.doFilter(FilterChainProxy.java:346)
2025-10-01 17:13:09 [http-nio-8080-exec-2] ERROR FileManagerService:19 - org.springframework.security.web.session.SessionManagementFilter.doFilter(SessionManagementFilter.java:126)
2025-10-01 17:13:09 [http-nio-8080-exec-2] ERROR FileManagerService:19 - org.springframework.security.web.session.SessionManagementFilter.doFilter(SessionManagementFilter.java:81)
2025-10-01 17:13:09 [http-nio-8080-exec-2] ERROR FileManagerService:19 - org.springframework.security.web.FilterChainProxy$VirtualFilterChain.doFilter(FilterChainProxy.java:346)
2025-10-01 17:13:09 [http-nio-8080-exec-2] ERROR FileManagerService:19 - org.springframework.security.web.authentication.AnonymousAuthenticationFilter.doFilter(AnonymousAuthenticationFilter.java:109)
2025-10-01 17:13:09 [http-nio-8080-exec-2] ERROR FileManagerService:19 - org.springframework.security.web.FilterChainProxy$VirtualFilterChain.doFilter(FilterChainProxy.java:346)
2025-10-01 17:13:09 [http-nio-8080-exec-2] ERROR FileManagerService:19 - org.springframework.security.web.servletapi.SecurityContextHolderAwareRequestFilter.doFilter(SecurityContextHolderAwareRequestFilter.java:149)
2025-10-01 17:13:09 [http-nio-8080-exec-2] ERROR FileManagerService:19 - org.springframework.security.web.FilterChainProxy$VirtualFilterChain.doFilter(FilterChainProxy.java:346)
2025-10-01 17:13:09 [http-nio-8080-exec-2] ERROR FileManagerService:19 - org.springframework.security.web.savedrequest.RequestCacheAwareFilter.doFilter(RequestCacheAwareFilter.java:63)
2025-10-01 17:13:09 [http-nio-8080-exec-2] ERROR FileManagerService:19 - org.springframework.security.web.FilterChainProxy$VirtualFilterChain.doFilter(FilterChainProxy.java:346)
2025-10-01 17:13:09 [http-nio-8080-exec-2] ERROR FileManagerService:19 - maas.bcap.security.JwtAuthFilter.doFilterInternal(JwtAuthFilter.java:70)
2025-10-01 17:13:09 [http-nio-8080-exec-2] ERROR FileManagerService:19 - org.springframework.web.filter.OncePerRequestFilter.doFilter(OncePerRequestFilter.java:117)
2025-10-01 17:13:09 [http-nio-8080-exec-2] ERROR FileManagerService:19 - org.springframework.security.web.FilterChainProxy$VirtualFilterChain.doFilter(FilterChainProxy.java:346)
2025-10-01 17:13:09 [http-nio-8080-exec-2] ERROR FileManagerService:19 - org.springframework.security.web.authentication.logout.LogoutFilter.doFilter(LogoutFilter.java:103)
2025-10-01 17:13:09 [http-nio-8080-exec-2] ERROR FileManagerService:19 - org.springframework.security.web.authentication.logout.LogoutFilter.doFilter(LogoutFilter.java:89)
2025-10-01 17:13:09 [http-nio-8080-exec-2] ERROR FileManagerService:19 - org.springframework.security.web.FilterChainProxy$VirtualFilterChain.doFilter(FilterChainProxy.java:346)
2025-10-01 17:13:09 [http-nio-8080-exec-2] ERROR FileManagerService:19 - org.springframework.web.filter.CorsFilter.doFilterInternal(CorsFilter.java:91)
2025-10-01 17:13:09 [http-nio-8080-exec-2] ERROR FileManagerService:19 - org.springframework.web.filter.OncePerRequestFilter.doFilter(OncePerRequestFilter.java:117)
2025-10-01 17:13:09 [http-nio-8080-exec-2] ERROR FileManagerService:19 - org.springframework.security.web.FilterChainProxy$VirtualFilterChain.doFilter(FilterChainProxy.java:346)
2025-10-01 17:13:09 [http-nio-8080-exec-2] ERROR FileManagerService:19 - org.springframework.security.web.header.HeaderWriterFilter.doHeadersAfter(HeaderWriterFilter.java:90)
2025-10-01 17:13:09 [http-nio-8080-exec-2] ERROR FileManagerService:19 - org.springframework.security.web.header.HeaderWriterFilter.doFilterInternal(HeaderWriterFilter.java:75)
2025-10-01 17:13:09 [http-nio-8080-exec-2] ERROR FileManagerService:19 - org.springframework.web.filter.OncePerRequestFilter.doFilter(OncePerRequestFilter.java:117)
2025-10-01 17:13:09 [http-nio-8080-exec-2] ERROR FileManagerService:19 - org.springframework.security.web.FilterChainProxy$VirtualFilterChain.doFilter(FilterChainProxy.java:346)
2025-10-01 17:13:09 [http-nio-8080-exec-2] ERROR FileManagerService:19 - org.springframework.security.web.context.SecurityContextPersistenceFilter.doFilter(SecurityContextPersistenceFilter.java:112)
2025-10-01 17:13:09 [http-nio-8080-exec-2] ERROR FileManagerService:19 - org.springframework.security.web.context.SecurityContextPersistenceFilter.doFilter(SecurityContextPersistenceFilter.java:82)
2025-10-01 17:13:09 [http-nio-8080-exec-2] ERROR FileManagerService:19 - org.springframework.security.web.FilterChainProxy$VirtualFilterChain.doFilter(FilterChainProxy.java:346)
2025-10-01 17:13:09 [http-nio-8080-exec-2] ERROR FileManagerService:19 - org.springframework.security.web.context.request.async.WebAsyncManagerIntegrationFilter.doFilterInternal(WebAsyncManagerIntegrationFilter.java:55)
2025-10-01 17:13:09 [http-nio-8080-exec-2] ERROR FileManagerService:19 - org.springframework.web.filter.OncePerRequestFilter.doFilter(OncePerRequestFilter.java:117)
2025-10-01 17:13:09 [http-nio-8080-exec-2] ERROR FileManagerService:19 - org.springframework.security.web.FilterChainProxy$VirtualFilterChain.doFilter(FilterChainProxy.java:346)
2025-10-01 17:13:09 [http-nio-8080-exec-2] ERROR FileManagerService:19 - org.springframework.security.web.session.DisableEncodeUrlFilter.doFilterInternal(DisableEncodeUrlFilter.java:42)
2025-10-01 17:13:09 [http-nio-8080-exec-2] ERROR FileManagerService:19 - org.springframework.web.filter.OncePerRequestFilter.doFilter(OncePerRequestFilter.java:117)
2025-10-01 17:13:09 [http-nio-8080-exec-2] ERROR FileManagerService:19 - org.springframework.security.web.FilterChainProxy$VirtualFilterChain.doFilter(FilterChainProxy.java:346)
2025-10-01 17:13:09 [http-nio-8080-exec-2] ERROR FileManagerService:19 - org.springframework.security.web.FilterChainProxy.doFilterInternal(FilterChainProxy.java:221)
2025-10-01 17:13:09 [http-nio-8080-exec-2] ERROR FileManagerService:19 - org.springframework.security.web.FilterChainProxy.doFilter(FilterChainProxy.java:186)
2025-10-01 17:13:09 [http-nio-8080-exec-2] ERROR FileManagerService:19 - org.springframework.web.filter.DelegatingFilterProxy.invokeDelegate(DelegatingFilterProxy.java:354)
2025-10-01 17:13:09 [http-nio-8080-exec-2] ERROR FileManagerService:19 - org.springframework.web.filter.DelegatingFilterProxy.doFilter(DelegatingFilterProxy.java:267)
2025-10-01 17:13:09 [http-nio-8080-exec-2] ERROR FileManagerService:19 - org.apache.catalina.core.ApplicationFilterChain.internalDoFilter(ApplicationFilterChain.java:178)
2025-10-01 17:13:09 [http-nio-8080-exec-2] ERROR FileManagerService:19 - org.apache.catalina.core.ApplicationFilterChain.doFilter(ApplicationFilterChain.java:153)
2025-10-01 17:13:09 [http-nio-8080-exec-2] ERROR FileManagerService:19 - org.springframework.web.filter.RequestContextFilter.doFilterInternal(RequestContextFilter.java:100)
2025-10-01 17:13:09 [http-nio-8080-exec-2] ERROR FileManagerService:19 - org.springframework.web.filter.OncePerRequestFilter.doFilter(OncePerRequestFilter.java:117)
2025-10-01 17:13:09 [http-nio-8080-exec-2] ERROR FileManagerService:19 - org.apache.catalina.core.ApplicationFilterChain.internalDoFilter(ApplicationFilterChain.java:178)
2025-10-01 17:13:09 [http-nio-8080-exec-2] ERROR FileManagerService:19 - org.apache.catalina.core.ApplicationFilterChain.doFilter(ApplicationFilterChain.java:153)
2025-10-01 17:13:09 [http-nio-8080-exec-2] ERROR FileManagerService:19 - org.springframework.web.filter.FormContentFilter.doFilterInternal(FormContentFilter.java:93)
2025-10-01 17:13:09 [http-nio-8080-exec-2] ERROR FileManagerService:19 - org.springframework.web.filter.OncePerRequestFilter.doFilter(OncePerRequestFilter.java:117)
2025-10-01 17:13:09 [http-nio-8080-exec-2] ERROR FileManagerService:19 - org.apache.catalina.core.ApplicationFilterChain.internalDoFilter(ApplicationFilterChain.java:178)
2025-10-01 17:13:09 [http-nio-8080-exec-2] ERROR FileManagerService:19 - org.apache.catalina.core.ApplicationFilterChain.doFilter(ApplicationFilterChain.java:153)
2025-10-01 17:13:09 [http-nio-8080-exec-2] ERROR FileManagerService:19 - org.springframework.web.filter.CharacterEncodingFilter.doFilterInternal(CharacterEncodingFilter.java:201)
2025-10-01 17:13:09 [http-nio-8080-exec-2] ERROR FileManagerService:19 - org.springframework.web.filter.OncePerRequestFilter.doFilter(OncePerRequestFilter.java:117)
2025-10-01 17:13:09 [http-nio-8080-exec-2] ERROR FileManagerService:19 - org.apache.catalina.core.ApplicationFilterChain.internalDoFilter(ApplicationFilterChain.java:178)
2025-10-01 17:13:09 [http-nio-8080-exec-2] ERROR FileManagerService:19 - org.apache.catalina.core.ApplicationFilterChain.doFilter(ApplicationFilterChain.java:153)
2025-10-01 17:13:09 [http-nio-8080-exec-2] ERROR FileManagerService:19 - org.apache.catalina.core.StandardWrapperValve.invoke(StandardWrapperValve.java:168)
2025-10-01 17:13:09 [http-nio-8080-exec-2] ERROR FileManagerService:19 - org.apache.catalina.core.StandardContextValve.invoke(StandardContextValve.java:90)
2025-10-01 17:13:09 [http-nio-8080-exec-2] ERROR FileManagerService:19 - org.apache.catalina.authenticator.AuthenticatorBase.invoke(AuthenticatorBase.java:481)
2025-10-01 17:13:09 [http-nio-8080-exec-2] ERROR FileManagerService:19 - org.apache.catalina.core.StandardHostValve.invoke(StandardHostValve.java:130)
2025-10-01 17:13:09 [http-nio-8080-exec-2] ERROR FileManagerService:19 - org.apache.catalina.valves.ErrorReportValve.invoke(ErrorReportValve.java:93)
2025-10-01 17:13:09 [http-nio-8080-exec-2] ERROR FileManagerService:19 - org.apache.catalina.core.StandardEngineValve.invoke(StandardEngineValve.java:74)
2025-10-01 17:13:09 [http-nio-8080-exec-2] ERROR FileManagerService:19 - org.apache.catalina.connector.CoyoteAdapter.service(CoyoteAdapter.java:342)
2025-10-01 17:13:09 [http-nio-8080-exec-2] ERROR FileManagerService:19 - org.apache.coyote.http11.Http11Processor.service(Http11Processor.java:390)
2025-10-01 17:13:09 [http-nio-8080-exec-2] ERROR FileManagerService:19 - org.apache.coyote.AbstractProcessorLight.process(AbstractProcessorLight.java:63)
2025-10-01 17:13:09 [http-nio-8080-exec-2] ERROR FileManagerService:19 - org.apache.coyote.AbstractProtocol$ConnectionHandler.process(AbstractProtocol.java:928)
2025-10-01 17:13:09 [http-nio-8080-exec-2] ERROR FileManagerService:19 - org.apache.tomcat.util.net.NioEndpoint$SocketProcessor.doRun(NioEndpoint.java:1794)
2025-10-01 17:13:09 [http-nio-8080-exec-2] ERROR FileManagerService:19 - org.apache.tomcat.util.net.SocketProcessorBase.run(SocketProcessorBase.java:52)
2025-10-01 17:13:09 [http-nio-8080-exec-2] ERROR FileManagerService:19 - org.apache.tomcat.util.threads.ThreadPoolExecutor.runWorker(ThreadPoolExecutor.java:1191)
2025-10-01 17:13:09 [http-nio-8080-exec-2] ERROR FileManagerService:19 - org.apache.tomcat.util.threads.ThreadPoolExecutor$Worker.run(ThreadPoolExecutor.java:659)
2025-10-01 17:13:09 [http-nio-8080-exec-2] ERROR FileManagerService:19 - org.apache.tomcat.util.threads.TaskThread$WrappingRunnable.run(TaskThread.java:61)
2025-10-01 17:13:09 [http-nio-8080-exec-2] ERROR FileManagerService:19 - java.base/java.lang.Thread.run(Thread.java:1583)
2025-10-01 17:13:09 [http-nio-8080-exec-2] ERROR [dispatcherServlet]:175 - Servlet.service() for servlet [dispatcherServlet] in context with path [] threw exception [Request processing failed; nested exception is java.lang.reflect.InaccessibleObjectException: Unable to make field private static final long java.util.ArrayList.serialVersionUID accessible: module java.base does not "opens java.util" to unnamed module @5fcd892a] with root cause
java.lang.reflect.InaccessibleObjectException: Unable to make field private static final long java.util.ArrayList.serialVersionUID accessible: module java.base does not "opens java.util" to unnamed module @5fcd892a
	at java.lang.reflect.AccessibleObject.throwInaccessibleObjectException(AccessibleObject.java:391) ~[?:?]
	at java.lang.reflect.AccessibleObject.checkCanSetAccessible(AccessibleObject.java:367) ~[?:?]
	at java.lang.reflect.AccessibleObject.checkCanSetAccessible(AccessibleObject.java:315) ~[?:?]
	at java.lang.reflect.Field.checkCanSetAccessible(Field.java:183) ~[?:?]
	at java.lang.reflect.Field.setAccessible(Field.java:177) ~[?:?]
	at mti.com.telegram.util.TelegramUtil.getPacketSize(TelegramUtil.java:331) ~[classes/:?]
	at mti.com.telegram.util.TelegramUtil.getPacketSize(TelegramUtil.java:351) ~[classes/:?]
	at mti.com.telegram.util.TelegramUtil.getPacketSize(TelegramUtil.java:365) ~[classes/:?]
	at mti.com.telegram.util.TelegramUtil.getPacketSize(TelegramUtil.java:365) ~[classes/:?]
	at mti.com.telegram.mapping.ByteEncoder.convertObjectToBytes(ByteEncoder.java:32) ~[classes/:?]
	at mti.com.telegram.util.InterfaceTelegram.interfaceTuxedo(InterfaceTelegram.java:26) ~[classes/:?]
	at maas.bcap.common.ServiceSupport.tuxedoTransaction(ServiceSupport.java:63) ~[classes/:?]
	at maas.bcap.service.FileManagerService.interfaceTuxedo(FileManagerService.java:81) ~[classes/:?]
	at maas.bcap.service.FileManagerService.saveFilesToDevonC(FileManagerService.java:34) ~[classes/:?]
	at maas.bcap.service.FileUploadService.registerNewFiles(FileUploadService.java:136) ~[classes/:?]
	at maas.bcap.service.FileUploadService.upload(FileUploadService.java:77) ~[classes/:?]
	at maas.bcap.controller.FileManagerController.upload(FileManagerController.java:47) ~[classes/:?]
	at jdk.internal.reflect.DirectMethodHandleAccessor.invoke(DirectMethodHandleAccessor.java:103) ~[?:?]
	at java.lang.reflect.Method.invoke(Method.java:580) ~[?:?]
	at org.springframework.web.method.support.InvocableHandlerMethod.doInvoke(InvocableHandlerMethod.java:205) ~[spring-web-5.3.31.jar:5.3.31]
	at org.springframework.web.method.support.InvocableHandlerMethod.invokeForRequest(InvocableHandlerMethod.java:150) ~[spring-web-5.3.31.jar:5.3.31]
	at org.springframework.web.servlet.mvc.method.annotation.ServletInvocableHandlerMethod.invokeAndHandle(ServletInvocableHandlerMethod.java:117) ~[spring-webmvc-5.3.31.jar:5.3.31]
	at org.springframework.web.servlet.mvc.method.annotation.RequestMappingHandlerAdapter.invokeHandlerMethod(RequestMappingHandlerAdapter.java:895) ~[spring-webmvc-5.3.31.jar:5.3.31]
	at org.springframework.web.servlet.mvc.method.annotation.RequestMappingHandlerAdapter.handleInternal(RequestMappingHandlerAdapter.java:808) ~[spring-webmvc-5.3.31.jar:5.3.31]
	at org.springframework.web.servlet.mvc.method.AbstractHandlerMethodAdapter.handle(AbstractHandlerMethodAdapter.java:87) ~[spring-webmvc-5.3.31.jar:5.3.31]
	at org.springframework.web.servlet.DispatcherServlet.doDispatch(DispatcherServlet.java:1072) ~[spring-webmvc-5.3.31.jar:5.3.31]
	at org.springframework.web.servlet.DispatcherServlet.doService(DispatcherServlet.java:965) ~[spring-webmvc-5.3.31.jar:5.3.31]
	at org.springframework.web.servlet.FrameworkServlet.processRequest(FrameworkServlet.java:1006) ~[spring-webmvc-5.3.31.jar:5.3.31]
	at org.springframework.web.servlet.FrameworkServlet.doPost(FrameworkServlet.java:909) ~[spring-webmvc-5.3.31.jar:5.3.31]
	at javax.servlet.http.HttpServlet.service(HttpServlet.java:555) ~[tomcat-embed-core-9.0.83.jar:4.0.FR]
	at org.springframework.web.servlet.FrameworkServlet.service(FrameworkServlet.java:883) ~[spring-webmvc-5.3.31.jar:5.3.31]
	at javax.servlet.http.HttpServlet.service(HttpServlet.java:623) ~[tomcat-embed-core-9.0.83.jar:4.0.FR]
	at org.apache.catalina.core.ApplicationFilterChain.internalDoFilter(ApplicationFilterChain.java:209) ~[tomcat-embed-core-9.0.83.jar:9.0.83]
	at org.apache.catalina.core.ApplicationFilterChain.doFilter(ApplicationFilterChain.java:153) ~[tomcat-embed-core-9.0.83.jar:9.0.83]
	at org.apache.tomcat.websocket.server.WsFilter.doFilter(WsFilter.java:51) ~[tomcat-embed-websocket-9.0.83.jar:9.0.83]
	at org.apache.catalina.core.ApplicationFilterChain.internalDoFilter(ApplicationFilterChain.java:178) ~[tomcat-embed-core-9.0.83.jar:9.0.83]
	at org.apache.catalina.core.ApplicationFilterChain.doFilter(ApplicationFilterChain.java:153) ~[tomcat-embed-core-9.0.83.jar:9.0.83]
	at org.springframework.web.filter.OncePerRequestFilter.doFilter(OncePerRequestFilter.java:111) ~[spring-web-5.3.31.jar:5.3.31]
	at org.apache.catalina.core.ApplicationFilterChain.internalDoFilter(ApplicationFilterChain.java:178) ~[tomcat-embed-core-9.0.83.jar:9.0.83]
	at org.apache.catalina.core.ApplicationFilterChain.doFilter(ApplicationFilterChain.java:153) ~[tomcat-embed-core-9.0.83.jar:9.0.83]
	at org.springframework.security.web.FilterChainProxy$VirtualFilterChain.doFilter(FilterChainProxy.java:337) ~[spring-security-web-5.7.11.jar:5.7.11]
	at org.springframework.security.web.access.intercept.AuthorizationFilter.doFilter(AuthorizationFilter.java:96) ~[spring-security-web-5.7.11.jar:5.7.11]
	at org.springframework.security.web.FilterChainProxy$VirtualFilterChain.doFilter(FilterChainProxy.java:346) ~[spring-security-web-5.7.11.jar:5.7.11]
	at org.springframework.security.web.access.ExceptionTranslationFilter.doFilter(ExceptionTranslationFilter.java:122) ~[spring-security-web-5.7.11.jar:5.7.11]
	at org.springframework.security.web.access.ExceptionTranslationFilter.doFilter(ExceptionTranslationFilter.java:116) ~[spring-security-web-5.7.11.jar:5.7.11]
	at org.springframework.security.web.FilterChainProxy$VirtualFilterChain.doFilter(FilterChainProxy.java:346) ~[spring-security-web-5.7.11.jar:5.7.11]
	at org.springframework.security.web.session.SessionManagementFilter.doFilter(SessionManagementFilter.java:126) ~[spring-security-web-5.7.11.jar:5.7.11]
	at org.springframework.security.web.session.SessionManagementFilter.doFilter(SessionManagementFilter.java:81) ~[spring-security-web-5.7.11.jar:5.7.11]
	at org.springframework.security.web.FilterChainProxy$VirtualFilterChain.doFilter(FilterChainProxy.java:346) ~[spring-security-web-5.7.11.jar:5.7.11]
	at org.springframework.security.web.authentication.AnonymousAuthenticationFilter.doFilter(AnonymousAuthenticationFilter.java:109) ~[spring-security-web-5.7.11.jar:5.7.11]
	at org.springframework.security.web.FilterChainProxy$VirtualFilterChain.doFilter(FilterChainProxy.java:346) ~[spring-security-web-5.7.11.jar:5.7.11]
	at org.springframework.security.web.servletapi.SecurityContextHolderAwareRequestFilter.doFilter(SecurityContextHolderAwareRequestFilter.java:149) ~[spring-security-web-5.7.11.jar:5.7.11]
	at org.springframework.security.web.FilterChainProxy$VirtualFilterChain.doFilter(FilterChainProxy.java:346) ~[spring-security-web-5.7.11.jar:5.7.11]
	at org.springframework.security.web.savedrequest.RequestCacheAwareFilter.doFilter(RequestCacheAwareFilter.java:63) ~[spring-security-web-5.7.11.jar:5.7.11]
	at org.springframework.security.web.FilterChainProxy$VirtualFilterChain.doFilter(FilterChainProxy.java:346) ~[spring-security-web-5.7.11.jar:5.7.11]
	at maas.bcap.security.JwtAuthFilter.doFilterInternal(JwtAuthFilter.java:70) ~[classes/:?]
	at org.springframework.web.filter.OncePerRequestFilter.doFilter(OncePerRequestFilter.java:117) ~[spring-web-5.3.31.jar:5.3.31]
	at org.springframework.security.web.FilterChainProxy$VirtualFilterChain.doFilter(FilterChainProxy.java:346) ~[spring-security-web-5.7.11.jar:5.7.11]
	at org.springframework.security.web.authentication.logout.LogoutFilter.doFilter(LogoutFilter.java:103) ~[spring-security-web-5.7.11.jar:5.7.11]
	at org.springframework.security.web.authentication.logout.LogoutFilter.doFilter(LogoutFilter.java:89) ~[spring-security-web-5.7.11.jar:5.7.11]
	at org.springframework.security.web.FilterChainProxy$VirtualFilterChain.doFilter(FilterChainProxy.java:346) ~[spring-security-web-5.7.11.jar:5.7.11]
	at org.springframework.web.filter.CorsFilter.doFilterInternal(CorsFilter.java:91) ~[spring-web-5.3.31.jar:5.3.31]
	at org.springframework.web.filter.OncePerRequestFilter.doFilter(OncePerRequestFilter.java:117) ~[spring-web-5.3.31.jar:5.3.31]
	at org.springframework.security.web.FilterChainProxy$VirtualFilterChain.doFilter(FilterChainProxy.java:346) ~[spring-security-web-5.7.11.jar:5.7.11]
	at org.springframework.security.web.header.HeaderWriterFilter.doHeadersAfter(HeaderWriterFilter.java:90) ~[spring-security-web-5.7.11.jar:5.7.11]
	at org.springframework.security.web.header.HeaderWriterFilter.doFilterInternal(HeaderWriterFilter.java:75) ~[spring-security-web-5.7.11.jar:5.7.11]
	at org.springframework.web.filter.OncePerRequestFilter.doFilter(OncePerRequestFilter.java:117) ~[spring-web-5.3.31.jar:5.3.31]
	at org.springframework.security.web.FilterChainProxy$VirtualFilterChain.doFilter(FilterChainProxy.java:346) ~[spring-security-web-5.7.11.jar:5.7.11]
	at org.springframework.security.web.context.SecurityContextPersistenceFilter.doFilter(SecurityContextPersistenceFilter.java:112) ~[spring-security-web-5.7.11.jar:5.7.11]
	at org.springframework.security.web.context.SecurityContextPersistenceFilter.doFilter(SecurityContextPersistenceFilter.java:82) ~[spring-security-web-5.7.11.jar:5.7.11]
	at org.springframework.security.web.FilterChainProxy$VirtualFilterChain.doFilter(FilterChainProxy.java:346) ~[spring-security-web-5.7.11.jar:5.7.11]
	at org.springframework.security.web.context.request.async.WebAsyncManagerIntegrationFilter.doFilterInternal(WebAsyncManagerIntegrationFilter.java:55) ~[spring-security-web-5.7.11.jar:5.7.11]
	at org.springframework.web.filter.OncePerRequestFilter.doFilter(OncePerRequestFilter.java:117) ~[spring-web-5.3.31.jar:5.3.31]
	at org.springframework.security.web.FilterChainProxy$VirtualFilterChain.doFilter(FilterChainProxy.java:346) ~[spring-security-web-5.7.11.jar:5.7.11]
	at org.springframework.security.web.session.DisableEncodeUrlFilter.doFilterInternal(DisableEncodeUrlFilter.java:42) ~[spring-security-web-5.7.11.jar:5.7.11]
	at org.springframework.web.filter.OncePerRequestFilter.doFilter(OncePerRequestFilter.java:117) ~[spring-web-5.3.31.jar:5.3.31]
	at org.springframework.security.web.FilterChainProxy$VirtualFilterChain.doFilter(FilterChainProxy.java:346) ~[spring-security-web-5.7.11.jar:5.7.11]
	at org.springframework.security.web.FilterChainProxy.doFilterInternal(FilterChainProxy.java:221) ~[spring-security-web-5.7.11.jar:5.7.11]
	at org.springframework.security.web.FilterChainProxy.doFilter(FilterChainProxy.java:186) ~[spring-security-web-5.7.11.jar:5.7.11]
	at org.springframework.web.filter.DelegatingFilterProxy.invokeDelegate(DelegatingFilterProxy.java:354) ~[spring-web-5.3.31.jar:5.3.31]
	at org.springframework.web.filter.DelegatingFilterProxy.doFilter(DelegatingFilterProxy.java:267) ~[spring-web-5.3.31.jar:5.3.31]
	at org.apache.catalina.core.ApplicationFilterChain.internalDoFilter(ApplicationFilterChain.java:178) ~[tomcat-embed-core-9.0.83.jar:9.0.83]
	at org.apache.catalina.core.ApplicationFilterChain.doFilter(ApplicationFilterChain.java:153) ~[tomcat-embed-core-9.0.83.jar:9.0.83]
	at org.springframework.web.filter.RequestContextFilter.doFilterInternal(RequestContextFilter.java:100) ~[spring-web-5.3.31.jar:5.3.31]
	at org.springframework.web.filter.OncePerRequestFilter.doFilter(OncePerRequestFilter.java:117) ~[spring-web-5.3.31.jar:5.3.31]
	at org.apache.catalina.core.ApplicationFilterChain.internalDoFilter(ApplicationFilterChain.java:178) ~[tomcat-embed-core-9.0.83.jar:9.0.83]
	at org.apache.catalina.core.ApplicationFilterChain.doFilter(ApplicationFilterChain.java:153) ~[tomcat-embed-core-9.0.83.jar:9.0.83]
	at org.springframework.web.filter.FormContentFilter.doFilterInternal(FormContentFilter.java:93) ~[spring-web-5.3.31.jar:5.3.31]
	at org.springframework.web.filter.OncePerRequestFilter.doFilter(OncePerRequestFilter.java:117) ~[spring-web-5.3.31.jar:5.3.31]
	at org.apache.catalina.core.ApplicationFilterChain.internalDoFilter(ApplicationFilterChain.java:178) ~[tomcat-embed-core-9.0.83.jar:9.0.83]
	at org.apache.catalina.core.ApplicationFilterChain.doFilter(ApplicationFilterChain.java:153) ~[tomcat-embed-core-9.0.83.jar:9.0.83]
	at org.springframework.web.filter.CharacterEncodingFilter.doFilterInternal(CharacterEncodingFilter.java:201) ~[spring-web-5.3.31.jar:5.3.31]
	at org.springframework.web.filter.OncePerRequestFilter.doFilter(OncePerRequestFilter.java:117) ~[spring-web-5.3.31.jar:5.3.31]
	at org.apache.catalina.core.ApplicationFilterChain.internalDoFilter(ApplicationFilterChain.java:178) ~[tomcat-embed-core-9.0.83.jar:9.0.83]
	at org.apache.catalina.core.ApplicationFilterChain.doFilter(ApplicationFilterChain.java:153) ~[tomcat-embed-core-9.0.83.jar:9.0.83]
	at org.apache.catalina.core.StandardWrapperValve.invoke(StandardWrapperValve.java:168) ~[tomcat-embed-core-9.0.83.jar:9.0.83]
	at org.apache.catalina.core.StandardContextValve.invoke(StandardContextValve.java:90) ~[tomcat-embed-core-9.0.83.jar:9.0.83]
	at org.apache.catalina.authenticator.AuthenticatorBase.invoke(AuthenticatorBase.java:481) ~[tomcat-embed-core-9.0.83.jar:9.0.83]
	at org.apache.catalina.core.StandardHostValve.invoke(StandardHostValve.java:130) ~[tomcat-embed-core-9.0.83.jar:9.0.83]
	at org.apache.catalina.valves.ErrorReportValve.invoke(ErrorReportValve.java:93) ~[tomcat-embed-core-9.0.83.jar:9.0.83]
	at org.apache.catalina.core.StandardEngineValve.invoke(StandardEngineValve.java:74) ~[tomcat-embed-core-9.0.83.jar:9.0.83]
	at org.apache.catalina.connector.CoyoteAdapter.service(CoyoteAdapter.java:342) ~[tomcat-embed-core-9.0.83.jar:9.0.83]
	at org.apache.coyote.http11.Http11Processor.service(Http11Processor.java:390) ~[tomcat-embed-core-9.0.83.jar:9.0.83]
	at org.apache.coyote.AbstractProcessorLight.process(AbstractProcessorLight.java:63) ~[tomcat-embed-core-9.0.83.jar:9.0.83]
	at org.apache.coyote.AbstractProtocol$ConnectionHandler.process(AbstractProtocol.java:928) ~[tomcat-embed-core-9.0.83.jar:9.0.83]
	at org.apache.tomcat.util.net.NioEndpoint$SocketProcessor.doRun(NioEndpoint.java:1794) ~[tomcat-embed-core-9.0.83.jar:9.0.83]
	at org.apache.tomcat.util.net.SocketProcessorBase.run(SocketProcessorBase.java:52) ~[tomcat-embed-core-9.0.83.jar:9.0.83]
	at org.apache.tomcat.util.threads.ThreadPoolExecutor.runWorker(ThreadPoolExecutor.java:1191) ~[tomcat-embed-core-9.0.83.jar:9.0.83]
	at org.apache.tomcat.util.threads.ThreadPoolExecutor$Worker.run(ThreadPoolExecutor.java:659) ~[tomcat-embed-core-9.0.83.jar:9.0.83]
	at org.apache.tomcat.util.threads.TaskThread$WrappingRunnable.run(TaskThread.java:61) ~[tomcat-embed-core-9.0.83.jar:9.0.83]
	at java.lang.Thread.run(Thread.java:1583) ~[?:?]
2025-10-01 20:41:55 [main] INFO  BcapApplication:55 - Starting BcapApplication using Java 21.0.6 on LeRuccoLOQ with PID 24680 (C:\bcap\bcap-be\target\classes started by drucc in C:\bcap\bcap-be)
2025-10-01 20:41:55 [main] INFO  BcapApplication:632 - No active profile set, falling back to 1 default profile: "default"
2025-10-01 20:41:56 [main] INFO  TomcatWebServer:108 - Tomcat initialized with port(s): 8080 (http)
2025-10-01 20:41:56 [main] INFO  Http11NioProtocol:173 - Initializing ProtocolHandler ["http-nio-8080"]
2025-10-01 20:41:56 [main] INFO  StandardService:173 - Starting service [Tomcat]
2025-10-01 20:41:56 [main] INFO  StandardEngine:173 - Starting Servlet engine: [Apache Tomcat/9.0.83]
2025-10-01 20:41:56 [main] INFO  [/]:173 - Initializing Spring embedded WebApplicationContext
2025-10-01 20:41:56 [main] INFO  ServletWebServerApplicationContext:292 - Root WebApplicationContext: initialization completed in 994 ms
2025-10-01 20:41:57 [main] WARN  UserDetailsServiceAutoConfiguration:89 - 

Using generated security password: 2912a62d-c335-44af-990a-626c3de42808

This generated password is for development use only. Your security configuration must be updated before running your application in production.

2025-10-01 20:41:57 [main] INFO  DefaultSecurityFilterChain:55 - Will secure any request with [org.springframework.security.web.session.DisableEncodeUrlFilter@29050de5, org.springframework.security.web.context.request.async.WebAsyncManagerIntegrationFilter@3610f277, org.springframework.security.web.context.SecurityContextPersistenceFilter@294aba23, org.springframework.security.web.header.HeaderWriterFilter@3e28fee1, org.springframework.web.filter.CorsFilter@c689973, org.springframework.security.web.authentication.logout.LogoutFilter@6e31d989, maas.bcap.security.JwtAuthFilter@a5bbaec, org.springframework.security.web.savedrequest.RequestCacheAwareFilter@5d3b58ca, org.springframework.security.web.servletapi.SecurityContextHolderAwareRequestFilter@58a2d9f9, org.springframework.security.web.authentication.AnonymousAuthenticationFilter@41fa769c, org.springframework.security.web.session.SessionManagementFilter@781711b7, org.springframework.security.web.access.ExceptionTranslationFilter@4dac121d, org.springframework.security.web.access.intercept.AuthorizationFilter@5c887052]
2025-10-01 20:41:57 [main] INFO  Http11NioProtocol:173 - Starting ProtocolHandler ["http-nio-8080"]
2025-10-01 20:41:57 [main] INFO  TomcatWebServer:220 - Tomcat started on port(s): 8080 (http) with context path ''
2025-10-01 20:41:57 [main] INFO  BcapApplication:61 - Started BcapApplication in 1.824 seconds (JVM running for 2.308)
2025-10-01 20:41:57 [main] INFO  BcapApplication:18 - Start Application
2025-10-01 20:42:16 [http-nio-8080-exec-1] INFO  [/]:173 - Initializing Spring DispatcherServlet 'dispatcherServlet'
2025-10-01 20:42:16 [http-nio-8080-exec-1] INFO  DispatcherServlet:525 - Initializing Servlet 'dispatcherServlet'
2025-10-01 20:42:16 [http-nio-8080-exec-1] INFO  DispatcherServlet:547 - Completed initialization in 1 ms
2025-10-01 20:42:16 [http-nio-8080-exec-2] INFO  FileManagerController:45 - inDto : FileUploadInDto(fileDiv=div1, fileDesc=desc1, extraPath=null, attachFileId=1111, attachFileSeqNo=null, screenId=FileUpload)
2025-10-01 20:42:16 [http-nio-8080-exec-2] INFO  FileManagerController:46 - Files : [org.springframework.web.multipart.support.StandardMultipartHttpServletRequest$StandardMultipartFile@46a41d8]
2025-10-01 20:42:16 [http-nio-8080-exec-2] INFO  FileUploadService:48 - FileUploadService.upload
2025-10-01 20:42:16 [http-nio-8080-exec-2] INFO  FileUploadService:52 - Content-Type multipart/form-data; boundary=----WebKitFormBoundaryHNjujmdmBP1xJV30
2025-10-01 20:42:16 [http-nio-8080-exec-2] INFO  FileUploadService:69 - UserInfoFileManagerDto(screenId=FileUpload, userIp=0:0:0:0:0:0:0:1)
2025-10-01 20:42:16 [http-nio-8080-exec-2] INFO  FileUploadService:87 - FileManagerService.registerNewFiles
2025-10-01 20:42:16 [http-nio-8080-exec-2] INFO  FileUploadService:190 - FileUploadService.checkFileExtension
2025-10-01 20:42:16 [http-nio-8080-exec-2] INFO  FileUploadService:192 - originFileName : [279111.jpg]
2025-10-01 20:42:16 [http-nio-8080-exec-2] INFO  FileUploadService:194 - jpg
2025-10-01 20:42:16 [http-nio-8080-exec-2] INFO  FileUploadService:133 - FileInVo(attach_file_id=null, attach_file_clcd=div1, attach_file_expl=desc1, upd_yn=N, req_clcd=null, sub1Vos=[FileInSub1Vo(attach_file_id=null, attach_file_seq_no=null, attach_file_clcd=null, del_yn=null, file_nm=279111.jpg, upl_file_size=222793, upl_file_nm=null, file_path=D:/bcap\div1, pfr_rank=0, inp_usr_id=1787130271, inp_pgm_id=FileUpload, chng_usr_id=null, chng_pgm_id=null)])
2025-10-01 20:42:16 [http-nio-8080-exec-2] INFO  FileManagerService:28 - FileManagerService.saveFilesToDevonC
2025-10-01 20:42:16 [http-nio-8080-exec-2] INFO  FileManagerService:32 - FileInVo(attach_file_id=null, attach_file_clcd=div1, attach_file_expl=desc1, upd_yn=N, req_clcd=U1, sub1Vos=[FileInSub1Vo(attach_file_id=null, attach_file_seq_no=null, attach_file_clcd=null, del_yn=null, file_nm=279111.jpg, upl_file_size=222793, upl_file_nm=null, file_path=D:/bcap\div1, pfr_rank=0, inp_usr_id=1787130271, inp_pgm_id=FileUpload, chng_usr_id=null, chng_pgm_id=null)])
2025-10-01 20:42:16 [http-nio-8080-exec-2] INFO  FileManagerService:60 - FileManagerService.interfaceTuxedo
2025-10-01 20:42:16 [http-nio-8080-exec-2] INFO  FileManagerService:75 - TelegramUserDataInput(tx_code=SAZ06F010U, client_ip_no=0:0:0:0:0:0:0:1, client_mac=, scrn_id=FileUpload, op_id=1787130271, sync_type=A, async_rspn_yn=0, rspn_svc_code=, ttl_use_flag=0, ttl=0, long_msg_type=1, dst_inst_code=null, fail_knd=null, ap_host_name=null, ap_caller_id=null, lang_type=EN)
2025-10-01 20:42:16 [http-nio-8080-exec-2] INFO  InterfaceTelegram:18 - #################### Interface Tuxedo ####################
2025-10-01 20:42:16 [http-nio-8080-exec-2] INFO  InterfaceTelegram:19 - FileInVo(attach_file_id=null, attach_file_clcd=div1, attach_file_expl=desc1, upd_yn=N, req_clcd=U1, sub1Vos=[FileInSub1Vo(attach_file_id=null, attach_file_seq_no=null, attach_file_clcd=null, del_yn=null, file_nm=279111.jpg, upl_file_size=222793, upl_file_nm=null, file_path=D:/bcap\div1, pfr_rank=0, inp_usr_id=1787130271, inp_pgm_id=FileUpload, chng_usr_id=null, chng_pgm_id=null)])
2025-10-01 20:42:16 [http-nio-8080-exec-2] INFO  InterfaceTelegram:20 - FileOutVo(rson_cd=null, attach_file_id=null, attach_file_clcd=null, attach_file_expl=null, upd_yn=null, req_clcd=null, sub1Vos=null)
2025-10-01 20:42:16 [http-nio-8080-exec-2] INFO  InterfaceTelegram:23 - ByteEncoder
2025-10-01 20:42:16 [http-nio-8080-exec-2] ERROR TelegramBuilder:11 - java.lang.ClassCastException: Cannot cast [Ljava.lang.reflect.Field; to mti.com.telegram.vo.TelegramInData
2025-10-01 20:42:16 [http-nio-8080-exec-2] ERROR TelegramBuilder:19 - java.base/java.lang.Class.cast(Class.java:4067)
2025-10-01 20:42:16 [http-nio-8080-exec-2] ERROR TelegramBuilder:19 - java.base/java.lang.invoke.VarHandleReferences$FieldInstanceReadOnly.get(VarHandleReferences.java:92)
2025-10-01 20:42:16 [http-nio-8080-exec-2] ERROR TelegramBuilder:19 - mti.com.telegram.util.TelegramUtil.getPacketSize(TelegramUtil.java:351)
2025-10-01 20:42:16 [http-nio-8080-exec-2] ERROR TelegramBuilder:19 - mti.com.telegram.util.TelegramBuilder.makeTelegramData(TelegramBuilder.java:132)
2025-10-01 20:42:16 [http-nio-8080-exec-2] ERROR TelegramBuilder:19 - mti.com.telegram.util.TelegramBuilder.getTelegramIn(TelegramBuilder.java:25)
2025-10-01 20:42:16 [http-nio-8080-exec-2] ERROR TelegramBuilder:19 - mti.com.telegram.util.InterfaceTelegram.interfaceTuxedo(InterfaceTelegram.java:24)
2025-10-01 20:42:16 [http-nio-8080-exec-2] ERROR TelegramBuilder:19 - maas.bcap.common.ServiceSupport.tuxedoTransaction(ServiceSupport.java:63)
2025-10-01 20:42:16 [http-nio-8080-exec-2] ERROR TelegramBuilder:19 - maas.bcap.service.FileManagerService.interfaceTuxedo(FileManagerService.java:81)
2025-10-01 20:42:16 [http-nio-8080-exec-2] ERROR TelegramBuilder:19 - maas.bcap.service.FileManagerService.saveFilesToDevonC(FileManagerService.java:34)
2025-10-01 20:42:16 [http-nio-8080-exec-2] ERROR TelegramBuilder:19 - maas.bcap.service.FileUploadService.registerNewFiles(FileUploadService.java:136)
2025-10-01 20:42:16 [http-nio-8080-exec-2] ERROR TelegramBuilder:19 - maas.bcap.service.FileUploadService.upload(FileUploadService.java:77)
2025-10-01 20:42:16 [http-nio-8080-exec-2] ERROR TelegramBuilder:19 - maas.bcap.controller.FileManagerController.upload(FileManagerController.java:47)
2025-10-01 20:42:16 [http-nio-8080-exec-2] ERROR TelegramBuilder:19 - java.base/jdk.internal.reflect.DirectMethodHandleAccessor.invoke(DirectMethodHandleAccessor.java:103)
2025-10-01 20:42:16 [http-nio-8080-exec-2] ERROR TelegramBuilder:19 - java.base/java.lang.reflect.Method.invoke(Method.java:580)
2025-10-01 20:42:16 [http-nio-8080-exec-2] ERROR TelegramBuilder:19 - org.springframework.web.method.support.InvocableHandlerMethod.doInvoke(InvocableHandlerMethod.java:205)
2025-10-01 20:42:16 [http-nio-8080-exec-2] ERROR TelegramBuilder:19 - org.springframework.web.method.support.InvocableHandlerMethod.invokeForRequest(InvocableHandlerMethod.java:150)
2025-10-01 20:42:16 [http-nio-8080-exec-2] ERROR TelegramBuilder:19 - org.springframework.web.servlet.mvc.method.annotation.ServletInvocableHandlerMethod.invokeAndHandle(ServletInvocableHandlerMethod.java:117)
2025-10-01 20:42:16 [http-nio-8080-exec-2] ERROR TelegramBuilder:19 - org.springframework.web.servlet.mvc.method.annotation.RequestMappingHandlerAdapter.invokeHandlerMethod(RequestMappingHandlerAdapter.java:895)
2025-10-01 20:42:16 [http-nio-8080-exec-2] ERROR TelegramBuilder:19 - org.springframework.web.servlet.mvc.method.annotation.RequestMappingHandlerAdapter.handleInternal(RequestMappingHandlerAdapter.java:808)
2025-10-01 20:42:16 [http-nio-8080-exec-2] ERROR TelegramBuilder:19 - org.springframework.web.servlet.mvc.method.AbstractHandlerMethodAdapter.handle(AbstractHandlerMethodAdapter.java:87)
2025-10-01 20:42:16 [http-nio-8080-exec-2] ERROR TelegramBuilder:19 - org.springframework.web.servlet.DispatcherServlet.doDispatch(DispatcherServlet.java:1072)
2025-10-01 20:42:16 [http-nio-8080-exec-2] ERROR TelegramBuilder:19 - org.springframework.web.servlet.DispatcherServlet.doService(DispatcherServlet.java:965)
2025-10-01 20:42:16 [http-nio-8080-exec-2] ERROR TelegramBuilder:19 - org.springframework.web.servlet.FrameworkServlet.processRequest(FrameworkServlet.java:1006)
2025-10-01 20:42:16 [http-nio-8080-exec-2] ERROR TelegramBuilder:19 - org.springframework.web.servlet.FrameworkServlet.doPost(FrameworkServlet.java:909)
2025-10-01 20:42:16 [http-nio-8080-exec-2] ERROR TelegramBuilder:19 - javax.servlet.http.HttpServlet.service(HttpServlet.java:555)
2025-10-01 20:42:16 [http-nio-8080-exec-2] ERROR TelegramBuilder:19 - org.springframework.web.servlet.FrameworkServlet.service(FrameworkServlet.java:883)
2025-10-01 20:42:16 [http-nio-8080-exec-2] ERROR TelegramBuilder:19 - javax.servlet.http.HttpServlet.service(HttpServlet.java:623)
2025-10-01 20:42:16 [http-nio-8080-exec-2] ERROR TelegramBuilder:19 - org.apache.catalina.core.ApplicationFilterChain.internalDoFilter(ApplicationFilterChain.java:209)
2025-10-01 20:42:16 [http-nio-8080-exec-2] ERROR TelegramBuilder:19 - org.apache.catalina.core.ApplicationFilterChain.doFilter(ApplicationFilterChain.java:153)
2025-10-01 20:42:16 [http-nio-8080-exec-2] ERROR TelegramBuilder:19 - org.apache.tomcat.websocket.server.WsFilter.doFilter(WsFilter.java:51)
2025-10-01 20:42:16 [http-nio-8080-exec-2] ERROR TelegramBuilder:19 - org.apache.catalina.core.ApplicationFilterChain.internalDoFilter(ApplicationFilterChain.java:178)
2025-10-01 20:42:16 [http-nio-8080-exec-2] ERROR TelegramBuilder:19 - org.apache.catalina.core.ApplicationFilterChain.doFilter(ApplicationFilterChain.java:153)
2025-10-01 20:42:16 [http-nio-8080-exec-2] ERROR TelegramBuilder:19 - org.springframework.web.filter.OncePerRequestFilter.doFilter(OncePerRequestFilter.java:111)
2025-10-01 20:42:16 [http-nio-8080-exec-2] ERROR TelegramBuilder:19 - org.apache.catalina.core.ApplicationFilterChain.internalDoFilter(ApplicationFilterChain.java:178)
2025-10-01 20:42:16 [http-nio-8080-exec-2] ERROR TelegramBuilder:19 - org.apache.catalina.core.ApplicationFilterChain.doFilter(ApplicationFilterChain.java:153)
2025-10-01 20:42:16 [http-nio-8080-exec-2] ERROR TelegramBuilder:19 - org.springframework.security.web.FilterChainProxy$VirtualFilterChain.doFilter(FilterChainProxy.java:337)
2025-10-01 20:42:16 [http-nio-8080-exec-2] ERROR TelegramBuilder:19 - org.springframework.security.web.access.intercept.AuthorizationFilter.doFilter(AuthorizationFilter.java:96)
2025-10-01 20:42:16 [http-nio-8080-exec-2] ERROR TelegramBuilder:19 - org.springframework.security.web.FilterChainProxy$VirtualFilterChain.doFilter(FilterChainProxy.java:346)
2025-10-01 20:42:16 [http-nio-8080-exec-2] ERROR TelegramBuilder:19 - org.springframework.security.web.access.ExceptionTranslationFilter.doFilter(ExceptionTranslationFilter.java:122)
2025-10-01 20:42:16 [http-nio-8080-exec-2] ERROR TelegramBuilder:19 - org.springframework.security.web.access.ExceptionTranslationFilter.doFilter(ExceptionTranslationFilter.java:116)
2025-10-01 20:42:16 [http-nio-8080-exec-2] ERROR TelegramBuilder:19 - org.springframework.security.web.FilterChainProxy$VirtualFilterChain.doFilter(FilterChainProxy.java:346)
2025-10-01 20:42:16 [http-nio-8080-exec-2] ERROR TelegramBuilder:19 - org.springframework.security.web.session.SessionManagementFilter.doFilter(SessionManagementFilter.java:126)
2025-10-01 20:42:16 [http-nio-8080-exec-2] ERROR TelegramBuilder:19 - org.springframework.security.web.session.SessionManagementFilter.doFilter(SessionManagementFilter.java:81)
2025-10-01 20:42:16 [http-nio-8080-exec-2] ERROR TelegramBuilder:19 - org.springframework.security.web.FilterChainProxy$VirtualFilterChain.doFilter(FilterChainProxy.java:346)
2025-10-01 20:42:16 [http-nio-8080-exec-2] ERROR TelegramBuilder:19 - org.springframework.security.web.authentication.AnonymousAuthenticationFilter.doFilter(AnonymousAuthenticationFilter.java:109)
2025-10-01 20:42:16 [http-nio-8080-exec-2] ERROR TelegramBuilder:19 - org.springframework.security.web.FilterChainProxy$VirtualFilterChain.doFilter(FilterChainProxy.java:346)
2025-10-01 20:42:16 [http-nio-8080-exec-2] ERROR TelegramBuilder:19 - org.springframework.security.web.servletapi.SecurityContextHolderAwareRequestFilter.doFilter(SecurityContextHolderAwareRequestFilter.java:149)
2025-10-01 20:42:16 [http-nio-8080-exec-2] ERROR TelegramBuilder:19 - org.springframework.security.web.FilterChainProxy$VirtualFilterChain.doFilter(FilterChainProxy.java:346)
2025-10-01 20:42:16 [http-nio-8080-exec-2] ERROR TelegramBuilder:19 - org.springframework.security.web.savedrequest.RequestCacheAwareFilter.doFilter(RequestCacheAwareFilter.java:63)
2025-10-01 20:42:16 [http-nio-8080-exec-2] ERROR TelegramBuilder:19 - org.springframework.security.web.FilterChainProxy$VirtualFilterChain.doFilter(FilterChainProxy.java:346)
2025-10-01 20:42:16 [http-nio-8080-exec-2] ERROR TelegramBuilder:19 - maas.bcap.security.JwtAuthFilter.doFilterInternal(JwtAuthFilter.java:70)
2025-10-01 20:42:16 [http-nio-8080-exec-2] ERROR TelegramBuilder:19 - org.springframework.web.filter.OncePerRequestFilter.doFilter(OncePerRequestFilter.java:117)
2025-10-01 20:42:16 [http-nio-8080-exec-2] ERROR TelegramBuilder:19 - org.springframework.security.web.FilterChainProxy$VirtualFilterChain.doFilter(FilterChainProxy.java:346)
2025-10-01 20:42:16 [http-nio-8080-exec-2] ERROR TelegramBuilder:19 - org.springframework.security.web.authentication.logout.LogoutFilter.doFilter(LogoutFilter.java:103)
2025-10-01 20:42:16 [http-nio-8080-exec-2] ERROR TelegramBuilder:19 - org.springframework.security.web.authentication.logout.LogoutFilter.doFilter(LogoutFilter.java:89)
2025-10-01 20:42:16 [http-nio-8080-exec-2] ERROR TelegramBuilder:19 - org.springframework.security.web.FilterChainProxy$VirtualFilterChain.doFilter(FilterChainProxy.java:346)
2025-10-01 20:42:16 [http-nio-8080-exec-2] ERROR TelegramBuilder:19 - org.springframework.web.filter.CorsFilter.doFilterInternal(CorsFilter.java:91)
2025-10-01 20:42:16 [http-nio-8080-exec-2] ERROR TelegramBuilder:19 - org.springframework.web.filter.OncePerRequestFilter.doFilter(OncePerRequestFilter.java:117)
2025-10-01 20:42:16 [http-nio-8080-exec-2] ERROR TelegramBuilder:19 - org.springframework.security.web.FilterChainProxy$VirtualFilterChain.doFilter(FilterChainProxy.java:346)
2025-10-01 20:42:16 [http-nio-8080-exec-2] ERROR TelegramBuilder:19 - org.springframework.security.web.header.HeaderWriterFilter.doHeadersAfter(HeaderWriterFilter.java:90)
2025-10-01 20:42:16 [http-nio-8080-exec-2] ERROR TelegramBuilder:19 - org.springframework.security.web.header.HeaderWriterFilter.doFilterInternal(HeaderWriterFilter.java:75)
2025-10-01 20:42:16 [http-nio-8080-exec-2] ERROR TelegramBuilder:19 - org.springframework.web.filter.OncePerRequestFilter.doFilter(OncePerRequestFilter.java:117)
2025-10-01 20:42:16 [http-nio-8080-exec-2] ERROR TelegramBuilder:19 - org.springframework.security.web.FilterChainProxy$VirtualFilterChain.doFilter(FilterChainProxy.java:346)
2025-10-01 20:42:16 [http-nio-8080-exec-2] ERROR TelegramBuilder:19 - org.springframework.security.web.context.SecurityContextPersistenceFilter.doFilter(SecurityContextPersistenceFilter.java:112)
2025-10-01 20:42:16 [http-nio-8080-exec-2] ERROR TelegramBuilder:19 - org.springframework.security.web.context.SecurityContextPersistenceFilter.doFilter(SecurityContextPersistenceFilter.java:82)
2025-10-01 20:42:16 [http-nio-8080-exec-2] ERROR TelegramBuilder:19 - org.springframework.security.web.FilterChainProxy$VirtualFilterChain.doFilter(FilterChainProxy.java:346)
2025-10-01 20:42:16 [http-nio-8080-exec-2] ERROR TelegramBuilder:19 - org.springframework.security.web.context.request.async.WebAsyncManagerIntegrationFilter.doFilterInternal(WebAsyncManagerIntegrationFilter.java:55)
2025-10-01 20:42:16 [http-nio-8080-exec-2] ERROR TelegramBuilder:19 - org.springframework.web.filter.OncePerRequestFilter.doFilter(OncePerRequestFilter.java:117)
2025-10-01 20:42:16 [http-nio-8080-exec-2] ERROR TelegramBuilder:19 - org.springframework.security.web.FilterChainProxy$VirtualFilterChain.doFilter(FilterChainProxy.java:346)
2025-10-01 20:42:16 [http-nio-8080-exec-2] ERROR TelegramBuilder:19 - org.springframework.security.web.session.DisableEncodeUrlFilter.doFilterInternal(DisableEncodeUrlFilter.java:42)
2025-10-01 20:42:16 [http-nio-8080-exec-2] ERROR TelegramBuilder:19 - org.springframework.web.filter.OncePerRequestFilter.doFilter(OncePerRequestFilter.java:117)
2025-10-01 20:42:16 [http-nio-8080-exec-2] ERROR TelegramBuilder:19 - org.springframework.security.web.FilterChainProxy$VirtualFilterChain.doFilter(FilterChainProxy.java:346)
2025-10-01 20:42:16 [http-nio-8080-exec-2] ERROR TelegramBuilder:19 - org.springframework.security.web.FilterChainProxy.doFilterInternal(FilterChainProxy.java:221)
2025-10-01 20:42:16 [http-nio-8080-exec-2] ERROR TelegramBuilder:19 - org.springframework.security.web.FilterChainProxy.doFilter(FilterChainProxy.java:186)
2025-10-01 20:42:16 [http-nio-8080-exec-2] ERROR TelegramBuilder:19 - org.springframework.web.filter.DelegatingFilterProxy.invokeDelegate(DelegatingFilterProxy.java:354)
2025-10-01 20:42:16 [http-nio-8080-exec-2] ERROR TelegramBuilder:19 - org.springframework.web.filter.DelegatingFilterProxy.doFilter(DelegatingFilterProxy.java:267)
2025-10-01 20:42:16 [http-nio-8080-exec-2] ERROR TelegramBuilder:19 - org.apache.catalina.core.ApplicationFilterChain.internalDoFilter(ApplicationFilterChain.java:178)
2025-10-01 20:42:16 [http-nio-8080-exec-2] ERROR TelegramBuilder:19 - org.apache.catalina.core.ApplicationFilterChain.doFilter(ApplicationFilterChain.java:153)
2025-10-01 20:42:16 [http-nio-8080-exec-2] ERROR TelegramBuilder:19 - org.springframework.web.filter.RequestContextFilter.doFilterInternal(RequestContextFilter.java:100)
2025-10-01 20:42:16 [http-nio-8080-exec-2] ERROR TelegramBuilder:19 - org.springframework.web.filter.OncePerRequestFilter.doFilter(OncePerRequestFilter.java:117)
2025-10-01 20:42:16 [http-nio-8080-exec-2] ERROR TelegramBuilder:19 - org.apache.catalina.core.ApplicationFilterChain.internalDoFilter(ApplicationFilterChain.java:178)
2025-10-01 20:42:16 [http-nio-8080-exec-2] ERROR TelegramBuilder:19 - org.apache.catalina.core.ApplicationFilterChain.doFilter(ApplicationFilterChain.java:153)
2025-10-01 20:42:16 [http-nio-8080-exec-2] ERROR TelegramBuilder:19 - org.springframework.web.filter.FormContentFilter.doFilterInternal(FormContentFilter.java:93)
2025-10-01 20:42:16 [http-nio-8080-exec-2] ERROR TelegramBuilder:19 - org.springframework.web.filter.OncePerRequestFilter.doFilter(OncePerRequestFilter.java:117)
2025-10-01 20:42:16 [http-nio-8080-exec-2] ERROR TelegramBuilder:19 - org.apache.catalina.core.ApplicationFilterChain.internalDoFilter(ApplicationFilterChain.java:178)
2025-10-01 20:42:16 [http-nio-8080-exec-2] ERROR TelegramBuilder:19 - org.apache.catalina.core.ApplicationFilterChain.doFilter(ApplicationFilterChain.java:153)
2025-10-01 20:42:16 [http-nio-8080-exec-2] ERROR TelegramBuilder:19 - org.springframework.web.filter.CharacterEncodingFilter.doFilterInternal(CharacterEncodingFilter.java:201)
2025-10-01 20:42:16 [http-nio-8080-exec-2] ERROR TelegramBuilder:19 - org.springframework.web.filter.OncePerRequestFilter.doFilter(OncePerRequestFilter.java:117)
2025-10-01 20:42:16 [http-nio-8080-exec-2] ERROR TelegramBuilder:19 - org.apache.catalina.core.ApplicationFilterChain.internalDoFilter(ApplicationFilterChain.java:178)
2025-10-01 20:42:16 [http-nio-8080-exec-2] ERROR TelegramBuilder:19 - org.apache.catalina.core.ApplicationFilterChain.doFilter(ApplicationFilterChain.java:153)
2025-10-01 20:42:16 [http-nio-8080-exec-2] ERROR TelegramBuilder:19 - org.apache.catalina.core.StandardWrapperValve.invoke(StandardWrapperValve.java:168)
2025-10-01 20:42:16 [http-nio-8080-exec-2] ERROR TelegramBuilder:19 - org.apache.catalina.core.StandardContextValve.invoke(StandardContextValve.java:90)
2025-10-01 20:42:16 [http-nio-8080-exec-2] ERROR TelegramBuilder:19 - org.apache.catalina.authenticator.AuthenticatorBase.invoke(AuthenticatorBase.java:481)
2025-10-01 20:42:16 [http-nio-8080-exec-2] ERROR TelegramBuilder:19 - org.apache.catalina.core.StandardHostValve.invoke(StandardHostValve.java:130)
2025-10-01 20:42:16 [http-nio-8080-exec-2] ERROR TelegramBuilder:19 - org.apache.catalina.valves.ErrorReportValve.invoke(ErrorReportValve.java:93)
2025-10-01 20:42:16 [http-nio-8080-exec-2] ERROR TelegramBuilder:19 - org.apache.catalina.core.StandardEngineValve.invoke(StandardEngineValve.java:74)
2025-10-01 20:42:16 [http-nio-8080-exec-2] ERROR TelegramBuilder:19 - org.apache.catalina.connector.CoyoteAdapter.service(CoyoteAdapter.java:342)
2025-10-01 20:42:16 [http-nio-8080-exec-2] ERROR TelegramBuilder:19 - org.apache.coyote.http11.Http11Processor.service(Http11Processor.java:390)
2025-10-01 20:42:16 [http-nio-8080-exec-2] ERROR TelegramBuilder:19 - org.apache.coyote.AbstractProcessorLight.process(AbstractProcessorLight.java:63)
2025-10-01 20:42:16 [http-nio-8080-exec-2] ERROR TelegramBuilder:19 - org.apache.coyote.AbstractProtocol$ConnectionHandler.process(AbstractProtocol.java:928)
2025-10-01 20:42:16 [http-nio-8080-exec-2] ERROR TelegramBuilder:19 - org.apache.tomcat.util.net.NioEndpoint$SocketProcessor.doRun(NioEndpoint.java:1794)
2025-10-01 20:42:16 [http-nio-8080-exec-2] ERROR TelegramBuilder:19 - org.apache.tomcat.util.net.SocketProcessorBase.run(SocketProcessorBase.java:52)
2025-10-01 20:42:16 [http-nio-8080-exec-2] ERROR TelegramBuilder:19 - org.apache.tomcat.util.threads.ThreadPoolExecutor.runWorker(ThreadPoolExecutor.java:1191)
2025-10-01 20:42:16 [http-nio-8080-exec-2] ERROR TelegramBuilder:19 - org.apache.tomcat.util.threads.ThreadPoolExecutor$Worker.run(ThreadPoolExecutor.java:659)
2025-10-01 20:42:16 [http-nio-8080-exec-2] ERROR TelegramBuilder:19 - org.apache.tomcat.util.threads.TaskThread$WrappingRunnable.run(TaskThread.java:61)
2025-10-01 20:42:16 [http-nio-8080-exec-2] ERROR TelegramBuilder:19 - java.base/java.lang.Thread.run(Thread.java:1583)
2025-10-01 20:42:16 [http-nio-8080-exec-2] ERROR TelegramBuilder:11 - java.lang.ClassCastException: Cannot cast [Ljava.lang.reflect.Field; to mti.com.telegram.vo.TelegramIn
2025-10-01 20:42:16 [http-nio-8080-exec-2] ERROR TelegramBuilder:19 - java.base/java.lang.Class.cast(Class.java:4067)
2025-10-01 20:42:16 [http-nio-8080-exec-2] ERROR TelegramBuilder:19 - java.base/java.lang.invoke.VarHandleReferences$FieldInstanceReadOnly.get(VarHandleReferences.java:92)
2025-10-01 20:42:16 [http-nio-8080-exec-2] ERROR TelegramBuilder:19 - mti.com.telegram.util.TelegramUtil.getPacketSize(TelegramUtil.java:351)
2025-10-01 20:42:16 [http-nio-8080-exec-2] ERROR TelegramBuilder:19 - mti.com.telegram.util.TelegramBuilder.getTelegramIn(TelegramBuilder.java:28)
2025-10-01 20:42:16 [http-nio-8080-exec-2] ERROR TelegramBuilder:19 - mti.com.telegram.util.InterfaceTelegram.interfaceTuxedo(InterfaceTelegram.java:24)
2025-10-01 20:42:16 [http-nio-8080-exec-2] ERROR TelegramBuilder:19 - maas.bcap.common.ServiceSupport.tuxedoTransaction(ServiceSupport.java:63)
2025-10-01 20:42:16 [http-nio-8080-exec-2] ERROR TelegramBuilder:19 - maas.bcap.service.FileManagerService.interfaceTuxedo(FileManagerService.java:81)
2025-10-01 20:42:16 [http-nio-8080-exec-2] ERROR TelegramBuilder:19 - maas.bcap.service.FileManagerService.saveFilesToDevonC(FileManagerService.java:34)
2025-10-01 20:42:16 [http-nio-8080-exec-2] ERROR TelegramBuilder:19 - maas.bcap.service.FileUploadService.registerNewFiles(FileUploadService.java:136)
2025-10-01 20:42:16 [http-nio-8080-exec-2] ERROR TelegramBuilder:19 - maas.bcap.service.FileUploadService.upload(FileUploadService.java:77)
2025-10-01 20:42:16 [http-nio-8080-exec-2] ERROR TelegramBuilder:19 - maas.bcap.controller.FileManagerController.upload(FileManagerController.java:47)
2025-10-01 20:42:16 [http-nio-8080-exec-2] ERROR TelegramBuilder:19 - java.base/jdk.internal.reflect.DirectMethodHandleAccessor.invoke(DirectMethodHandleAccessor.java:103)
2025-10-01 20:42:16 [http-nio-8080-exec-2] ERROR TelegramBuilder:19 - java.base/java.lang.reflect.Method.invoke(Method.java:580)
2025-10-01 20:42:16 [http-nio-8080-exec-2] ERROR TelegramBuilder:19 - org.springframework.web.method.support.InvocableHandlerMethod.doInvoke(InvocableHandlerMethod.java:205)
2025-10-01 20:42:16 [http-nio-8080-exec-2] ERROR TelegramBuilder:19 - org.springframework.web.method.support.InvocableHandlerMethod.invokeForRequest(InvocableHandlerMethod.java:150)
2025-10-01 20:42:16 [http-nio-8080-exec-2] ERROR TelegramBuilder:19 - org.springframework.web.servlet.mvc.method.annotation.ServletInvocableHandlerMethod.invokeAndHandle(ServletInvocableHandlerMethod.java:117)
2025-10-01 20:42:16 [http-nio-8080-exec-2] ERROR TelegramBuilder:19 - org.springframework.web.servlet.mvc.method.annotation.RequestMappingHandlerAdapter.invokeHandlerMethod(RequestMappingHandlerAdapter.java:895)
2025-10-01 20:42:16 [http-nio-8080-exec-2] ERROR TelegramBuilder:19 - org.springframework.web.servlet.mvc.method.annotation.RequestMappingHandlerAdapter.handleInternal(RequestMappingHandlerAdapter.java:808)
2025-10-01 20:42:16 [http-nio-8080-exec-2] ERROR TelegramBuilder:19 - org.springframework.web.servlet.mvc.method.AbstractHandlerMethodAdapter.handle(AbstractHandlerMethodAdapter.java:87)
2025-10-01 20:42:16 [http-nio-8080-exec-2] ERROR TelegramBuilder:19 - org.springframework.web.servlet.DispatcherServlet.doDispatch(DispatcherServlet.java:1072)
2025-10-01 20:42:16 [http-nio-8080-exec-2] ERROR TelegramBuilder:19 - org.springframework.web.servlet.DispatcherServlet.doService(DispatcherServlet.java:965)
2025-10-01 20:42:16 [http-nio-8080-exec-2] ERROR TelegramBuilder:19 - org.springframework.web.servlet.FrameworkServlet.processRequest(FrameworkServlet.java:1006)
2025-10-01 20:42:16 [http-nio-8080-exec-2] ERROR TelegramBuilder:19 - org.springframework.web.servlet.FrameworkServlet.doPost(FrameworkServlet.java:909)
2025-10-01 20:42:16 [http-nio-8080-exec-2] ERROR TelegramBuilder:19 - javax.servlet.http.HttpServlet.service(HttpServlet.java:555)
2025-10-01 20:42:16 [http-nio-8080-exec-2] ERROR TelegramBuilder:19 - org.springframework.web.servlet.FrameworkServlet.service(FrameworkServlet.java:883)
2025-10-01 20:42:16 [http-nio-8080-exec-2] ERROR TelegramBuilder:19 - javax.servlet.http.HttpServlet.service(HttpServlet.java:623)
2025-10-01 20:42:16 [http-nio-8080-exec-2] ERROR TelegramBuilder:19 - org.apache.catalina.core.ApplicationFilterChain.internalDoFilter(ApplicationFilterChain.java:209)
2025-10-01 20:42:16 [http-nio-8080-exec-2] ERROR TelegramBuilder:19 - org.apache.catalina.core.ApplicationFilterChain.doFilter(ApplicationFilterChain.java:153)
2025-10-01 20:42:16 [http-nio-8080-exec-2] ERROR TelegramBuilder:19 - org.apache.tomcat.websocket.server.WsFilter.doFilter(WsFilter.java:51)
2025-10-01 20:42:16 [http-nio-8080-exec-2] ERROR TelegramBuilder:19 - org.apache.catalina.core.ApplicationFilterChain.internalDoFilter(ApplicationFilterChain.java:178)
2025-10-01 20:42:16 [http-nio-8080-exec-2] ERROR TelegramBuilder:19 - org.apache.catalina.core.ApplicationFilterChain.doFilter(ApplicationFilterChain.java:153)
2025-10-01 20:42:16 [http-nio-8080-exec-2] ERROR TelegramBuilder:19 - org.springframework.web.filter.OncePerRequestFilter.doFilter(OncePerRequestFilter.java:111)
2025-10-01 20:42:16 [http-nio-8080-exec-2] ERROR TelegramBuilder:19 - org.apache.catalina.core.ApplicationFilterChain.internalDoFilter(ApplicationFilterChain.java:178)
2025-10-01 20:42:16 [http-nio-8080-exec-2] ERROR TelegramBuilder:19 - org.apache.catalina.core.ApplicationFilterChain.doFilter(ApplicationFilterChain.java:153)
2025-10-01 20:42:16 [http-nio-8080-exec-2] ERROR TelegramBuilder:19 - org.springframework.security.web.FilterChainProxy$VirtualFilterChain.doFilter(FilterChainProxy.java:337)
2025-10-01 20:42:16 [http-nio-8080-exec-2] ERROR TelegramBuilder:19 - org.springframework.security.web.access.intercept.AuthorizationFilter.doFilter(AuthorizationFilter.java:96)
2025-10-01 20:42:16 [http-nio-8080-exec-2] ERROR TelegramBuilder:19 - org.springframework.security.web.FilterChainProxy$VirtualFilterChain.doFilter(FilterChainProxy.java:346)
2025-10-01 20:42:16 [http-nio-8080-exec-2] ERROR TelegramBuilder:19 - org.springframework.security.web.access.ExceptionTranslationFilter.doFilter(ExceptionTranslationFilter.java:122)
2025-10-01 20:42:16 [http-nio-8080-exec-2] ERROR TelegramBuilder:19 - org.springframework.security.web.access.ExceptionTranslationFilter.doFilter(ExceptionTranslationFilter.java:116)
2025-10-01 20:42:16 [http-nio-8080-exec-2] ERROR TelegramBuilder:19 - org.springframework.security.web.FilterChainProxy$VirtualFilterChain.doFilter(FilterChainProxy.java:346)
2025-10-01 20:42:16 [http-nio-8080-exec-2] ERROR TelegramBuilder:19 - org.springframework.security.web.session.SessionManagementFilter.doFilter(SessionManagementFilter.java:126)
2025-10-01 20:42:16 [http-nio-8080-exec-2] ERROR TelegramBuilder:19 - org.springframework.security.web.session.SessionManagementFilter.doFilter(SessionManagementFilter.java:81)
2025-10-01 20:42:16 [http-nio-8080-exec-2] ERROR TelegramBuilder:19 - org.springframework.security.web.FilterChainProxy$VirtualFilterChain.doFilter(FilterChainProxy.java:346)
2025-10-01 20:42:16 [http-nio-8080-exec-2] ERROR TelegramBuilder:19 - org.springframework.security.web.authentication.AnonymousAuthenticationFilter.doFilter(AnonymousAuthenticationFilter.java:109)
2025-10-01 20:42:16 [http-nio-8080-exec-2] ERROR TelegramBuilder:19 - org.springframework.security.web.FilterChainProxy$VirtualFilterChain.doFilter(FilterChainProxy.java:346)
2025-10-01 20:42:16 [http-nio-8080-exec-2] ERROR TelegramBuilder:19 - org.springframework.security.web.servletapi.SecurityContextHolderAwareRequestFilter.doFilter(SecurityContextHolderAwareRequestFilter.java:149)
2025-10-01 20:42:16 [http-nio-8080-exec-2] ERROR TelegramBuilder:19 - org.springframework.security.web.FilterChainProxy$VirtualFilterChain.doFilter(FilterChainProxy.java:346)
2025-10-01 20:42:16 [http-nio-8080-exec-2] ERROR TelegramBuilder:19 - org.springframework.security.web.savedrequest.RequestCacheAwareFilter.doFilter(RequestCacheAwareFilter.java:63)
2025-10-01 20:42:16 [http-nio-8080-exec-2] ERROR TelegramBuilder:19 - org.springframework.security.web.FilterChainProxy$VirtualFilterChain.doFilter(FilterChainProxy.java:346)
2025-10-01 20:42:16 [http-nio-8080-exec-2] ERROR TelegramBuilder:19 - maas.bcap.security.JwtAuthFilter.doFilterInternal(JwtAuthFilter.java:70)
2025-10-01 20:42:16 [http-nio-8080-exec-2] ERROR TelegramBuilder:19 - org.springframework.web.filter.OncePerRequestFilter.doFilter(OncePerRequestFilter.java:117)
2025-10-01 20:42:16 [http-nio-8080-exec-2] ERROR TelegramBuilder:19 - org.springframework.security.web.FilterChainProxy$VirtualFilterChain.doFilter(FilterChainProxy.java:346)
2025-10-01 20:42:16 [http-nio-8080-exec-2] ERROR TelegramBuilder:19 - org.springframework.security.web.authentication.logout.LogoutFilter.doFilter(LogoutFilter.java:103)
2025-10-01 20:42:16 [http-nio-8080-exec-2] ERROR TelegramBuilder:19 - org.springframework.security.web.authentication.logout.LogoutFilter.doFilter(LogoutFilter.java:89)
2025-10-01 20:42:16 [http-nio-8080-exec-2] ERROR TelegramBuilder:19 - org.springframework.security.web.FilterChainProxy$VirtualFilterChain.doFilter(FilterChainProxy.java:346)
2025-10-01 20:42:16 [http-nio-8080-exec-2] ERROR TelegramBuilder:19 - org.springframework.web.filter.CorsFilter.doFilterInternal(CorsFilter.java:91)
2025-10-01 20:42:16 [http-nio-8080-exec-2] ERROR TelegramBuilder:19 - org.springframework.web.filter.OncePerRequestFilter.doFilter(OncePerRequestFilter.java:117)
2025-10-01 20:42:16 [http-nio-8080-exec-2] ERROR TelegramBuilder:19 - org.springframework.security.web.FilterChainProxy$VirtualFilterChain.doFilter(FilterChainProxy.java:346)
2025-10-01 20:42:16 [http-nio-8080-exec-2] ERROR TelegramBuilder:19 - org.springframework.security.web.header.HeaderWriterFilter.doHeadersAfter(HeaderWriterFilter.java:90)
2025-10-01 20:42:16 [http-nio-8080-exec-2] ERROR TelegramBuilder:19 - org.springframework.security.web.header.HeaderWriterFilter.doFilterInternal(HeaderWriterFilter.java:75)
2025-10-01 20:42:16 [http-nio-8080-exec-2] ERROR TelegramBuilder:19 - org.springframework.web.filter.OncePerRequestFilter.doFilter(OncePerRequestFilter.java:117)
2025-10-01 20:42:16 [http-nio-8080-exec-2] ERROR TelegramBuilder:19 - org.springframework.security.web.FilterChainProxy$VirtualFilterChain.doFilter(FilterChainProxy.java:346)
2025-10-01 20:42:16 [http-nio-8080-exec-2] ERROR TelegramBuilder:19 - org.springframework.security.web.context.SecurityContextPersistenceFilter.doFilter(SecurityContextPersistenceFilter.java:112)
2025-10-01 20:42:16 [http-nio-8080-exec-2] ERROR TelegramBuilder:19 - org.springframework.security.web.context.SecurityContextPersistenceFilter.doFilter(SecurityContextPersistenceFilter.java:82)
2025-10-01 20:42:16 [http-nio-8080-exec-2] ERROR TelegramBuilder:19 - org.springframework.security.web.FilterChainProxy$VirtualFilterChain.doFilter(FilterChainProxy.java:346)
2025-10-01 20:42:16 [http-nio-8080-exec-2] ERROR TelegramBuilder:19 - org.springframework.security.web.context.request.async.WebAsyncManagerIntegrationFilter.doFilterInternal(WebAsyncManagerIntegrationFilter.java:55)
2025-10-01 20:42:16 [http-nio-8080-exec-2] ERROR TelegramBuilder:19 - org.springframework.web.filter.OncePerRequestFilter.doFilter(OncePerRequestFilter.java:117)
2025-10-01 20:42:16 [http-nio-8080-exec-2] ERROR TelegramBuilder:19 - org.springframework.security.web.FilterChainProxy$VirtualFilterChain.doFilter(FilterChainProxy.java:346)
2025-10-01 20:42:16 [http-nio-8080-exec-2] ERROR TelegramBuilder:19 - org.springframework.security.web.session.DisableEncodeUrlFilter.doFilterInternal(DisableEncodeUrlFilter.java:42)
2025-10-01 20:42:16 [http-nio-8080-exec-2] ERROR TelegramBuilder:19 - org.springframework.web.filter.OncePerRequestFilter.doFilter(OncePerRequestFilter.java:117)
2025-10-01 20:42:16 [http-nio-8080-exec-2] ERROR TelegramBuilder:19 - org.springframework.security.web.FilterChainProxy$VirtualFilterChain.doFilter(FilterChainProxy.java:346)
2025-10-01 20:42:16 [http-nio-8080-exec-2] ERROR TelegramBuilder:19 - org.springframework.security.web.FilterChainProxy.doFilterInternal(FilterChainProxy.java:221)
2025-10-01 20:42:16 [http-nio-8080-exec-2] ERROR TelegramBuilder:19 - org.springframework.security.web.FilterChainProxy.doFilter(FilterChainProxy.java:186)
2025-10-01 20:42:16 [http-nio-8080-exec-2] ERROR TelegramBuilder:19 - org.springframework.web.filter.DelegatingFilterProxy.invokeDelegate(DelegatingFilterProxy.java:354)
2025-10-01 20:42:16 [http-nio-8080-exec-2] ERROR TelegramBuilder:19 - org.springframework.web.filter.DelegatingFilterProxy.doFilter(DelegatingFilterProxy.java:267)
2025-10-01 20:42:16 [http-nio-8080-exec-2] ERROR TelegramBuilder:19 - org.apache.catalina.core.ApplicationFilterChain.internalDoFilter(ApplicationFilterChain.java:178)
2025-10-01 20:42:16 [http-nio-8080-exec-2] ERROR TelegramBuilder:19 - org.apache.catalina.core.ApplicationFilterChain.doFilter(ApplicationFilterChain.java:153)
2025-10-01 20:42:16 [http-nio-8080-exec-2] ERROR TelegramBuilder:19 - org.springframework.web.filter.RequestContextFilter.doFilterInternal(RequestContextFilter.java:100)
2025-10-01 20:42:16 [http-nio-8080-exec-2] ERROR TelegramBuilder:19 - org.springframework.web.filter.OncePerRequestFilter.doFilter(OncePerRequestFilter.java:117)
2025-10-01 20:42:16 [http-nio-8080-exec-2] ERROR TelegramBuilder:19 - org.apache.catalina.core.ApplicationFilterChain.internalDoFilter(ApplicationFilterChain.java:178)
2025-10-01 20:42:16 [http-nio-8080-exec-2] ERROR TelegramBuilder:19 - org.apache.catalina.core.ApplicationFilterChain.doFilter(ApplicationFilterChain.java:153)
2025-10-01 20:42:16 [http-nio-8080-exec-2] ERROR TelegramBuilder:19 - org.springframework.web.filter.FormContentFilter.doFilterInternal(FormContentFilter.java:93)
2025-10-01 20:42:16 [http-nio-8080-exec-2] ERROR TelegramBuilder:19 - org.springframework.web.filter.OncePerRequestFilter.doFilter(OncePerRequestFilter.java:117)
2025-10-01 20:42:16 [http-nio-8080-exec-2] ERROR TelegramBuilder:19 - org.apache.catalina.core.ApplicationFilterChain.internalDoFilter(ApplicationFilterChain.java:178)
2025-10-01 20:42:16 [http-nio-8080-exec-2] ERROR TelegramBuilder:19 - org.apache.catalina.core.ApplicationFilterChain.doFilter(ApplicationFilterChain.java:153)
2025-10-01 20:42:16 [http-nio-8080-exec-2] ERROR TelegramBuilder:19 - org.springframework.web.filter.CharacterEncodingFilter.doFilterInternal(CharacterEncodingFilter.java:201)
2025-10-01 20:42:16 [http-nio-8080-exec-2] ERROR TelegramBuilder:19 - org.springframework.web.filter.OncePerRequestFilter.doFilter(OncePerRequestFilter.java:117)
2025-10-01 20:42:16 [http-nio-8080-exec-2] ERROR TelegramBuilder:19 - org.apache.catalina.core.ApplicationFilterChain.internalDoFilter(ApplicationFilterChain.java:178)
2025-10-01 20:42:16 [http-nio-8080-exec-2] ERROR TelegramBuilder:19 - org.apache.catalina.core.ApplicationFilterChain.doFilter(ApplicationFilterChain.java:153)
2025-10-01 20:42:16 [http-nio-8080-exec-2] ERROR TelegramBuilder:19 - org.apache.catalina.core.StandardWrapperValve.invoke(StandardWrapperValve.java:168)
2025-10-01 20:42:16 [http-nio-8080-exec-2] ERROR TelegramBuilder:19 - org.apache.catalina.core.StandardContextValve.invoke(StandardContextValve.java:90)
2025-10-01 20:42:16 [http-nio-8080-exec-2] ERROR TelegramBuilder:19 - org.apache.catalina.authenticator.AuthenticatorBase.invoke(AuthenticatorBase.java:481)
2025-10-01 20:42:16 [http-nio-8080-exec-2] ERROR TelegramBuilder:19 - org.apache.catalina.core.StandardHostValve.invoke(StandardHostValve.java:130)
2025-10-01 20:42:16 [http-nio-8080-exec-2] ERROR TelegramBuilder:19 - org.apache.catalina.valves.ErrorReportValve.invoke(ErrorReportValve.java:93)
2025-10-01 20:42:16 [http-nio-8080-exec-2] ERROR TelegramBuilder:19 - org.apache.catalina.core.StandardEngineValve.invoke(StandardEngineValve.java:74)
2025-10-01 20:42:16 [http-nio-8080-exec-2] ERROR TelegramBuilder:19 - org.apache.catalina.connector.CoyoteAdapter.service(CoyoteAdapter.java:342)
2025-10-01 20:42:16 [http-nio-8080-exec-2] ERROR TelegramBuilder:19 - org.apache.coyote.http11.Http11Processor.service(Http11Processor.java:390)
2025-10-01 20:42:16 [http-nio-8080-exec-2] ERROR TelegramBuilder:19 - org.apache.coyote.AbstractProcessorLight.process(AbstractProcessorLight.java:63)
2025-10-01 20:42:16 [http-nio-8080-exec-2] ERROR TelegramBuilder:19 - org.apache.coyote.AbstractProtocol$ConnectionHandler.process(AbstractProtocol.java:928)
2025-10-01 20:42:16 [http-nio-8080-exec-2] ERROR TelegramBuilder:19 - org.apache.tomcat.util.net.NioEndpoint$SocketProcessor.doRun(NioEndpoint.java:1794)
2025-10-01 20:42:16 [http-nio-8080-exec-2] ERROR TelegramBuilder:19 - org.apache.tomcat.util.net.SocketProcessorBase.run(SocketProcessorBase.java:52)
2025-10-01 20:42:16 [http-nio-8080-exec-2] ERROR TelegramBuilder:19 - org.apache.tomcat.util.threads.ThreadPoolExecutor.runWorker(ThreadPoolExecutor.java:1191)
2025-10-01 20:42:16 [http-nio-8080-exec-2] ERROR TelegramBuilder:19 - org.apache.tomcat.util.threads.ThreadPoolExecutor$Worker.run(ThreadPoolExecutor.java:659)
2025-10-01 20:42:16 [http-nio-8080-exec-2] ERROR TelegramBuilder:19 - org.apache.tomcat.util.threads.TaskThread$WrappingRunnable.run(TaskThread.java:61)
2025-10-01 20:42:16 [http-nio-8080-exec-2] ERROR TelegramBuilder:19 - java.base/java.lang.Thread.run(Thread.java:1583)
2025-10-01 20:42:16 [http-nio-8080-exec-2] INFO  InterfaceTelegram:25 - TelegramIn(header=TelegramHeader(msg_len=0, gid_sysname=LeRuccoLOQ, gid_yyyyymmdd=20251001, gid_hhmmss=204216, gid_seq=002, gid_pid=00000, gid_stat=00, tx_code=SAZ06F010U, inst_no=MTI, send_rspn_type=S, rspn_svc_code=, ori_global_id=LeRuccoL202510012042160020000000, ori_send_time=20251001204216000585, chnl_id=WEB, client_ip_no=0:0:0:0:0:0:0:1, client_mac=, scrn_id=FileUpload, scrn_lock_yn=N, op_id=1787130271, xa_begin_flag=0, send_time=20251001204216000585, rspn_time=, sync_type=A, async_rspn_yn=0, call_depth=0, msg_count_no=0, ttl_use_flag=0, ttl_from_time=, ttl=0, long_msg_type=1, err_flag=0, err_src=, err_type=, err_code=, dst_inst_code=, fail_knd=null, ap_host_name=null, ap_caller_id=null, inf_id=, lang_type=EN, reserved=), data=TelegramInData(dataType=D, length=0, reserved=null, data=FileInVo(attach_file_id=null, attach_file_clcd=div1, attach_file_expl=desc1, upd_yn=N, req_clcd=U1, sub1Vos=[FileInSub1Vo(attach_file_id=null, attach_file_seq_no=null, attach_file_clcd=null, del_yn=null, file_nm=279111.jpg, upl_file_size=222793, upl_file_nm=null, file_path=D:/bcap\div1, pfr_rank=0, inp_usr_id=1787130271, inp_pgm_id=FileUpload, chng_usr_id=null, chng_pgm_id=null)])), tail=@@)
2025-10-01 20:42:16 [http-nio-8080-exec-2] ERROR FileManagerService:89 - java.lang.ClassCastException: Cannot cast [Ljava.lang.reflect.Field; to mti.com.telegram.vo.TelegramIn
2025-10-01 20:42:16 [http-nio-8080-exec-2] ERROR FileManagerService:11 - java.lang.ClassCastException: Cannot cast [Ljava.lang.reflect.Field; to mti.com.telegram.vo.TelegramIn
2025-10-01 20:42:16 [http-nio-8080-exec-2] ERROR FileManagerService:19 - java.base/java.lang.Class.cast(Class.java:4067)
2025-10-01 20:42:16 [http-nio-8080-exec-2] ERROR FileManagerService:19 - java.base/java.lang.invoke.VarHandleReferences$FieldInstanceReadOnly.get(VarHandleReferences.java:92)
2025-10-01 20:42:16 [http-nio-8080-exec-2] ERROR FileManagerService:19 - mti.com.telegram.util.TelegramUtil.getPacketSize(TelegramUtil.java:351)
2025-10-01 20:42:16 [http-nio-8080-exec-2] ERROR FileManagerService:19 - mti.com.telegram.mapping.ByteEncoder.convertObjectToBytes(ByteEncoder.java:32)
2025-10-01 20:42:16 [http-nio-8080-exec-2] ERROR FileManagerService:19 - mti.com.telegram.util.InterfaceTelegram.interfaceTuxedo(InterfaceTelegram.java:26)
2025-10-01 20:42:16 [http-nio-8080-exec-2] ERROR FileManagerService:19 - maas.bcap.common.ServiceSupport.tuxedoTransaction(ServiceSupport.java:63)
2025-10-01 20:42:16 [http-nio-8080-exec-2] ERROR FileManagerService:19 - maas.bcap.service.FileManagerService.interfaceTuxedo(FileManagerService.java:81)
2025-10-01 20:42:16 [http-nio-8080-exec-2] ERROR FileManagerService:19 - maas.bcap.service.FileManagerService.saveFilesToDevonC(FileManagerService.java:34)
2025-10-01 20:42:16 [http-nio-8080-exec-2] ERROR FileManagerService:19 - maas.bcap.service.FileUploadService.registerNewFiles(FileUploadService.java:136)
2025-10-01 20:42:16 [http-nio-8080-exec-2] ERROR FileManagerService:19 - maas.bcap.service.FileUploadService.upload(FileUploadService.java:77)
2025-10-01 20:42:16 [http-nio-8080-exec-2] ERROR FileManagerService:19 - maas.bcap.controller.FileManagerController.upload(FileManagerController.java:47)
2025-10-01 20:42:16 [http-nio-8080-exec-2] ERROR FileManagerService:19 - java.base/jdk.internal.reflect.DirectMethodHandleAccessor.invoke(DirectMethodHandleAccessor.java:103)
2025-10-01 20:42:16 [http-nio-8080-exec-2] ERROR FileManagerService:19 - java.base/java.lang.reflect.Method.invoke(Method.java:580)
2025-10-01 20:42:16 [http-nio-8080-exec-2] ERROR FileManagerService:19 - org.springframework.web.method.support.InvocableHandlerMethod.doInvoke(InvocableHandlerMethod.java:205)
2025-10-01 20:42:16 [http-nio-8080-exec-2] ERROR FileManagerService:19 - org.springframework.web.method.support.InvocableHandlerMethod.invokeForRequest(InvocableHandlerMethod.java:150)
2025-10-01 20:42:16 [http-nio-8080-exec-2] ERROR FileManagerService:19 - org.springframework.web.servlet.mvc.method.annotation.ServletInvocableHandlerMethod.invokeAndHandle(ServletInvocableHandlerMethod.java:117)
2025-10-01 20:42:16 [http-nio-8080-exec-2] ERROR FileManagerService:19 - org.springframework.web.servlet.mvc.method.annotation.RequestMappingHandlerAdapter.invokeHandlerMethod(RequestMappingHandlerAdapter.java:895)
2025-10-01 20:42:16 [http-nio-8080-exec-2] ERROR FileManagerService:19 - org.springframework.web.servlet.mvc.method.annotation.RequestMappingHandlerAdapter.handleInternal(RequestMappingHandlerAdapter.java:808)
2025-10-01 20:42:16 [http-nio-8080-exec-2] ERROR FileManagerService:19 - org.springframework.web.servlet.mvc.method.AbstractHandlerMethodAdapter.handle(AbstractHandlerMethodAdapter.java:87)
2025-10-01 20:42:16 [http-nio-8080-exec-2] ERROR FileManagerService:19 - org.springframework.web.servlet.DispatcherServlet.doDispatch(DispatcherServlet.java:1072)
2025-10-01 20:42:16 [http-nio-8080-exec-2] ERROR FileManagerService:19 - org.springframework.web.servlet.DispatcherServlet.doService(DispatcherServlet.java:965)
2025-10-01 20:42:16 [http-nio-8080-exec-2] ERROR FileManagerService:19 - org.springframework.web.servlet.FrameworkServlet.processRequest(FrameworkServlet.java:1006)
2025-10-01 20:42:16 [http-nio-8080-exec-2] ERROR FileManagerService:19 - org.springframework.web.servlet.FrameworkServlet.doPost(FrameworkServlet.java:909)
2025-10-01 20:42:16 [http-nio-8080-exec-2] ERROR FileManagerService:19 - javax.servlet.http.HttpServlet.service(HttpServlet.java:555)
2025-10-01 20:42:16 [http-nio-8080-exec-2] ERROR FileManagerService:19 - org.springframework.web.servlet.FrameworkServlet.service(FrameworkServlet.java:883)
2025-10-01 20:42:16 [http-nio-8080-exec-2] ERROR FileManagerService:19 - javax.servlet.http.HttpServlet.service(HttpServlet.java:623)
2025-10-01 20:42:16 [http-nio-8080-exec-2] ERROR FileManagerService:19 - org.apache.catalina.core.ApplicationFilterChain.internalDoFilter(ApplicationFilterChain.java:209)
2025-10-01 20:42:16 [http-nio-8080-exec-2] ERROR FileManagerService:19 - org.apache.catalina.core.ApplicationFilterChain.doFilter(ApplicationFilterChain.java:153)
2025-10-01 20:42:16 [http-nio-8080-exec-2] ERROR FileManagerService:19 - org.apache.tomcat.websocket.server.WsFilter.doFilter(WsFilter.java:51)
2025-10-01 20:42:16 [http-nio-8080-exec-2] ERROR FileManagerService:19 - org.apache.catalina.core.ApplicationFilterChain.internalDoFilter(ApplicationFilterChain.java:178)
2025-10-01 20:42:16 [http-nio-8080-exec-2] ERROR FileManagerService:19 - org.apache.catalina.core.ApplicationFilterChain.doFilter(ApplicationFilterChain.java:153)
2025-10-01 20:42:16 [http-nio-8080-exec-2] ERROR FileManagerService:19 - org.springframework.web.filter.OncePerRequestFilter.doFilter(OncePerRequestFilter.java:111)
2025-10-01 20:42:16 [http-nio-8080-exec-2] ERROR FileManagerService:19 - org.apache.catalina.core.ApplicationFilterChain.internalDoFilter(ApplicationFilterChain.java:178)
2025-10-01 20:42:16 [http-nio-8080-exec-2] ERROR FileManagerService:19 - org.apache.catalina.core.ApplicationFilterChain.doFilter(ApplicationFilterChain.java:153)
2025-10-01 20:42:16 [http-nio-8080-exec-2] ERROR FileManagerService:19 - org.springframework.security.web.FilterChainProxy$VirtualFilterChain.doFilter(FilterChainProxy.java:337)
2025-10-01 20:42:16 [http-nio-8080-exec-2] ERROR FileManagerService:19 - org.springframework.security.web.access.intercept.AuthorizationFilter.doFilter(AuthorizationFilter.java:96)
2025-10-01 20:42:16 [http-nio-8080-exec-2] ERROR FileManagerService:19 - org.springframework.security.web.FilterChainProxy$VirtualFilterChain.doFilter(FilterChainProxy.java:346)
2025-10-01 20:42:16 [http-nio-8080-exec-2] ERROR FileManagerService:19 - org.springframework.security.web.access.ExceptionTranslationFilter.doFilter(ExceptionTranslationFilter.java:122)
2025-10-01 20:42:16 [http-nio-8080-exec-2] ERROR FileManagerService:19 - org.springframework.security.web.access.ExceptionTranslationFilter.doFilter(ExceptionTranslationFilter.java:116)
2025-10-01 20:42:16 [http-nio-8080-exec-2] ERROR FileManagerService:19 - org.springframework.security.web.FilterChainProxy$VirtualFilterChain.doFilter(FilterChainProxy.java:346)
2025-10-01 20:42:16 [http-nio-8080-exec-2] ERROR FileManagerService:19 - org.springframework.security.web.session.SessionManagementFilter.doFilter(SessionManagementFilter.java:126)
2025-10-01 20:42:16 [http-nio-8080-exec-2] ERROR FileManagerService:19 - org.springframework.security.web.session.SessionManagementFilter.doFilter(SessionManagementFilter.java:81)
2025-10-01 20:42:16 [http-nio-8080-exec-2] ERROR FileManagerService:19 - org.springframework.security.web.FilterChainProxy$VirtualFilterChain.doFilter(FilterChainProxy.java:346)
2025-10-01 20:42:16 [http-nio-8080-exec-2] ERROR FileManagerService:19 - org.springframework.security.web.authentication.AnonymousAuthenticationFilter.doFilter(AnonymousAuthenticationFilter.java:109)
2025-10-01 20:42:16 [http-nio-8080-exec-2] ERROR FileManagerService:19 - org.springframework.security.web.FilterChainProxy$VirtualFilterChain.doFilter(FilterChainProxy.java:346)
2025-10-01 20:42:16 [http-nio-8080-exec-2] ERROR FileManagerService:19 - org.springframework.security.web.servletapi.SecurityContextHolderAwareRequestFilter.doFilter(SecurityContextHolderAwareRequestFilter.java:149)
2025-10-01 20:42:16 [http-nio-8080-exec-2] ERROR FileManagerService:19 - org.springframework.security.web.FilterChainProxy$VirtualFilterChain.doFilter(FilterChainProxy.java:346)
2025-10-01 20:42:16 [http-nio-8080-exec-2] ERROR FileManagerService:19 - org.springframework.security.web.savedrequest.RequestCacheAwareFilter.doFilter(RequestCacheAwareFilter.java:63)
2025-10-01 20:42:16 [http-nio-8080-exec-2] ERROR FileManagerService:19 - org.springframework.security.web.FilterChainProxy$VirtualFilterChain.doFilter(FilterChainProxy.java:346)
2025-10-01 20:42:16 [http-nio-8080-exec-2] ERROR FileManagerService:19 - maas.bcap.security.JwtAuthFilter.doFilterInternal(JwtAuthFilter.java:70)
2025-10-01 20:42:16 [http-nio-8080-exec-2] ERROR FileManagerService:19 - org.springframework.web.filter.OncePerRequestFilter.doFilter(OncePerRequestFilter.java:117)
2025-10-01 20:42:16 [http-nio-8080-exec-2] ERROR FileManagerService:19 - org.springframework.security.web.FilterChainProxy$VirtualFilterChain.doFilter(FilterChainProxy.java:346)
2025-10-01 20:42:16 [http-nio-8080-exec-2] ERROR FileManagerService:19 - org.springframework.security.web.authentication.logout.LogoutFilter.doFilter(LogoutFilter.java:103)
2025-10-01 20:42:16 [http-nio-8080-exec-2] ERROR FileManagerService:19 - org.springframework.security.web.authentication.logout.LogoutFilter.doFilter(LogoutFilter.java:89)
2025-10-01 20:42:16 [http-nio-8080-exec-2] ERROR FileManagerService:19 - org.springframework.security.web.FilterChainProxy$VirtualFilterChain.doFilter(FilterChainProxy.java:346)
2025-10-01 20:42:16 [http-nio-8080-exec-2] ERROR FileManagerService:19 - org.springframework.web.filter.CorsFilter.doFilterInternal(CorsFilter.java:91)
2025-10-01 20:42:16 [http-nio-8080-exec-2] ERROR FileManagerService:19 - org.springframework.web.filter.OncePerRequestFilter.doFilter(OncePerRequestFilter.java:117)
2025-10-01 20:42:16 [http-nio-8080-exec-2] ERROR FileManagerService:19 - org.springframework.security.web.FilterChainProxy$VirtualFilterChain.doFilter(FilterChainProxy.java:346)
2025-10-01 20:42:16 [http-nio-8080-exec-2] ERROR FileManagerService:19 - org.springframework.security.web.header.HeaderWriterFilter.doHeadersAfter(HeaderWriterFilter.java:90)
2025-10-01 20:42:16 [http-nio-8080-exec-2] ERROR FileManagerService:19 - org.springframework.security.web.header.HeaderWriterFilter.doFilterInternal(HeaderWriterFilter.java:75)
2025-10-01 20:42:16 [http-nio-8080-exec-2] ERROR FileManagerService:19 - org.springframework.web.filter.OncePerRequestFilter.doFilter(OncePerRequestFilter.java:117)
2025-10-01 20:42:16 [http-nio-8080-exec-2] ERROR FileManagerService:19 - org.springframework.security.web.FilterChainProxy$VirtualFilterChain.doFilter(FilterChainProxy.java:346)
2025-10-01 20:42:16 [http-nio-8080-exec-2] ERROR FileManagerService:19 - org.springframework.security.web.context.SecurityContextPersistenceFilter.doFilter(SecurityContextPersistenceFilter.java:112)
2025-10-01 20:42:16 [http-nio-8080-exec-2] ERROR FileManagerService:19 - org.springframework.security.web.context.SecurityContextPersistenceFilter.doFilter(SecurityContextPersistenceFilter.java:82)
2025-10-01 20:42:16 [http-nio-8080-exec-2] ERROR FileManagerService:19 - org.springframework.security.web.FilterChainProxy$VirtualFilterChain.doFilter(FilterChainProxy.java:346)
2025-10-01 20:42:16 [http-nio-8080-exec-2] ERROR FileManagerService:19 - org.springframework.security.web.context.request.async.WebAsyncManagerIntegrationFilter.doFilterInternal(WebAsyncManagerIntegrationFilter.java:55)
2025-10-01 20:42:16 [http-nio-8080-exec-2] ERROR FileManagerService:19 - org.springframework.web.filter.OncePerRequestFilter.doFilter(OncePerRequestFilter.java:117)
2025-10-01 20:42:16 [http-nio-8080-exec-2] ERROR FileManagerService:19 - org.springframework.security.web.FilterChainProxy$VirtualFilterChain.doFilter(FilterChainProxy.java:346)
2025-10-01 20:42:16 [http-nio-8080-exec-2] ERROR FileManagerService:19 - org.springframework.security.web.session.DisableEncodeUrlFilter.doFilterInternal(DisableEncodeUrlFilter.java:42)
2025-10-01 20:42:16 [http-nio-8080-exec-2] ERROR FileManagerService:19 - org.springframework.web.filter.OncePerRequestFilter.doFilter(OncePerRequestFilter.java:117)
2025-10-01 20:42:16 [http-nio-8080-exec-2] ERROR FileManagerService:19 - org.springframework.security.web.FilterChainProxy$VirtualFilterChain.doFilter(FilterChainProxy.java:346)
2025-10-01 20:42:16 [http-nio-8080-exec-2] ERROR FileManagerService:19 - org.springframework.security.web.FilterChainProxy.doFilterInternal(FilterChainProxy.java:221)
2025-10-01 20:42:16 [http-nio-8080-exec-2] ERROR FileManagerService:19 - org.springframework.security.web.FilterChainProxy.doFilter(FilterChainProxy.java:186)
2025-10-01 20:42:16 [http-nio-8080-exec-2] ERROR FileManagerService:19 - org.springframework.web.filter.DelegatingFilterProxy.invokeDelegate(DelegatingFilterProxy.java:354)
2025-10-01 20:42:16 [http-nio-8080-exec-2] ERROR FileManagerService:19 - org.springframework.web.filter.DelegatingFilterProxy.doFilter(DelegatingFilterProxy.java:267)
2025-10-01 20:42:16 [http-nio-8080-exec-2] ERROR FileManagerService:19 - org.apache.catalina.core.ApplicationFilterChain.internalDoFilter(ApplicationFilterChain.java:178)
2025-10-01 20:42:16 [http-nio-8080-exec-2] ERROR FileManagerService:19 - org.apache.catalina.core.ApplicationFilterChain.doFilter(ApplicationFilterChain.java:153)
2025-10-01 20:42:16 [http-nio-8080-exec-2] ERROR FileManagerService:19 - org.springframework.web.filter.RequestContextFilter.doFilterInternal(RequestContextFilter.java:100)
2025-10-01 20:42:16 [http-nio-8080-exec-2] ERROR FileManagerService:19 - org.springframework.web.filter.OncePerRequestFilter.doFilter(OncePerRequestFilter.java:117)
2025-10-01 20:42:16 [http-nio-8080-exec-2] ERROR FileManagerService:19 - org.apache.catalina.core.ApplicationFilterChain.internalDoFilter(ApplicationFilterChain.java:178)
2025-10-01 20:42:16 [http-nio-8080-exec-2] ERROR FileManagerService:19 - org.apache.catalina.core.ApplicationFilterChain.doFilter(ApplicationFilterChain.java:153)
2025-10-01 20:42:16 [http-nio-8080-exec-2] ERROR FileManagerService:19 - org.springframework.web.filter.FormContentFilter.doFilterInternal(FormContentFilter.java:93)
2025-10-01 20:42:16 [http-nio-8080-exec-2] ERROR FileManagerService:19 - org.springframework.web.filter.OncePerRequestFilter.doFilter(OncePerRequestFilter.java:117)
2025-10-01 20:42:16 [http-nio-8080-exec-2] ERROR FileManagerService:19 - org.apache.catalina.core.ApplicationFilterChain.internalDoFilter(ApplicationFilterChain.java:178)
2025-10-01 20:42:16 [http-nio-8080-exec-2] ERROR FileManagerService:19 - org.apache.catalina.core.ApplicationFilterChain.doFilter(ApplicationFilterChain.java:153)
2025-10-01 20:42:16 [http-nio-8080-exec-2] ERROR FileManagerService:19 - org.springframework.web.filter.CharacterEncodingFilter.doFilterInternal(CharacterEncodingFilter.java:201)
2025-10-01 20:42:16 [http-nio-8080-exec-2] ERROR FileManagerService:19 - org.springframework.web.filter.OncePerRequestFilter.doFilter(OncePerRequestFilter.java:117)
2025-10-01 20:42:16 [http-nio-8080-exec-2] ERROR FileManagerService:19 - org.apache.catalina.core.ApplicationFilterChain.internalDoFilter(ApplicationFilterChain.java:178)
2025-10-01 20:42:16 [http-nio-8080-exec-2] ERROR FileManagerService:19 - org.apache.catalina.core.ApplicationFilterChain.doFilter(ApplicationFilterChain.java:153)
2025-10-01 20:42:16 [http-nio-8080-exec-2] ERROR FileManagerService:19 - org.apache.catalina.core.StandardWrapperValve.invoke(StandardWrapperValve.java:168)
2025-10-01 20:42:16 [http-nio-8080-exec-2] ERROR FileManagerService:19 - org.apache.catalina.core.StandardContextValve.invoke(StandardContextValve.java:90)
2025-10-01 20:42:16 [http-nio-8080-exec-2] ERROR FileManagerService:19 - org.apache.catalina.authenticator.AuthenticatorBase.invoke(AuthenticatorBase.java:481)
2025-10-01 20:42:16 [http-nio-8080-exec-2] ERROR FileManagerService:19 - org.apache.catalina.core.StandardHostValve.invoke(StandardHostValve.java:130)
2025-10-01 20:42:16 [http-nio-8080-exec-2] ERROR FileManagerService:19 - org.apache.catalina.valves.ErrorReportValve.invoke(ErrorReportValve.java:93)
2025-10-01 20:42:16 [http-nio-8080-exec-2] ERROR FileManagerService:19 - org.apache.catalina.core.StandardEngineValve.invoke(StandardEngineValve.java:74)
2025-10-01 20:42:16 [http-nio-8080-exec-2] ERROR FileManagerService:19 - org.apache.catalina.connector.CoyoteAdapter.service(CoyoteAdapter.java:342)
2025-10-01 20:42:16 [http-nio-8080-exec-2] ERROR FileManagerService:19 - org.apache.coyote.http11.Http11Processor.service(Http11Processor.java:390)
2025-10-01 20:42:16 [http-nio-8080-exec-2] ERROR FileManagerService:19 - org.apache.coyote.AbstractProcessorLight.process(AbstractProcessorLight.java:63)
2025-10-01 20:42:16 [http-nio-8080-exec-2] ERROR FileManagerService:19 - org.apache.coyote.AbstractProtocol$ConnectionHandler.process(AbstractProtocol.java:928)
2025-10-01 20:42:16 [http-nio-8080-exec-2] ERROR FileManagerService:19 - org.apache.tomcat.util.net.NioEndpoint$SocketProcessor.doRun(NioEndpoint.java:1794)
2025-10-01 20:42:16 [http-nio-8080-exec-2] ERROR FileManagerService:19 - org.apache.tomcat.util.net.SocketProcessorBase.run(SocketProcessorBase.java:52)
2025-10-01 20:42:16 [http-nio-8080-exec-2] ERROR FileManagerService:19 - org.apache.tomcat.util.threads.ThreadPoolExecutor.runWorker(ThreadPoolExecutor.java:1191)
2025-10-01 20:42:16 [http-nio-8080-exec-2] ERROR FileManagerService:19 - org.apache.tomcat.util.threads.ThreadPoolExecutor$Worker.run(ThreadPoolExecutor.java:659)
2025-10-01 20:42:16 [http-nio-8080-exec-2] ERROR FileManagerService:19 - org.apache.tomcat.util.threads.TaskThread$WrappingRunnable.run(TaskThread.java:61)
2025-10-01 20:42:16 [http-nio-8080-exec-2] ERROR FileManagerService:19 - java.base/java.lang.Thread.run(Thread.java:1583)
2025-10-01 20:42:16 [http-nio-8080-exec-2] ERROR [dispatcherServlet]:175 - Servlet.service() for servlet [dispatcherServlet] in context with path [] threw exception [Request processing failed; nested exception is java.lang.ClassCastException: Cannot cast [Ljava.lang.reflect.Field; to mti.com.telegram.vo.TelegramIn] with root cause
java.lang.ClassCastException: Cannot cast [Ljava.lang.reflect.Field; to mti.com.telegram.vo.TelegramIn
	at java.lang.Class.cast(Class.java:4067) ~[?:?]
	at java.lang.invoke.VarHandleReferences$FieldInstanceReadOnly.get(VarHandleReferences.java:92) ~[?:?]
	at mti.com.telegram.util.TelegramUtil.getPacketSize(TelegramUtil.java:351) ~[classes/:?]
	at mti.com.telegram.mapping.ByteEncoder.convertObjectToBytes(ByteEncoder.java:32) ~[classes/:?]
	at mti.com.telegram.util.InterfaceTelegram.interfaceTuxedo(InterfaceTelegram.java:26) ~[classes/:?]
	at maas.bcap.common.ServiceSupport.tuxedoTransaction(ServiceSupport.java:63) ~[classes/:?]
	at maas.bcap.service.FileManagerService.interfaceTuxedo(FileManagerService.java:81) ~[classes/:?]
	at maas.bcap.service.FileManagerService.saveFilesToDevonC(FileManagerService.java:34) ~[classes/:?]
	at maas.bcap.service.FileUploadService.registerNewFiles(FileUploadService.java:136) ~[classes/:?]
	at maas.bcap.service.FileUploadService.upload(FileUploadService.java:77) ~[classes/:?]
	at maas.bcap.controller.FileManagerController.upload(FileManagerController.java:47) ~[classes/:?]
	at jdk.internal.reflect.DirectMethodHandleAccessor.invoke(DirectMethodHandleAccessor.java:103) ~[?:?]
	at java.lang.reflect.Method.invoke(Method.java:580) ~[?:?]
	at org.springframework.web.method.support.InvocableHandlerMethod.doInvoke(InvocableHandlerMethod.java:205) ~[spring-web-5.3.31.jar:5.3.31]
	at org.springframework.web.method.support.InvocableHandlerMethod.invokeForRequest(InvocableHandlerMethod.java:150) ~[spring-web-5.3.31.jar:5.3.31]
	at org.springframework.web.servlet.mvc.method.annotation.ServletInvocableHandlerMethod.invokeAndHandle(ServletInvocableHandlerMethod.java:117) ~[spring-webmvc-5.3.31.jar:5.3.31]
	at org.springframework.web.servlet.mvc.method.annotation.RequestMappingHandlerAdapter.invokeHandlerMethod(RequestMappingHandlerAdapter.java:895) ~[spring-webmvc-5.3.31.jar:5.3.31]
	at org.springframework.web.servlet.mvc.method.annotation.RequestMappingHandlerAdapter.handleInternal(RequestMappingHandlerAdapter.java:808) ~[spring-webmvc-5.3.31.jar:5.3.31]
	at org.springframework.web.servlet.mvc.method.AbstractHandlerMethodAdapter.handle(AbstractHandlerMethodAdapter.java:87) ~[spring-webmvc-5.3.31.jar:5.3.31]
	at org.springframework.web.servlet.DispatcherServlet.doDispatch(DispatcherServlet.java:1072) ~[spring-webmvc-5.3.31.jar:5.3.31]
	at org.springframework.web.servlet.DispatcherServlet.doService(DispatcherServlet.java:965) ~[spring-webmvc-5.3.31.jar:5.3.31]
	at org.springframework.web.servlet.FrameworkServlet.processRequest(FrameworkServlet.java:1006) ~[spring-webmvc-5.3.31.jar:5.3.31]
	at org.springframework.web.servlet.FrameworkServlet.doPost(FrameworkServlet.java:909) ~[spring-webmvc-5.3.31.jar:5.3.31]
	at javax.servlet.http.HttpServlet.service(HttpServlet.java:555) ~[tomcat-embed-core-9.0.83.jar:4.0.FR]
	at org.springframework.web.servlet.FrameworkServlet.service(FrameworkServlet.java:883) ~[spring-webmvc-5.3.31.jar:5.3.31]
	at javax.servlet.http.HttpServlet.service(HttpServlet.java:623) ~[tomcat-embed-core-9.0.83.jar:4.0.FR]
	at org.apache.catalina.core.ApplicationFilterChain.internalDoFilter(ApplicationFilterChain.java:209) ~[tomcat-embed-core-9.0.83.jar:9.0.83]
	at org.apache.catalina.core.ApplicationFilterChain.doFilter(ApplicationFilterChain.java:153) ~[tomcat-embed-core-9.0.83.jar:9.0.83]
	at org.apache.tomcat.websocket.server.WsFilter.doFilter(WsFilter.java:51) ~[tomcat-embed-websocket-9.0.83.jar:9.0.83]
	at org.apache.catalina.core.ApplicationFilterChain.internalDoFilter(ApplicationFilterChain.java:178) ~[tomcat-embed-core-9.0.83.jar:9.0.83]
	at org.apache.catalina.core.ApplicationFilterChain.doFilter(ApplicationFilterChain.java:153) ~[tomcat-embed-core-9.0.83.jar:9.0.83]
	at org.springframework.web.filter.OncePerRequestFilter.doFilter(OncePerRequestFilter.java:111) ~[spring-web-5.3.31.jar:5.3.31]
	at org.apache.catalina.core.ApplicationFilterChain.internalDoFilter(ApplicationFilterChain.java:178) ~[tomcat-embed-core-9.0.83.jar:9.0.83]
	at org.apache.catalina.core.ApplicationFilterChain.doFilter(ApplicationFilterChain.java:153) ~[tomcat-embed-core-9.0.83.jar:9.0.83]
	at org.springframework.security.web.FilterChainProxy$VirtualFilterChain.doFilter(FilterChainProxy.java:337) ~[spring-security-web-5.7.11.jar:5.7.11]
	at org.springframework.security.web.access.intercept.AuthorizationFilter.doFilter(AuthorizationFilter.java:96) ~[spring-security-web-5.7.11.jar:5.7.11]
	at org.springframework.security.web.FilterChainProxy$VirtualFilterChain.doFilter(FilterChainProxy.java:346) ~[spring-security-web-5.7.11.jar:5.7.11]
	at org.springframework.security.web.access.ExceptionTranslationFilter.doFilter(ExceptionTranslationFilter.java:122) ~[spring-security-web-5.7.11.jar:5.7.11]
	at org.springframework.security.web.access.ExceptionTranslationFilter.doFilter(ExceptionTranslationFilter.java:116) ~[spring-security-web-5.7.11.jar:5.7.11]
	at org.springframework.security.web.FilterChainProxy$VirtualFilterChain.doFilter(FilterChainProxy.java:346) ~[spring-security-web-5.7.11.jar:5.7.11]
	at org.springframework.security.web.session.SessionManagementFilter.doFilter(SessionManagementFilter.java:126) ~[spring-security-web-5.7.11.jar:5.7.11]
	at org.springframework.security.web.session.SessionManagementFilter.doFilter(SessionManagementFilter.java:81) ~[spring-security-web-5.7.11.jar:5.7.11]
	at org.springframework.security.web.FilterChainProxy$VirtualFilterChain.doFilter(FilterChainProxy.java:346) ~[spring-security-web-5.7.11.jar:5.7.11]
	at org.springframework.security.web.authentication.AnonymousAuthenticationFilter.doFilter(AnonymousAuthenticationFilter.java:109) ~[spring-security-web-5.7.11.jar:5.7.11]
	at org.springframework.security.web.FilterChainProxy$VirtualFilterChain.doFilter(FilterChainProxy.java:346) ~[spring-security-web-5.7.11.jar:5.7.11]
	at org.springframework.security.web.servletapi.SecurityContextHolderAwareRequestFilter.doFilter(SecurityContextHolderAwareRequestFilter.java:149) ~[spring-security-web-5.7.11.jar:5.7.11]
	at org.springframework.security.web.FilterChainProxy$VirtualFilterChain.doFilter(FilterChainProxy.java:346) ~[spring-security-web-5.7.11.jar:5.7.11]
	at org.springframework.security.web.savedrequest.RequestCacheAwareFilter.doFilter(RequestCacheAwareFilter.java:63) ~[spring-security-web-5.7.11.jar:5.7.11]
	at org.springframework.security.web.FilterChainProxy$VirtualFilterChain.doFilter(FilterChainProxy.java:346) ~[spring-security-web-5.7.11.jar:5.7.11]
	at maas.bcap.security.JwtAuthFilter.doFilterInternal(JwtAuthFilter.java:70) ~[classes/:?]
	at org.springframework.web.filter.OncePerRequestFilter.doFilter(OncePerRequestFilter.java:117) ~[spring-web-5.3.31.jar:5.3.31]
	at org.springframework.security.web.FilterChainProxy$VirtualFilterChain.doFilter(FilterChainProxy.java:346) ~[spring-security-web-5.7.11.jar:5.7.11]
	at org.springframework.security.web.authentication.logout.LogoutFilter.doFilter(LogoutFilter.java:103) ~[spring-security-web-5.7.11.jar:5.7.11]
	at org.springframework.security.web.authentication.logout.LogoutFilter.doFilter(LogoutFilter.java:89) ~[spring-security-web-5.7.11.jar:5.7.11]
	at org.springframework.security.web.FilterChainProxy$VirtualFilterChain.doFilter(FilterChainProxy.java:346) ~[spring-security-web-5.7.11.jar:5.7.11]
	at org.springframework.web.filter.CorsFilter.doFilterInternal(CorsFilter.java:91) ~[spring-web-5.3.31.jar:5.3.31]
	at org.springframework.web.filter.OncePerRequestFilter.doFilter(OncePerRequestFilter.java:117) ~[spring-web-5.3.31.jar:5.3.31]
	at org.springframework.security.web.FilterChainProxy$VirtualFilterChain.doFilter(FilterChainProxy.java:346) ~[spring-security-web-5.7.11.jar:5.7.11]
	at org.springframework.security.web.header.HeaderWriterFilter.doHeadersAfter(HeaderWriterFilter.java:90) ~[spring-security-web-5.7.11.jar:5.7.11]
	at org.springframework.security.web.header.HeaderWriterFilter.doFilterInternal(HeaderWriterFilter.java:75) ~[spring-security-web-5.7.11.jar:5.7.11]
	at org.springframework.web.filter.OncePerRequestFilter.doFilter(OncePerRequestFilter.java:117) ~[spring-web-5.3.31.jar:5.3.31]
	at org.springframework.security.web.FilterChainProxy$VirtualFilterChain.doFilter(FilterChainProxy.java:346) ~[spring-security-web-5.7.11.jar:5.7.11]
	at org.springframework.security.web.context.SecurityContextPersistenceFilter.doFilter(SecurityContextPersistenceFilter.java:112) ~[spring-security-web-5.7.11.jar:5.7.11]
	at org.springframework.security.web.context.SecurityContextPersistenceFilter.doFilter(SecurityContextPersistenceFilter.java:82) ~[spring-security-web-5.7.11.jar:5.7.11]
	at org.springframework.security.web.FilterChainProxy$VirtualFilterChain.doFilter(FilterChainProxy.java:346) ~[spring-security-web-5.7.11.jar:5.7.11]
	at org.springframework.security.web.context.request.async.WebAsyncManagerIntegrationFilter.doFilterInternal(WebAsyncManagerIntegrationFilter.java:55) ~[spring-security-web-5.7.11.jar:5.7.11]
	at org.springframework.web.filter.OncePerRequestFilter.doFilter(OncePerRequestFilter.java:117) ~[spring-web-5.3.31.jar:5.3.31]
	at org.springframework.security.web.FilterChainProxy$VirtualFilterChain.doFilter(FilterChainProxy.java:346) ~[spring-security-web-5.7.11.jar:5.7.11]
	at org.springframework.security.web.session.DisableEncodeUrlFilter.doFilterInternal(DisableEncodeUrlFilter.java:42) ~[spring-security-web-5.7.11.jar:5.7.11]
	at org.springframework.web.filter.OncePerRequestFilter.doFilter(OncePerRequestFilter.java:117) ~[spring-web-5.3.31.jar:5.3.31]
	at org.springframework.security.web.FilterChainProxy$VirtualFilterChain.doFilter(FilterChainProxy.java:346) ~[spring-security-web-5.7.11.jar:5.7.11]
	at org.springframework.security.web.FilterChainProxy.doFilterInternal(FilterChainProxy.java:221) ~[spring-security-web-5.7.11.jar:5.7.11]
	at org.springframework.security.web.FilterChainProxy.doFilter(FilterChainProxy.java:186) ~[spring-security-web-5.7.11.jar:5.7.11]
	at org.springframework.web.filter.DelegatingFilterProxy.invokeDelegate(DelegatingFilterProxy.java:354) ~[spring-web-5.3.31.jar:5.3.31]
	at org.springframework.web.filter.DelegatingFilterProxy.doFilter(DelegatingFilterProxy.java:267) ~[spring-web-5.3.31.jar:5.3.31]
	at org.apache.catalina.core.ApplicationFilterChain.internalDoFilter(ApplicationFilterChain.java:178) ~[tomcat-embed-core-9.0.83.jar:9.0.83]
	at org.apache.catalina.core.ApplicationFilterChain.doFilter(ApplicationFilterChain.java:153) ~[tomcat-embed-core-9.0.83.jar:9.0.83]
	at org.springframework.web.filter.RequestContextFilter.doFilterInternal(RequestContextFilter.java:100) ~[spring-web-5.3.31.jar:5.3.31]
	at org.springframework.web.filter.OncePerRequestFilter.doFilter(OncePerRequestFilter.java:117) ~[spring-web-5.3.31.jar:5.3.31]
	at org.apache.catalina.core.ApplicationFilterChain.internalDoFilter(ApplicationFilterChain.java:178) ~[tomcat-embed-core-9.0.83.jar:9.0.83]
	at org.apache.catalina.core.ApplicationFilterChain.doFilter(ApplicationFilterChain.java:153) ~[tomcat-embed-core-9.0.83.jar:9.0.83]
	at org.springframework.web.filter.FormContentFilter.doFilterInternal(FormContentFilter.java:93) ~[spring-web-5.3.31.jar:5.3.31]
	at org.springframework.web.filter.OncePerRequestFilter.doFilter(OncePerRequestFilter.java:117) ~[spring-web-5.3.31.jar:5.3.31]
	at org.apache.catalina.core.ApplicationFilterChain.internalDoFilter(ApplicationFilterChain.java:178) ~[tomcat-embed-core-9.0.83.jar:9.0.83]
	at org.apache.catalina.core.ApplicationFilterChain.doFilter(ApplicationFilterChain.java:153) ~[tomcat-embed-core-9.0.83.jar:9.0.83]
	at org.springframework.web.filter.CharacterEncodingFilter.doFilterInternal(CharacterEncodingFilter.java:201) ~[spring-web-5.3.31.jar:5.3.31]
	at org.springframework.web.filter.OncePerRequestFilter.doFilter(OncePerRequestFilter.java:117) ~[spring-web-5.3.31.jar:5.3.31]
	at org.apache.catalina.core.ApplicationFilterChain.internalDoFilter(ApplicationFilterChain.java:178) ~[tomcat-embed-core-9.0.83.jar:9.0.83]
	at org.apache.catalina.core.ApplicationFilterChain.doFilter(ApplicationFilterChain.java:153) ~[tomcat-embed-core-9.0.83.jar:9.0.83]
	at org.apache.catalina.core.StandardWrapperValve.invoke(StandardWrapperValve.java:168) ~[tomcat-embed-core-9.0.83.jar:9.0.83]
	at org.apache.catalina.core.StandardContextValve.invoke(StandardContextValve.java:90) ~[tomcat-embed-core-9.0.83.jar:9.0.83]
	at org.apache.catalina.authenticator.AuthenticatorBase.invoke(AuthenticatorBase.java:481) ~[tomcat-embed-core-9.0.83.jar:9.0.83]
	at org.apache.catalina.core.StandardHostValve.invoke(StandardHostValve.java:130) ~[tomcat-embed-core-9.0.83.jar:9.0.83]
	at org.apache.catalina.valves.ErrorReportValve.invoke(ErrorReportValve.java:93) ~[tomcat-embed-core-9.0.83.jar:9.0.83]
	at org.apache.catalina.core.StandardEngineValve.invoke(StandardEngineValve.java:74) ~[tomcat-embed-core-9.0.83.jar:9.0.83]
	at org.apache.catalina.connector.CoyoteAdapter.service(CoyoteAdapter.java:342) ~[tomcat-embed-core-9.0.83.jar:9.0.83]
	at org.apache.coyote.http11.Http11Processor.service(Http11Processor.java:390) ~[tomcat-embed-core-9.0.83.jar:9.0.83]
	at org.apache.coyote.AbstractProcessorLight.process(AbstractProcessorLight.java:63) ~[tomcat-embed-core-9.0.83.jar:9.0.83]
	at org.apache.coyote.AbstractProtocol$ConnectionHandler.process(AbstractProtocol.java:928) ~[tomcat-embed-core-9.0.83.jar:9.0.83]
	at org.apache.tomcat.util.net.NioEndpoint$SocketProcessor.doRun(NioEndpoint.java:1794) ~[tomcat-embed-core-9.0.83.jar:9.0.83]
	at org.apache.tomcat.util.net.SocketProcessorBase.run(SocketProcessorBase.java:52) ~[tomcat-embed-core-9.0.83.jar:9.0.83]
	at org.apache.tomcat.util.threads.ThreadPoolExecutor.runWorker(ThreadPoolExecutor.java:1191) ~[tomcat-embed-core-9.0.83.jar:9.0.83]
	at org.apache.tomcat.util.threads.ThreadPoolExecutor$Worker.run(ThreadPoolExecutor.java:659) ~[tomcat-embed-core-9.0.83.jar:9.0.83]
	at org.apache.tomcat.util.threads.TaskThread$WrappingRunnable.run(TaskThread.java:61) ~[tomcat-embed-core-9.0.83.jar:9.0.83]
	at java.lang.Thread.run(Thread.java:1583) ~[?:?]
2025-10-01 20:50:02 [main] INFO  BcapApplication:55 - Starting BcapApplication using Java 21.0.6 on LeRuccoLOQ with PID 27396 (C:\bcap\bcap-be\target\classes started by drucc in C:\bcap\bcap-be)
2025-10-01 20:50:02 [main] INFO  BcapApplication:632 - No active profile set, falling back to 1 default profile: "default"
2025-10-01 20:50:03 [main] INFO  TomcatWebServer:108 - Tomcat initialized with port(s): 8080 (http)
2025-10-01 20:50:03 [main] INFO  Http11NioProtocol:173 - Initializing ProtocolHandler ["http-nio-8080"]
2025-10-01 20:50:03 [main] INFO  StandardService:173 - Starting service [Tomcat]
2025-10-01 20:50:03 [main] INFO  StandardEngine:173 - Starting Servlet engine: [Apache Tomcat/9.0.83]
2025-10-01 20:50:03 [main] INFO  [/]:173 - Initializing Spring embedded WebApplicationContext
2025-10-01 20:50:03 [main] INFO  ServletWebServerApplicationContext:292 - Root WebApplicationContext: initialization completed in 882 ms
2025-10-01 20:50:03 [main] WARN  UserDetailsServiceAutoConfiguration:89 - 

Using generated security password: 3ff1ce2c-7d49-4dcc-880e-22b717ab2eb5

This generated password is for development use only. Your security configuration must be updated before running your application in production.

2025-10-01 20:50:04 [main] INFO  DefaultSecurityFilterChain:55 - Will secure any request with [org.springframework.security.web.session.DisableEncodeUrlFilter@2b148329, org.springframework.security.web.context.request.async.WebAsyncManagerIntegrationFilter@62c72501, org.springframework.security.web.context.SecurityContextPersistenceFilter@4337afd, org.springframework.security.web.header.HeaderWriterFilter@342e690b, org.springframework.web.filter.CorsFilter@c889805, org.springframework.security.web.authentication.logout.LogoutFilter@47c7a9e5, maas.bcap.security.JwtAuthFilter@2f860823, org.springframework.security.web.savedrequest.RequestCacheAwareFilter@3fa7df1, org.springframework.security.web.servletapi.SecurityContextHolderAwareRequestFilter@a146b11, org.springframework.security.web.authentication.AnonymousAuthenticationFilter@77db3d02, org.springframework.security.web.session.SessionManagementFilter@32456db0, org.springframework.security.web.access.ExceptionTranslationFilter@2fb25f4c, org.springframework.security.web.access.intercept.AuthorizationFilter@40113163]
2025-10-01 20:50:04 [main] INFO  Http11NioProtocol:173 - Starting ProtocolHandler ["http-nio-8080"]
2025-10-01 20:50:04 [main] INFO  TomcatWebServer:220 - Tomcat started on port(s): 8080 (http) with context path ''
2025-10-01 20:50:04 [main] INFO  BcapApplication:61 - Started BcapApplication in 1.717 seconds (JVM running for 2.194)
2025-10-01 20:50:04 [main] INFO  BcapApplication:18 - Start Application
2025-10-01 20:52:24 [http-nio-8080-exec-1] INFO  [/]:173 - Initializing Spring DispatcherServlet 'dispatcherServlet'
2025-10-01 20:52:24 [http-nio-8080-exec-1] INFO  DispatcherServlet:525 - Initializing Servlet 'dispatcherServlet'
2025-10-01 20:52:24 [http-nio-8080-exec-1] INFO  DispatcherServlet:547 - Completed initialization in 1 ms
2025-10-01 20:52:24 [http-nio-8080-exec-2] INFO  FileManagerController:45 - inDto : FileUploadInDto(fileDiv=div1, fileDesc=desc1, extraPath=null, attachFileId=1111, attachFileSeqNo=null, screenId=FileUpload)
2025-10-01 20:52:24 [http-nio-8080-exec-2] INFO  FileManagerController:46 - Files : [org.springframework.web.multipart.support.StandardMultipartHttpServletRequest$StandardMultipartFile@f2267e]
2025-10-01 20:52:24 [http-nio-8080-exec-2] INFO  FileUploadService:48 - FileUploadService.upload
2025-10-01 20:52:24 [http-nio-8080-exec-2] INFO  FileUploadService:52 - Content-Type multipart/form-data; boundary=----WebKitFormBoundaryKXl7WR0XpAk0NS3f
2025-10-01 20:52:24 [http-nio-8080-exec-2] INFO  FileUploadService:69 - UserInfoFileManagerDto(screenId=FileUpload, userIp=0:0:0:0:0:0:0:1)
2025-10-01 20:52:24 [http-nio-8080-exec-2] INFO  FileUploadService:87 - FileManagerService.registerNewFiles
2025-10-01 20:52:24 [http-nio-8080-exec-2] INFO  FileUploadService:190 - FileUploadService.checkFileExtension
2025-10-01 20:52:24 [http-nio-8080-exec-2] INFO  FileUploadService:192 - originFileName : [279111.jpg]
2025-10-01 20:52:24 [http-nio-8080-exec-2] INFO  FileUploadService:194 - jpg
2025-10-01 20:52:24 [http-nio-8080-exec-2] INFO  FileUploadService:133 - FileInVo(attach_file_id=null, attach_file_clcd=div1, attach_file_expl=desc1, upd_yn=N, req_clcd=null, sub1Vos=[FileInSub1Vo(attach_file_id=null, attach_file_seq_no=null, attach_file_clcd=null, del_yn=null, file_nm=279111.jpg, upl_file_size=222793, upl_file_nm=null, file_path=D:/bcap\div1, pfr_rank=0, inp_usr_id=1787130271, inp_pgm_id=FileUpload, chng_usr_id=null, chng_pgm_id=null)])
2025-10-01 20:52:24 [http-nio-8080-exec-2] INFO  FileManagerService:28 - FileManagerService.saveFilesToDevonC
2025-10-01 20:52:24 [http-nio-8080-exec-2] INFO  FileManagerService:32 - FileInVo(attach_file_id=null, attach_file_clcd=div1, attach_file_expl=desc1, upd_yn=N, req_clcd=U1, sub1Vos=[FileInSub1Vo(attach_file_id=null, attach_file_seq_no=null, attach_file_clcd=null, del_yn=null, file_nm=279111.jpg, upl_file_size=222793, upl_file_nm=null, file_path=D:/bcap\div1, pfr_rank=0, inp_usr_id=1787130271, inp_pgm_id=FileUpload, chng_usr_id=null, chng_pgm_id=null)])
2025-10-01 20:52:24 [http-nio-8080-exec-2] INFO  FileManagerService:60 - FileManagerService.interfaceTuxedo
2025-10-01 20:52:24 [http-nio-8080-exec-2] INFO  FileManagerService:75 - TelegramUserDataInput(tx_code=SAZ06F010U, client_ip_no=0:0:0:0:0:0:0:1, client_mac=, scrn_id=FileUpload, op_id=1787130271, sync_type=A, async_rspn_yn=0, rspn_svc_code=, ttl_use_flag=0, ttl=0, long_msg_type=1, dst_inst_code=null, fail_knd=null, ap_host_name=null, ap_caller_id=null, lang_type=EN)
2025-10-01 20:52:24 [http-nio-8080-exec-2] INFO  InterfaceTelegram:18 - #################### Interface Tuxedo ####################
2025-10-01 20:52:24 [http-nio-8080-exec-2] INFO  InterfaceTelegram:19 - FileInVo(attach_file_id=null, attach_file_clcd=div1, attach_file_expl=desc1, upd_yn=N, req_clcd=U1, sub1Vos=[FileInSub1Vo(attach_file_id=null, attach_file_seq_no=null, attach_file_clcd=null, del_yn=null, file_nm=279111.jpg, upl_file_size=222793, upl_file_nm=null, file_path=D:/bcap\div1, pfr_rank=0, inp_usr_id=1787130271, inp_pgm_id=FileUpload, chng_usr_id=null, chng_pgm_id=null)])
2025-10-01 20:52:24 [http-nio-8080-exec-2] INFO  InterfaceTelegram:20 - FileOutVo(rson_cd=null, attach_file_id=null, attach_file_clcd=null, attach_file_expl=null, upd_yn=null, req_clcd=null, sub1Vos=null)
2025-10-01 20:52:24 [http-nio-8080-exec-2] INFO  InterfaceTelegram:23 - ByteEncoder
2025-10-01 20:52:24 [http-nio-8080-exec-2] ERROR TelegramBuilder:11 - java.lang.ClassCastException: Cannot cast java.lang.reflect.Field to mti.com.telegram.vo.TelegramInData
2025-10-01 20:52:24 [http-nio-8080-exec-2] ERROR TelegramBuilder:19 - java.base/java.lang.Class.cast(Class.java:4067)
2025-10-01 20:52:24 [http-nio-8080-exec-2] ERROR TelegramBuilder:19 - java.base/java.lang.invoke.VarHandleReferences$FieldInstanceReadOnly.get(VarHandleReferences.java:92)
2025-10-01 20:52:24 [http-nio-8080-exec-2] ERROR TelegramBuilder:19 - mti.com.telegram.util.TelegramUtil.getPacketSize(TelegramUtil.java:351)
2025-10-01 20:52:24 [http-nio-8080-exec-2] ERROR TelegramBuilder:19 - mti.com.telegram.util.TelegramBuilder.makeTelegramData(TelegramBuilder.java:132)
2025-10-01 20:52:24 [http-nio-8080-exec-2] ERROR TelegramBuilder:19 - mti.com.telegram.util.TelegramBuilder.getTelegramIn(TelegramBuilder.java:25)
2025-10-01 20:52:24 [http-nio-8080-exec-2] ERROR TelegramBuilder:19 - mti.com.telegram.util.InterfaceTelegram.interfaceTuxedo(InterfaceTelegram.java:24)
2025-10-01 20:52:24 [http-nio-8080-exec-2] ERROR TelegramBuilder:19 - maas.bcap.common.ServiceSupport.tuxedoTransaction(ServiceSupport.java:63)
2025-10-01 20:52:24 [http-nio-8080-exec-2] ERROR TelegramBuilder:19 - maas.bcap.service.FileManagerService.interfaceTuxedo(FileManagerService.java:81)
2025-10-01 20:52:24 [http-nio-8080-exec-2] ERROR TelegramBuilder:19 - maas.bcap.service.FileManagerService.saveFilesToDevonC(FileManagerService.java:34)
2025-10-01 20:52:24 [http-nio-8080-exec-2] ERROR TelegramBuilder:19 - maas.bcap.service.FileUploadService.registerNewFiles(FileUploadService.java:136)
2025-10-01 20:52:24 [http-nio-8080-exec-2] ERROR TelegramBuilder:19 - maas.bcap.service.FileUploadService.upload(FileUploadService.java:77)
2025-10-01 20:52:24 [http-nio-8080-exec-2] ERROR TelegramBuilder:19 - maas.bcap.controller.FileManagerController.upload(FileManagerController.java:47)
2025-10-01 20:52:24 [http-nio-8080-exec-2] ERROR TelegramBuilder:19 - java.base/jdk.internal.reflect.DirectMethodHandleAccessor.invoke(DirectMethodHandleAccessor.java:103)
2025-10-01 20:52:24 [http-nio-8080-exec-2] ERROR TelegramBuilder:19 - java.base/java.lang.reflect.Method.invoke(Method.java:580)
2025-10-01 20:52:24 [http-nio-8080-exec-2] ERROR TelegramBuilder:19 - org.springframework.web.method.support.InvocableHandlerMethod.doInvoke(InvocableHandlerMethod.java:205)
2025-10-01 20:52:24 [http-nio-8080-exec-2] ERROR TelegramBuilder:19 - org.springframework.web.method.support.InvocableHandlerMethod.invokeForRequest(InvocableHandlerMethod.java:150)
2025-10-01 20:52:24 [http-nio-8080-exec-2] ERROR TelegramBuilder:19 - org.springframework.web.servlet.mvc.method.annotation.ServletInvocableHandlerMethod.invokeAndHandle(ServletInvocableHandlerMethod.java:117)
2025-10-01 20:52:24 [http-nio-8080-exec-2] ERROR TelegramBuilder:19 - org.springframework.web.servlet.mvc.method.annotation.RequestMappingHandlerAdapter.invokeHandlerMethod(RequestMappingHandlerAdapter.java:895)
2025-10-01 20:52:24 [http-nio-8080-exec-2] ERROR TelegramBuilder:19 - org.springframework.web.servlet.mvc.method.annotation.RequestMappingHandlerAdapter.handleInternal(RequestMappingHandlerAdapter.java:808)
2025-10-01 20:52:24 [http-nio-8080-exec-2] ERROR TelegramBuilder:19 - org.springframework.web.servlet.mvc.method.AbstractHandlerMethodAdapter.handle(AbstractHandlerMethodAdapter.java:87)
2025-10-01 20:52:24 [http-nio-8080-exec-2] ERROR TelegramBuilder:19 - org.springframework.web.servlet.DispatcherServlet.doDispatch(DispatcherServlet.java:1072)
2025-10-01 20:52:24 [http-nio-8080-exec-2] ERROR TelegramBuilder:19 - org.springframework.web.servlet.DispatcherServlet.doService(DispatcherServlet.java:965)
2025-10-01 20:52:24 [http-nio-8080-exec-2] ERROR TelegramBuilder:19 - org.springframework.web.servlet.FrameworkServlet.processRequest(FrameworkServlet.java:1006)
2025-10-01 20:52:24 [http-nio-8080-exec-2] ERROR TelegramBuilder:19 - org.springframework.web.servlet.FrameworkServlet.doPost(FrameworkServlet.java:909)
2025-10-01 20:52:24 [http-nio-8080-exec-2] ERROR TelegramBuilder:19 - javax.servlet.http.HttpServlet.service(HttpServlet.java:555)
2025-10-01 20:52:24 [http-nio-8080-exec-2] ERROR TelegramBuilder:19 - org.springframework.web.servlet.FrameworkServlet.service(FrameworkServlet.java:883)
2025-10-01 20:52:24 [http-nio-8080-exec-2] ERROR TelegramBuilder:19 - javax.servlet.http.HttpServlet.service(HttpServlet.java:623)
2025-10-01 20:52:24 [http-nio-8080-exec-2] ERROR TelegramBuilder:19 - org.apache.catalina.core.ApplicationFilterChain.internalDoFilter(ApplicationFilterChain.java:209)
2025-10-01 20:52:24 [http-nio-8080-exec-2] ERROR TelegramBuilder:19 - org.apache.catalina.core.ApplicationFilterChain.doFilter(ApplicationFilterChain.java:153)
2025-10-01 20:52:24 [http-nio-8080-exec-2] ERROR TelegramBuilder:19 - org.apache.tomcat.websocket.server.WsFilter.doFilter(WsFilter.java:51)
2025-10-01 20:52:24 [http-nio-8080-exec-2] ERROR TelegramBuilder:19 - org.apache.catalina.core.ApplicationFilterChain.internalDoFilter(ApplicationFilterChain.java:178)
2025-10-01 20:52:24 [http-nio-8080-exec-2] ERROR TelegramBuilder:19 - org.apache.catalina.core.ApplicationFilterChain.doFilter(ApplicationFilterChain.java:153)
2025-10-01 20:52:24 [http-nio-8080-exec-2] ERROR TelegramBuilder:19 - org.springframework.web.filter.OncePerRequestFilter.doFilter(OncePerRequestFilter.java:111)
2025-10-01 20:52:24 [http-nio-8080-exec-2] ERROR TelegramBuilder:19 - org.apache.catalina.core.ApplicationFilterChain.internalDoFilter(ApplicationFilterChain.java:178)
2025-10-01 20:52:24 [http-nio-8080-exec-2] ERROR TelegramBuilder:19 - org.apache.catalina.core.ApplicationFilterChain.doFilter(ApplicationFilterChain.java:153)
2025-10-01 20:52:24 [http-nio-8080-exec-2] ERROR TelegramBuilder:19 - org.springframework.security.web.FilterChainProxy$VirtualFilterChain.doFilter(FilterChainProxy.java:337)
2025-10-01 20:52:24 [http-nio-8080-exec-2] ERROR TelegramBuilder:19 - org.springframework.security.web.access.intercept.AuthorizationFilter.doFilter(AuthorizationFilter.java:96)
2025-10-01 20:52:24 [http-nio-8080-exec-2] ERROR TelegramBuilder:19 - org.springframework.security.web.FilterChainProxy$VirtualFilterChain.doFilter(FilterChainProxy.java:346)
2025-10-01 20:52:24 [http-nio-8080-exec-2] ERROR TelegramBuilder:19 - org.springframework.security.web.access.ExceptionTranslationFilter.doFilter(ExceptionTranslationFilter.java:122)
2025-10-01 20:52:24 [http-nio-8080-exec-2] ERROR TelegramBuilder:19 - org.springframework.security.web.access.ExceptionTranslationFilter.doFilter(ExceptionTranslationFilter.java:116)
2025-10-01 20:52:24 [http-nio-8080-exec-2] ERROR TelegramBuilder:19 - org.springframework.security.web.FilterChainProxy$VirtualFilterChain.doFilter(FilterChainProxy.java:346)
2025-10-01 20:52:24 [http-nio-8080-exec-2] ERROR TelegramBuilder:19 - org.springframework.security.web.session.SessionManagementFilter.doFilter(SessionManagementFilter.java:126)
2025-10-01 20:52:24 [http-nio-8080-exec-2] ERROR TelegramBuilder:19 - org.springframework.security.web.session.SessionManagementFilter.doFilter(SessionManagementFilter.java:81)
2025-10-01 20:52:24 [http-nio-8080-exec-2] ERROR TelegramBuilder:19 - org.springframework.security.web.FilterChainProxy$VirtualFilterChain.doFilter(FilterChainProxy.java:346)
2025-10-01 20:52:24 [http-nio-8080-exec-2] ERROR TelegramBuilder:19 - org.springframework.security.web.authentication.AnonymousAuthenticationFilter.doFilter(AnonymousAuthenticationFilter.java:109)
2025-10-01 20:52:24 [http-nio-8080-exec-2] ERROR TelegramBuilder:19 - org.springframework.security.web.FilterChainProxy$VirtualFilterChain.doFilter(FilterChainProxy.java:346)
2025-10-01 20:52:24 [http-nio-8080-exec-2] ERROR TelegramBuilder:19 - org.springframework.security.web.servletapi.SecurityContextHolderAwareRequestFilter.doFilter(SecurityContextHolderAwareRequestFilter.java:149)
2025-10-01 20:52:24 [http-nio-8080-exec-2] ERROR TelegramBuilder:19 - org.springframework.security.web.FilterChainProxy$VirtualFilterChain.doFilter(FilterChainProxy.java:346)
2025-10-01 20:52:24 [http-nio-8080-exec-2] ERROR TelegramBuilder:19 - org.springframework.security.web.savedrequest.RequestCacheAwareFilter.doFilter(RequestCacheAwareFilter.java:63)
2025-10-01 20:52:24 [http-nio-8080-exec-2] ERROR TelegramBuilder:19 - org.springframework.security.web.FilterChainProxy$VirtualFilterChain.doFilter(FilterChainProxy.java:346)
2025-10-01 20:52:24 [http-nio-8080-exec-2] ERROR TelegramBuilder:19 - maas.bcap.security.JwtAuthFilter.doFilterInternal(JwtAuthFilter.java:70)
2025-10-01 20:52:24 [http-nio-8080-exec-2] ERROR TelegramBuilder:19 - org.springframework.web.filter.OncePerRequestFilter.doFilter(OncePerRequestFilter.java:117)
2025-10-01 20:52:24 [http-nio-8080-exec-2] ERROR TelegramBuilder:19 - org.springframework.security.web.FilterChainProxy$VirtualFilterChain.doFilter(FilterChainProxy.java:346)
2025-10-01 20:52:24 [http-nio-8080-exec-2] ERROR TelegramBuilder:19 - org.springframework.security.web.authentication.logout.LogoutFilter.doFilter(LogoutFilter.java:103)
2025-10-01 20:52:24 [http-nio-8080-exec-2] ERROR TelegramBuilder:19 - org.springframework.security.web.authentication.logout.LogoutFilter.doFilter(LogoutFilter.java:89)
2025-10-01 20:52:24 [http-nio-8080-exec-2] ERROR TelegramBuilder:19 - org.springframework.security.web.FilterChainProxy$VirtualFilterChain.doFilter(FilterChainProxy.java:346)
2025-10-01 20:52:24 [http-nio-8080-exec-2] ERROR TelegramBuilder:19 - org.springframework.web.filter.CorsFilter.doFilterInternal(CorsFilter.java:91)
2025-10-01 20:52:24 [http-nio-8080-exec-2] ERROR TelegramBuilder:19 - org.springframework.web.filter.OncePerRequestFilter.doFilter(OncePerRequestFilter.java:117)
2025-10-01 20:52:24 [http-nio-8080-exec-2] ERROR TelegramBuilder:19 - org.springframework.security.web.FilterChainProxy$VirtualFilterChain.doFilter(FilterChainProxy.java:346)
2025-10-01 20:52:24 [http-nio-8080-exec-2] ERROR TelegramBuilder:19 - org.springframework.security.web.header.HeaderWriterFilter.doHeadersAfter(HeaderWriterFilter.java:90)
2025-10-01 20:52:24 [http-nio-8080-exec-2] ERROR TelegramBuilder:19 - org.springframework.security.web.header.HeaderWriterFilter.doFilterInternal(HeaderWriterFilter.java:75)
2025-10-01 20:52:24 [http-nio-8080-exec-2] ERROR TelegramBuilder:19 - org.springframework.web.filter.OncePerRequestFilter.doFilter(OncePerRequestFilter.java:117)
2025-10-01 20:52:24 [http-nio-8080-exec-2] ERROR TelegramBuilder:19 - org.springframework.security.web.FilterChainProxy$VirtualFilterChain.doFilter(FilterChainProxy.java:346)
2025-10-01 20:52:24 [http-nio-8080-exec-2] ERROR TelegramBuilder:19 - org.springframework.security.web.context.SecurityContextPersistenceFilter.doFilter(SecurityContextPersistenceFilter.java:112)
2025-10-01 20:52:24 [http-nio-8080-exec-2] ERROR TelegramBuilder:19 - org.springframework.security.web.context.SecurityContextPersistenceFilter.doFilter(SecurityContextPersistenceFilter.java:82)
2025-10-01 20:52:24 [http-nio-8080-exec-2] ERROR TelegramBuilder:19 - org.springframework.security.web.FilterChainProxy$VirtualFilterChain.doFilter(FilterChainProxy.java:346)
2025-10-01 20:52:24 [http-nio-8080-exec-2] ERROR TelegramBuilder:19 - org.springframework.security.web.context.request.async.WebAsyncManagerIntegrationFilter.doFilterInternal(WebAsyncManagerIntegrationFilter.java:55)
2025-10-01 20:52:24 [http-nio-8080-exec-2] ERROR TelegramBuilder:19 - org.springframework.web.filter.OncePerRequestFilter.doFilter(OncePerRequestFilter.java:117)
2025-10-01 20:52:24 [http-nio-8080-exec-2] ERROR TelegramBuilder:19 - org.springframework.security.web.FilterChainProxy$VirtualFilterChain.doFilter(FilterChainProxy.java:346)
2025-10-01 20:52:24 [http-nio-8080-exec-2] ERROR TelegramBuilder:19 - org.springframework.security.web.session.DisableEncodeUrlFilter.doFilterInternal(DisableEncodeUrlFilter.java:42)
2025-10-01 20:52:24 [http-nio-8080-exec-2] ERROR TelegramBuilder:19 - org.springframework.web.filter.OncePerRequestFilter.doFilter(OncePerRequestFilter.java:117)
2025-10-01 20:52:24 [http-nio-8080-exec-2] ERROR TelegramBuilder:19 - org.springframework.security.web.FilterChainProxy$VirtualFilterChain.doFilter(FilterChainProxy.java:346)
2025-10-01 20:52:24 [http-nio-8080-exec-2] ERROR TelegramBuilder:19 - org.springframework.security.web.FilterChainProxy.doFilterInternal(FilterChainProxy.java:221)
2025-10-01 20:52:24 [http-nio-8080-exec-2] ERROR TelegramBuilder:19 - org.springframework.security.web.FilterChainProxy.doFilter(FilterChainProxy.java:186)
2025-10-01 20:52:24 [http-nio-8080-exec-2] ERROR TelegramBuilder:19 - org.springframework.web.filter.DelegatingFilterProxy.invokeDelegate(DelegatingFilterProxy.java:354)
2025-10-01 20:52:24 [http-nio-8080-exec-2] ERROR TelegramBuilder:19 - org.springframework.web.filter.DelegatingFilterProxy.doFilter(DelegatingFilterProxy.java:267)
2025-10-01 20:52:24 [http-nio-8080-exec-2] ERROR TelegramBuilder:19 - org.apache.catalina.core.ApplicationFilterChain.internalDoFilter(ApplicationFilterChain.java:178)
2025-10-01 20:52:24 [http-nio-8080-exec-2] ERROR TelegramBuilder:19 - org.apache.catalina.core.ApplicationFilterChain.doFilter(ApplicationFilterChain.java:153)
2025-10-01 20:52:24 [http-nio-8080-exec-2] ERROR TelegramBuilder:19 - org.springframework.web.filter.RequestContextFilter.doFilterInternal(RequestContextFilter.java:100)
2025-10-01 20:52:24 [http-nio-8080-exec-2] ERROR TelegramBuilder:19 - org.springframework.web.filter.OncePerRequestFilter.doFilter(OncePerRequestFilter.java:117)
2025-10-01 20:52:24 [http-nio-8080-exec-2] ERROR TelegramBuilder:19 - org.apache.catalina.core.ApplicationFilterChain.internalDoFilter(ApplicationFilterChain.java:178)
2025-10-01 20:52:24 [http-nio-8080-exec-2] ERROR TelegramBuilder:19 - org.apache.catalina.core.ApplicationFilterChain.doFilter(ApplicationFilterChain.java:153)
2025-10-01 20:52:24 [http-nio-8080-exec-2] ERROR TelegramBuilder:19 - org.springframework.web.filter.FormContentFilter.doFilterInternal(FormContentFilter.java:93)
2025-10-01 20:52:24 [http-nio-8080-exec-2] ERROR TelegramBuilder:19 - org.springframework.web.filter.OncePerRequestFilter.doFilter(OncePerRequestFilter.java:117)
2025-10-01 20:52:24 [http-nio-8080-exec-2] ERROR TelegramBuilder:19 - org.apache.catalina.core.ApplicationFilterChain.internalDoFilter(ApplicationFilterChain.java:178)
2025-10-01 20:52:24 [http-nio-8080-exec-2] ERROR TelegramBuilder:19 - org.apache.catalina.core.ApplicationFilterChain.doFilter(ApplicationFilterChain.java:153)
2025-10-01 20:52:24 [http-nio-8080-exec-2] ERROR TelegramBuilder:19 - org.springframework.web.filter.CharacterEncodingFilter.doFilterInternal(CharacterEncodingFilter.java:201)
2025-10-01 20:52:24 [http-nio-8080-exec-2] ERROR TelegramBuilder:19 - org.springframework.web.filter.OncePerRequestFilter.doFilter(OncePerRequestFilter.java:117)
2025-10-01 20:52:24 [http-nio-8080-exec-2] ERROR TelegramBuilder:19 - org.apache.catalina.core.ApplicationFilterChain.internalDoFilter(ApplicationFilterChain.java:178)
2025-10-01 20:52:24 [http-nio-8080-exec-2] ERROR TelegramBuilder:19 - org.apache.catalina.core.ApplicationFilterChain.doFilter(ApplicationFilterChain.java:153)
2025-10-01 20:52:24 [http-nio-8080-exec-2] ERROR TelegramBuilder:19 - org.apache.catalina.core.StandardWrapperValve.invoke(StandardWrapperValve.java:168)
2025-10-01 20:52:24 [http-nio-8080-exec-2] ERROR TelegramBuilder:19 - org.apache.catalina.core.StandardContextValve.invoke(StandardContextValve.java:90)
2025-10-01 20:52:24 [http-nio-8080-exec-2] ERROR TelegramBuilder:19 - org.apache.catalina.authenticator.AuthenticatorBase.invoke(AuthenticatorBase.java:481)
2025-10-01 20:52:24 [http-nio-8080-exec-2] ERROR TelegramBuilder:19 - org.apache.catalina.core.StandardHostValve.invoke(StandardHostValve.java:130)
2025-10-01 20:52:24 [http-nio-8080-exec-2] ERROR TelegramBuilder:19 - org.apache.catalina.valves.ErrorReportValve.invoke(ErrorReportValve.java:93)
2025-10-01 20:52:24 [http-nio-8080-exec-2] ERROR TelegramBuilder:19 - org.apache.catalina.core.StandardEngineValve.invoke(StandardEngineValve.java:74)
2025-10-01 20:52:24 [http-nio-8080-exec-2] ERROR TelegramBuilder:19 - org.apache.catalina.connector.CoyoteAdapter.service(CoyoteAdapter.java:342)
2025-10-01 20:52:24 [http-nio-8080-exec-2] ERROR TelegramBuilder:19 - org.apache.coyote.http11.Http11Processor.service(Http11Processor.java:390)
2025-10-01 20:52:24 [http-nio-8080-exec-2] ERROR TelegramBuilder:19 - org.apache.coyote.AbstractProcessorLight.process(AbstractProcessorLight.java:63)
2025-10-01 20:52:24 [http-nio-8080-exec-2] ERROR TelegramBuilder:19 - org.apache.coyote.AbstractProtocol$ConnectionHandler.process(AbstractProtocol.java:928)
2025-10-01 20:52:24 [http-nio-8080-exec-2] ERROR TelegramBuilder:19 - org.apache.tomcat.util.net.NioEndpoint$SocketProcessor.doRun(NioEndpoint.java:1794)
2025-10-01 20:52:24 [http-nio-8080-exec-2] ERROR TelegramBuilder:19 - org.apache.tomcat.util.net.SocketProcessorBase.run(SocketProcessorBase.java:52)
2025-10-01 20:52:24 [http-nio-8080-exec-2] ERROR TelegramBuilder:19 - org.apache.tomcat.util.threads.ThreadPoolExecutor.runWorker(ThreadPoolExecutor.java:1191)
2025-10-01 20:52:24 [http-nio-8080-exec-2] ERROR TelegramBuilder:19 - org.apache.tomcat.util.threads.ThreadPoolExecutor$Worker.run(ThreadPoolExecutor.java:659)
2025-10-01 20:52:24 [http-nio-8080-exec-2] ERROR TelegramBuilder:19 - org.apache.tomcat.util.threads.TaskThread$WrappingRunnable.run(TaskThread.java:61)
2025-10-01 20:52:24 [http-nio-8080-exec-2] ERROR TelegramBuilder:19 - java.base/java.lang.Thread.run(Thread.java:1583)
2025-10-01 20:52:24 [http-nio-8080-exec-2] ERROR TelegramBuilder:11 - java.lang.ClassCastException: Cannot cast java.lang.reflect.Field to mti.com.telegram.vo.TelegramIn
2025-10-01 20:52:24 [http-nio-8080-exec-2] ERROR TelegramBuilder:19 - java.base/java.lang.Class.cast(Class.java:4067)
2025-10-01 20:52:24 [http-nio-8080-exec-2] ERROR TelegramBuilder:19 - java.base/java.lang.invoke.VarHandleReferences$FieldInstanceReadOnly.get(VarHandleReferences.java:92)
2025-10-01 20:52:24 [http-nio-8080-exec-2] ERROR TelegramBuilder:19 - mti.com.telegram.util.TelegramUtil.getPacketSize(TelegramUtil.java:351)
2025-10-01 20:52:24 [http-nio-8080-exec-2] ERROR TelegramBuilder:19 - mti.com.telegram.util.TelegramBuilder.getTelegramIn(TelegramBuilder.java:28)
2025-10-01 20:52:24 [http-nio-8080-exec-2] ERROR TelegramBuilder:19 - mti.com.telegram.util.InterfaceTelegram.interfaceTuxedo(InterfaceTelegram.java:24)
2025-10-01 20:52:24 [http-nio-8080-exec-2] ERROR TelegramBuilder:19 - maas.bcap.common.ServiceSupport.tuxedoTransaction(ServiceSupport.java:63)
2025-10-01 20:52:24 [http-nio-8080-exec-2] ERROR TelegramBuilder:19 - maas.bcap.service.FileManagerService.interfaceTuxedo(FileManagerService.java:81)
2025-10-01 20:52:24 [http-nio-8080-exec-2] ERROR TelegramBuilder:19 - maas.bcap.service.FileManagerService.saveFilesToDevonC(FileManagerService.java:34)
2025-10-01 20:52:24 [http-nio-8080-exec-2] ERROR TelegramBuilder:19 - maas.bcap.service.FileUploadService.registerNewFiles(FileUploadService.java:136)
2025-10-01 20:52:24 [http-nio-8080-exec-2] ERROR TelegramBuilder:19 - maas.bcap.service.FileUploadService.upload(FileUploadService.java:77)
2025-10-01 20:52:24 [http-nio-8080-exec-2] ERROR TelegramBuilder:19 - maas.bcap.controller.FileManagerController.upload(FileManagerController.java:47)
2025-10-01 20:52:24 [http-nio-8080-exec-2] ERROR TelegramBuilder:19 - java.base/jdk.internal.reflect.DirectMethodHandleAccessor.invoke(DirectMethodHandleAccessor.java:103)
2025-10-01 20:52:24 [http-nio-8080-exec-2] ERROR TelegramBuilder:19 - java.base/java.lang.reflect.Method.invoke(Method.java:580)
2025-10-01 20:52:24 [http-nio-8080-exec-2] ERROR TelegramBuilder:19 - org.springframework.web.method.support.InvocableHandlerMethod.doInvoke(InvocableHandlerMethod.java:205)
2025-10-01 20:52:24 [http-nio-8080-exec-2] ERROR TelegramBuilder:19 - org.springframework.web.method.support.InvocableHandlerMethod.invokeForRequest(InvocableHandlerMethod.java:150)
2025-10-01 20:52:24 [http-nio-8080-exec-2] ERROR TelegramBuilder:19 - org.springframework.web.servlet.mvc.method.annotation.ServletInvocableHandlerMethod.invokeAndHandle(ServletInvocableHandlerMethod.java:117)
2025-10-01 20:52:24 [http-nio-8080-exec-2] ERROR TelegramBuilder:19 - org.springframework.web.servlet.mvc.method.annotation.RequestMappingHandlerAdapter.invokeHandlerMethod(RequestMappingHandlerAdapter.java:895)
2025-10-01 20:52:24 [http-nio-8080-exec-2] ERROR TelegramBuilder:19 - org.springframework.web.servlet.mvc.method.annotation.RequestMappingHandlerAdapter.handleInternal(RequestMappingHandlerAdapter.java:808)
2025-10-01 20:52:24 [http-nio-8080-exec-2] ERROR TelegramBuilder:19 - org.springframework.web.servlet.mvc.method.AbstractHandlerMethodAdapter.handle(AbstractHandlerMethodAdapter.java:87)
2025-10-01 20:52:24 [http-nio-8080-exec-2] ERROR TelegramBuilder:19 - org.springframework.web.servlet.DispatcherServlet.doDispatch(DispatcherServlet.java:1072)
2025-10-01 20:52:24 [http-nio-8080-exec-2] ERROR TelegramBuilder:19 - org.springframework.web.servlet.DispatcherServlet.doService(DispatcherServlet.java:965)
2025-10-01 20:52:24 [http-nio-8080-exec-2] ERROR TelegramBuilder:19 - org.springframework.web.servlet.FrameworkServlet.processRequest(FrameworkServlet.java:1006)
2025-10-01 20:52:24 [http-nio-8080-exec-2] ERROR TelegramBuilder:19 - org.springframework.web.servlet.FrameworkServlet.doPost(FrameworkServlet.java:909)
2025-10-01 20:52:24 [http-nio-8080-exec-2] ERROR TelegramBuilder:19 - javax.servlet.http.HttpServlet.service(HttpServlet.java:555)
2025-10-01 20:52:24 [http-nio-8080-exec-2] ERROR TelegramBuilder:19 - org.springframework.web.servlet.FrameworkServlet.service(FrameworkServlet.java:883)
2025-10-01 20:52:24 [http-nio-8080-exec-2] ERROR TelegramBuilder:19 - javax.servlet.http.HttpServlet.service(HttpServlet.java:623)
2025-10-01 20:52:24 [http-nio-8080-exec-2] ERROR TelegramBuilder:19 - org.apache.catalina.core.ApplicationFilterChain.internalDoFilter(ApplicationFilterChain.java:209)
2025-10-01 20:52:24 [http-nio-8080-exec-2] ERROR TelegramBuilder:19 - org.apache.catalina.core.ApplicationFilterChain.doFilter(ApplicationFilterChain.java:153)
2025-10-01 20:52:24 [http-nio-8080-exec-2] ERROR TelegramBuilder:19 - org.apache.tomcat.websocket.server.WsFilter.doFilter(WsFilter.java:51)
2025-10-01 20:52:24 [http-nio-8080-exec-2] ERROR TelegramBuilder:19 - org.apache.catalina.core.ApplicationFilterChain.internalDoFilter(ApplicationFilterChain.java:178)
2025-10-01 20:52:24 [http-nio-8080-exec-2] ERROR TelegramBuilder:19 - org.apache.catalina.core.ApplicationFilterChain.doFilter(ApplicationFilterChain.java:153)
2025-10-01 20:52:24 [http-nio-8080-exec-2] ERROR TelegramBuilder:19 - org.springframework.web.filter.OncePerRequestFilter.doFilter(OncePerRequestFilter.java:111)
2025-10-01 20:52:24 [http-nio-8080-exec-2] ERROR TelegramBuilder:19 - org.apache.catalina.core.ApplicationFilterChain.internalDoFilter(ApplicationFilterChain.java:178)
2025-10-01 20:52:24 [http-nio-8080-exec-2] ERROR TelegramBuilder:19 - org.apache.catalina.core.ApplicationFilterChain.doFilter(ApplicationFilterChain.java:153)
2025-10-01 20:52:24 [http-nio-8080-exec-2] ERROR TelegramBuilder:19 - org.springframework.security.web.FilterChainProxy$VirtualFilterChain.doFilter(FilterChainProxy.java:337)
2025-10-01 20:52:24 [http-nio-8080-exec-2] ERROR TelegramBuilder:19 - org.springframework.security.web.access.intercept.AuthorizationFilter.doFilter(AuthorizationFilter.java:96)
2025-10-01 20:52:24 [http-nio-8080-exec-2] ERROR TelegramBuilder:19 - org.springframework.security.web.FilterChainProxy$VirtualFilterChain.doFilter(FilterChainProxy.java:346)
2025-10-01 20:52:24 [http-nio-8080-exec-2] ERROR TelegramBuilder:19 - org.springframework.security.web.access.ExceptionTranslationFilter.doFilter(ExceptionTranslationFilter.java:122)
2025-10-01 20:52:24 [http-nio-8080-exec-2] ERROR TelegramBuilder:19 - org.springframework.security.web.access.ExceptionTranslationFilter.doFilter(ExceptionTranslationFilter.java:116)
2025-10-01 20:52:24 [http-nio-8080-exec-2] ERROR TelegramBuilder:19 - org.springframework.security.web.FilterChainProxy$VirtualFilterChain.doFilter(FilterChainProxy.java:346)
2025-10-01 20:52:24 [http-nio-8080-exec-2] ERROR TelegramBuilder:19 - org.springframework.security.web.session.SessionManagementFilter.doFilter(SessionManagementFilter.java:126)
2025-10-01 20:52:24 [http-nio-8080-exec-2] ERROR TelegramBuilder:19 - org.springframework.security.web.session.SessionManagementFilter.doFilter(SessionManagementFilter.java:81)
2025-10-01 20:52:24 [http-nio-8080-exec-2] ERROR TelegramBuilder:19 - org.springframework.security.web.FilterChainProxy$VirtualFilterChain.doFilter(FilterChainProxy.java:346)
2025-10-01 20:52:24 [http-nio-8080-exec-2] ERROR TelegramBuilder:19 - org.springframework.security.web.authentication.AnonymousAuthenticationFilter.doFilter(AnonymousAuthenticationFilter.java:109)
2025-10-01 20:52:24 [http-nio-8080-exec-2] ERROR TelegramBuilder:19 - org.springframework.security.web.FilterChainProxy$VirtualFilterChain.doFilter(FilterChainProxy.java:346)
2025-10-01 20:52:24 [http-nio-8080-exec-2] ERROR TelegramBuilder:19 - org.springframework.security.web.servletapi.SecurityContextHolderAwareRequestFilter.doFilter(SecurityContextHolderAwareRequestFilter.java:149)
2025-10-01 20:52:24 [http-nio-8080-exec-2] ERROR TelegramBuilder:19 - org.springframework.security.web.FilterChainProxy$VirtualFilterChain.doFilter(FilterChainProxy.java:346)
2025-10-01 20:52:24 [http-nio-8080-exec-2] ERROR TelegramBuilder:19 - org.springframework.security.web.savedrequest.RequestCacheAwareFilter.doFilter(RequestCacheAwareFilter.java:63)
2025-10-01 20:52:24 [http-nio-8080-exec-2] ERROR TelegramBuilder:19 - org.springframework.security.web.FilterChainProxy$VirtualFilterChain.doFilter(FilterChainProxy.java:346)
2025-10-01 20:52:24 [http-nio-8080-exec-2] ERROR TelegramBuilder:19 - maas.bcap.security.JwtAuthFilter.doFilterInternal(JwtAuthFilter.java:70)
2025-10-01 20:52:24 [http-nio-8080-exec-2] ERROR TelegramBuilder:19 - org.springframework.web.filter.OncePerRequestFilter.doFilter(OncePerRequestFilter.java:117)
2025-10-01 20:52:24 [http-nio-8080-exec-2] ERROR TelegramBuilder:19 - org.springframework.security.web.FilterChainProxy$VirtualFilterChain.doFilter(FilterChainProxy.java:346)
2025-10-01 20:52:24 [http-nio-8080-exec-2] ERROR TelegramBuilder:19 - org.springframework.security.web.authentication.logout.LogoutFilter.doFilter(LogoutFilter.java:103)
2025-10-01 20:52:24 [http-nio-8080-exec-2] ERROR TelegramBuilder:19 - org.springframework.security.web.authentication.logout.LogoutFilter.doFilter(LogoutFilter.java:89)
2025-10-01 20:52:24 [http-nio-8080-exec-2] ERROR TelegramBuilder:19 - org.springframework.security.web.FilterChainProxy$VirtualFilterChain.doFilter(FilterChainProxy.java:346)
2025-10-01 20:52:24 [http-nio-8080-exec-2] ERROR TelegramBuilder:19 - org.springframework.web.filter.CorsFilter.doFilterInternal(CorsFilter.java:91)
2025-10-01 20:52:24 [http-nio-8080-exec-2] ERROR TelegramBuilder:19 - org.springframework.web.filter.OncePerRequestFilter.doFilter(OncePerRequestFilter.java:117)
2025-10-01 20:52:24 [http-nio-8080-exec-2] ERROR TelegramBuilder:19 - org.springframework.security.web.FilterChainProxy$VirtualFilterChain.doFilter(FilterChainProxy.java:346)
2025-10-01 20:52:24 [http-nio-8080-exec-2] ERROR TelegramBuilder:19 - org.springframework.security.web.header.HeaderWriterFilter.doHeadersAfter(HeaderWriterFilter.java:90)
2025-10-01 20:52:24 [http-nio-8080-exec-2] ERROR TelegramBuilder:19 - org.springframework.security.web.header.HeaderWriterFilter.doFilterInternal(HeaderWriterFilter.java:75)
2025-10-01 20:52:24 [http-nio-8080-exec-2] ERROR TelegramBuilder:19 - org.springframework.web.filter.OncePerRequestFilter.doFilter(OncePerRequestFilter.java:117)
2025-10-01 20:52:24 [http-nio-8080-exec-2] ERROR TelegramBuilder:19 - org.springframework.security.web.FilterChainProxy$VirtualFilterChain.doFilter(FilterChainProxy.java:346)
2025-10-01 20:52:24 [http-nio-8080-exec-2] ERROR TelegramBuilder:19 - org.springframework.security.web.context.SecurityContextPersistenceFilter.doFilter(SecurityContextPersistenceFilter.java:112)
2025-10-01 20:52:24 [http-nio-8080-exec-2] ERROR TelegramBuilder:19 - org.springframework.security.web.context.SecurityContextPersistenceFilter.doFilter(SecurityContextPersistenceFilter.java:82)
2025-10-01 20:52:24 [http-nio-8080-exec-2] ERROR TelegramBuilder:19 - org.springframework.security.web.FilterChainProxy$VirtualFilterChain.doFilter(FilterChainProxy.java:346)
2025-10-01 20:52:24 [http-nio-8080-exec-2] ERROR TelegramBuilder:19 - org.springframework.security.web.context.request.async.WebAsyncManagerIntegrationFilter.doFilterInternal(WebAsyncManagerIntegrationFilter.java:55)
2025-10-01 20:52:24 [http-nio-8080-exec-2] ERROR TelegramBuilder:19 - org.springframework.web.filter.OncePerRequestFilter.doFilter(OncePerRequestFilter.java:117)
2025-10-01 20:52:24 [http-nio-8080-exec-2] ERROR TelegramBuilder:19 - org.springframework.security.web.FilterChainProxy$VirtualFilterChain.doFilter(FilterChainProxy.java:346)
2025-10-01 20:52:24 [http-nio-8080-exec-2] ERROR TelegramBuilder:19 - org.springframework.security.web.session.DisableEncodeUrlFilter.doFilterInternal(DisableEncodeUrlFilter.java:42)
2025-10-01 20:52:24 [http-nio-8080-exec-2] ERROR TelegramBuilder:19 - org.springframework.web.filter.OncePerRequestFilter.doFilter(OncePerRequestFilter.java:117)
2025-10-01 20:52:24 [http-nio-8080-exec-2] ERROR TelegramBuilder:19 - org.springframework.security.web.FilterChainProxy$VirtualFilterChain.doFilter(FilterChainProxy.java:346)
2025-10-01 20:52:24 [http-nio-8080-exec-2] ERROR TelegramBuilder:19 - org.springframework.security.web.FilterChainProxy.doFilterInternal(FilterChainProxy.java:221)
2025-10-01 20:52:24 [http-nio-8080-exec-2] ERROR TelegramBuilder:19 - org.springframework.security.web.FilterChainProxy.doFilter(FilterChainProxy.java:186)
2025-10-01 20:52:24 [http-nio-8080-exec-2] ERROR TelegramBuilder:19 - org.springframework.web.filter.DelegatingFilterProxy.invokeDelegate(DelegatingFilterProxy.java:354)
2025-10-01 20:52:24 [http-nio-8080-exec-2] ERROR TelegramBuilder:19 - org.springframework.web.filter.DelegatingFilterProxy.doFilter(DelegatingFilterProxy.java:267)
2025-10-01 20:52:24 [http-nio-8080-exec-2] ERROR TelegramBuilder:19 - org.apache.catalina.core.ApplicationFilterChain.internalDoFilter(ApplicationFilterChain.java:178)
2025-10-01 20:52:24 [http-nio-8080-exec-2] ERROR TelegramBuilder:19 - org.apache.catalina.core.ApplicationFilterChain.doFilter(ApplicationFilterChain.java:153)
2025-10-01 20:52:24 [http-nio-8080-exec-2] ERROR TelegramBuilder:19 - org.springframework.web.filter.RequestContextFilter.doFilterInternal(RequestContextFilter.java:100)
2025-10-01 20:52:24 [http-nio-8080-exec-2] ERROR TelegramBuilder:19 - org.springframework.web.filter.OncePerRequestFilter.doFilter(OncePerRequestFilter.java:117)
2025-10-01 20:52:24 [http-nio-8080-exec-2] ERROR TelegramBuilder:19 - org.apache.catalina.core.ApplicationFilterChain.internalDoFilter(ApplicationFilterChain.java:178)
2025-10-01 20:52:24 [http-nio-8080-exec-2] ERROR TelegramBuilder:19 - org.apache.catalina.core.ApplicationFilterChain.doFilter(ApplicationFilterChain.java:153)
2025-10-01 20:52:24 [http-nio-8080-exec-2] ERROR TelegramBuilder:19 - org.springframework.web.filter.FormContentFilter.doFilterInternal(FormContentFilter.java:93)
2025-10-01 20:52:24 [http-nio-8080-exec-2] ERROR TelegramBuilder:19 - org.springframework.web.filter.OncePerRequestFilter.doFilter(OncePerRequestFilter.java:117)
2025-10-01 20:52:24 [http-nio-8080-exec-2] ERROR TelegramBuilder:19 - org.apache.catalina.core.ApplicationFilterChain.internalDoFilter(ApplicationFilterChain.java:178)
2025-10-01 20:52:24 [http-nio-8080-exec-2] ERROR TelegramBuilder:19 - org.apache.catalina.core.ApplicationFilterChain.doFilter(ApplicationFilterChain.java:153)
2025-10-01 20:52:24 [http-nio-8080-exec-2] ERROR TelegramBuilder:19 - org.springframework.web.filter.CharacterEncodingFilter.doFilterInternal(CharacterEncodingFilter.java:201)
2025-10-01 20:52:24 [http-nio-8080-exec-2] ERROR TelegramBuilder:19 - org.springframework.web.filter.OncePerRequestFilter.doFilter(OncePerRequestFilter.java:117)
2025-10-01 20:52:24 [http-nio-8080-exec-2] ERROR TelegramBuilder:19 - org.apache.catalina.core.ApplicationFilterChain.internalDoFilter(ApplicationFilterChain.java:178)
2025-10-01 20:52:24 [http-nio-8080-exec-2] ERROR TelegramBuilder:19 - org.apache.catalina.core.ApplicationFilterChain.doFilter(ApplicationFilterChain.java:153)
2025-10-01 20:52:24 [http-nio-8080-exec-2] ERROR TelegramBuilder:19 - org.apache.catalina.core.StandardWrapperValve.invoke(StandardWrapperValve.java:168)
2025-10-01 20:52:24 [http-nio-8080-exec-2] ERROR TelegramBuilder:19 - org.apache.catalina.core.StandardContextValve.invoke(StandardContextValve.java:90)
2025-10-01 20:52:24 [http-nio-8080-exec-2] ERROR TelegramBuilder:19 - org.apache.catalina.authenticator.AuthenticatorBase.invoke(AuthenticatorBase.java:481)
2025-10-01 20:52:24 [http-nio-8080-exec-2] ERROR TelegramBuilder:19 - org.apache.catalina.core.StandardHostValve.invoke(StandardHostValve.java:130)
2025-10-01 20:52:24 [http-nio-8080-exec-2] ERROR TelegramBuilder:19 - org.apache.catalina.valves.ErrorReportValve.invoke(ErrorReportValve.java:93)
2025-10-01 20:52:24 [http-nio-8080-exec-2] ERROR TelegramBuilder:19 - org.apache.catalina.core.StandardEngineValve.invoke(StandardEngineValve.java:74)
2025-10-01 20:52:24 [http-nio-8080-exec-2] ERROR TelegramBuilder:19 - org.apache.catalina.connector.CoyoteAdapter.service(CoyoteAdapter.java:342)
2025-10-01 20:52:24 [http-nio-8080-exec-2] ERROR TelegramBuilder:19 - org.apache.coyote.http11.Http11Processor.service(Http11Processor.java:390)
2025-10-01 20:52:24 [http-nio-8080-exec-2] ERROR TelegramBuilder:19 - org.apache.coyote.AbstractProcessorLight.process(AbstractProcessorLight.java:63)
2025-10-01 20:52:24 [http-nio-8080-exec-2] ERROR TelegramBuilder:19 - org.apache.coyote.AbstractProtocol$ConnectionHandler.process(AbstractProtocol.java:928)
2025-10-01 20:52:24 [http-nio-8080-exec-2] ERROR TelegramBuilder:19 - org.apache.tomcat.util.net.NioEndpoint$SocketProcessor.doRun(NioEndpoint.java:1794)
2025-10-01 20:52:24 [http-nio-8080-exec-2] ERROR TelegramBuilder:19 - org.apache.tomcat.util.net.SocketProcessorBase.run(SocketProcessorBase.java:52)
2025-10-01 20:52:24 [http-nio-8080-exec-2] ERROR TelegramBuilder:19 - org.apache.tomcat.util.threads.ThreadPoolExecutor.runWorker(ThreadPoolExecutor.java:1191)
2025-10-01 20:52:24 [http-nio-8080-exec-2] ERROR TelegramBuilder:19 - org.apache.tomcat.util.threads.ThreadPoolExecutor$Worker.run(ThreadPoolExecutor.java:659)
2025-10-01 20:52:24 [http-nio-8080-exec-2] ERROR TelegramBuilder:19 - org.apache.tomcat.util.threads.TaskThread$WrappingRunnable.run(TaskThread.java:61)
2025-10-01 20:52:24 [http-nio-8080-exec-2] ERROR TelegramBuilder:19 - java.base/java.lang.Thread.run(Thread.java:1583)
2025-10-01 20:52:24 [http-nio-8080-exec-2] INFO  InterfaceTelegram:25 - TelegramIn(header=TelegramHeader(msg_len=0, gid_sysname=LeRuccoLOQ, gid_yyyyymmdd=20251001, gid_hhmmss=205224, gid_seq=002, gid_pid=00000, gid_stat=00, tx_code=SAZ06F010U, inst_no=MTI, send_rspn_type=S, rspn_svc_code=, ori_global_id=LeRuccoL202510012052240020000000, ori_send_time=20251001205224000657, chnl_id=WEB, client_ip_no=0:0:0:0:0:0:0:1, client_mac=, scrn_id=FileUpload, scrn_lock_yn=N, op_id=1787130271, xa_begin_flag=0, send_time=20251001205224000657, rspn_time=, sync_type=A, async_rspn_yn=0, call_depth=0, msg_count_no=0, ttl_use_flag=0, ttl_from_time=, ttl=0, long_msg_type=1, err_flag=0, err_src=, err_type=, err_code=, dst_inst_code=, fail_knd=null, ap_host_name=null, ap_caller_id=null, inf_id=, lang_type=EN, reserved=), data=TelegramInData(dataType=D, length=0, reserved=null, data=FileInVo(attach_file_id=null, attach_file_clcd=div1, attach_file_expl=desc1, upd_yn=N, req_clcd=U1, sub1Vos=[FileInSub1Vo(attach_file_id=null, attach_file_seq_no=null, attach_file_clcd=null, del_yn=null, file_nm=279111.jpg, upl_file_size=222793, upl_file_nm=null, file_path=D:/bcap\div1, pfr_rank=0, inp_usr_id=1787130271, inp_pgm_id=FileUpload, chng_usr_id=null, chng_pgm_id=null)])), tail=@@)
2025-10-01 20:52:24 [http-nio-8080-exec-2] ERROR FileManagerService:89 - java.lang.ClassCastException: Cannot cast java.lang.reflect.Field to mti.com.telegram.vo.TelegramIn
2025-10-01 20:52:24 [http-nio-8080-exec-2] ERROR FileManagerService:11 - java.lang.ClassCastException: Cannot cast java.lang.reflect.Field to mti.com.telegram.vo.TelegramIn
2025-10-01 20:52:24 [http-nio-8080-exec-2] ERROR FileManagerService:19 - java.base/java.lang.Class.cast(Class.java:4067)
2025-10-01 20:52:24 [http-nio-8080-exec-2] ERROR FileManagerService:19 - java.base/java.lang.invoke.VarHandleReferences$FieldInstanceReadOnly.get(VarHandleReferences.java:92)
2025-10-01 20:52:24 [http-nio-8080-exec-2] ERROR FileManagerService:19 - mti.com.telegram.util.TelegramUtil.getPacketSize(TelegramUtil.java:351)
2025-10-01 20:52:24 [http-nio-8080-exec-2] ERROR FileManagerService:19 - mti.com.telegram.mapping.ByteEncoder.convertObjectToBytes(ByteEncoder.java:32)
2025-10-01 20:52:24 [http-nio-8080-exec-2] ERROR FileManagerService:19 - mti.com.telegram.util.InterfaceTelegram.interfaceTuxedo(InterfaceTelegram.java:26)
2025-10-01 20:52:24 [http-nio-8080-exec-2] ERROR FileManagerService:19 - maas.bcap.common.ServiceSupport.tuxedoTransaction(ServiceSupport.java:63)
2025-10-01 20:52:24 [http-nio-8080-exec-2] ERROR FileManagerService:19 - maas.bcap.service.FileManagerService.interfaceTuxedo(FileManagerService.java:81)
2025-10-01 20:52:24 [http-nio-8080-exec-2] ERROR FileManagerService:19 - maas.bcap.service.FileManagerService.saveFilesToDevonC(FileManagerService.java:34)
2025-10-01 20:52:24 [http-nio-8080-exec-2] ERROR FileManagerService:19 - maas.bcap.service.FileUploadService.registerNewFiles(FileUploadService.java:136)
2025-10-01 20:52:24 [http-nio-8080-exec-2] ERROR FileManagerService:19 - maas.bcap.service.FileUploadService.upload(FileUploadService.java:77)
2025-10-01 20:52:24 [http-nio-8080-exec-2] ERROR FileManagerService:19 - maas.bcap.controller.FileManagerController.upload(FileManagerController.java:47)
2025-10-01 20:52:24 [http-nio-8080-exec-2] ERROR FileManagerService:19 - java.base/jdk.internal.reflect.DirectMethodHandleAccessor.invoke(DirectMethodHandleAccessor.java:103)
2025-10-01 20:52:24 [http-nio-8080-exec-2] ERROR FileManagerService:19 - java.base/java.lang.reflect.Method.invoke(Method.java:580)
2025-10-01 20:52:24 [http-nio-8080-exec-2] ERROR FileManagerService:19 - org.springframework.web.method.support.InvocableHandlerMethod.doInvoke(InvocableHandlerMethod.java:205)
2025-10-01 20:52:24 [http-nio-8080-exec-2] ERROR FileManagerService:19 - org.springframework.web.method.support.InvocableHandlerMethod.invokeForRequest(InvocableHandlerMethod.java:150)
2025-10-01 20:52:24 [http-nio-8080-exec-2] ERROR FileManagerService:19 - org.springframework.web.servlet.mvc.method.annotation.ServletInvocableHandlerMethod.invokeAndHandle(ServletInvocableHandlerMethod.java:117)
2025-10-01 20:52:24 [http-nio-8080-exec-2] ERROR FileManagerService:19 - org.springframework.web.servlet.mvc.method.annotation.RequestMappingHandlerAdapter.invokeHandlerMethod(RequestMappingHandlerAdapter.java:895)
2025-10-01 20:52:24 [http-nio-8080-exec-2] ERROR FileManagerService:19 - org.springframework.web.servlet.mvc.method.annotation.RequestMappingHandlerAdapter.handleInternal(RequestMappingHandlerAdapter.java:808)
2025-10-01 20:52:24 [http-nio-8080-exec-2] ERROR FileManagerService:19 - org.springframework.web.servlet.mvc.method.AbstractHandlerMethodAdapter.handle(AbstractHandlerMethodAdapter.java:87)
2025-10-01 20:52:24 [http-nio-8080-exec-2] ERROR FileManagerService:19 - org.springframework.web.servlet.DispatcherServlet.doDispatch(DispatcherServlet.java:1072)
2025-10-01 20:52:24 [http-nio-8080-exec-2] ERROR FileManagerService:19 - org.springframework.web.servlet.DispatcherServlet.doService(DispatcherServlet.java:965)
2025-10-01 20:52:24 [http-nio-8080-exec-2] ERROR FileManagerService:19 - org.springframework.web.servlet.FrameworkServlet.processRequest(FrameworkServlet.java:1006)
2025-10-01 20:52:24 [http-nio-8080-exec-2] ERROR FileManagerService:19 - org.springframework.web.servlet.FrameworkServlet.doPost(FrameworkServlet.java:909)
2025-10-01 20:52:24 [http-nio-8080-exec-2] ERROR FileManagerService:19 - javax.servlet.http.HttpServlet.service(HttpServlet.java:555)
2025-10-01 20:52:24 [http-nio-8080-exec-2] ERROR FileManagerService:19 - org.springframework.web.servlet.FrameworkServlet.service(FrameworkServlet.java:883)
2025-10-01 20:52:24 [http-nio-8080-exec-2] ERROR FileManagerService:19 - javax.servlet.http.HttpServlet.service(HttpServlet.java:623)
2025-10-01 20:52:24 [http-nio-8080-exec-2] ERROR FileManagerService:19 - org.apache.catalina.core.ApplicationFilterChain.internalDoFilter(ApplicationFilterChain.java:209)
2025-10-01 20:52:24 [http-nio-8080-exec-2] ERROR FileManagerService:19 - org.apache.catalina.core.ApplicationFilterChain.doFilter(ApplicationFilterChain.java:153)
2025-10-01 20:52:24 [http-nio-8080-exec-2] ERROR FileManagerService:19 - org.apache.tomcat.websocket.server.WsFilter.doFilter(WsFilter.java:51)
2025-10-01 20:52:24 [http-nio-8080-exec-2] ERROR FileManagerService:19 - org.apache.catalina.core.ApplicationFilterChain.internalDoFilter(ApplicationFilterChain.java:178)
2025-10-01 20:52:24 [http-nio-8080-exec-2] ERROR FileManagerService:19 - org.apache.catalina.core.ApplicationFilterChain.doFilter(ApplicationFilterChain.java:153)
2025-10-01 20:52:24 [http-nio-8080-exec-2] ERROR FileManagerService:19 - org.springframework.web.filter.OncePerRequestFilter.doFilter(OncePerRequestFilter.java:111)
2025-10-01 20:52:24 [http-nio-8080-exec-2] ERROR FileManagerService:19 - org.apache.catalina.core.ApplicationFilterChain.internalDoFilter(ApplicationFilterChain.java:178)
2025-10-01 20:52:24 [http-nio-8080-exec-2] ERROR FileManagerService:19 - org.apache.catalina.core.ApplicationFilterChain.doFilter(ApplicationFilterChain.java:153)
2025-10-01 20:52:24 [http-nio-8080-exec-2] ERROR FileManagerService:19 - org.springframework.security.web.FilterChainProxy$VirtualFilterChain.doFilter(FilterChainProxy.java:337)
2025-10-01 20:52:24 [http-nio-8080-exec-2] ERROR FileManagerService:19 - org.springframework.security.web.access.intercept.AuthorizationFilter.doFilter(AuthorizationFilter.java:96)
2025-10-01 20:52:24 [http-nio-8080-exec-2] ERROR FileManagerService:19 - org.springframework.security.web.FilterChainProxy$VirtualFilterChain.doFilter(FilterChainProxy.java:346)
2025-10-01 20:52:24 [http-nio-8080-exec-2] ERROR FileManagerService:19 - org.springframework.security.web.access.ExceptionTranslationFilter.doFilter(ExceptionTranslationFilter.java:122)
2025-10-01 20:52:24 [http-nio-8080-exec-2] ERROR FileManagerService:19 - org.springframework.security.web.access.ExceptionTranslationFilter.doFilter(ExceptionTranslationFilter.java:116)
2025-10-01 20:52:24 [http-nio-8080-exec-2] ERROR FileManagerService:19 - org.springframework.security.web.FilterChainProxy$VirtualFilterChain.doFilter(FilterChainProxy.java:346)
2025-10-01 20:52:24 [http-nio-8080-exec-2] ERROR FileManagerService:19 - org.springframework.security.web.session.SessionManagementFilter.doFilter(SessionManagementFilter.java:126)
2025-10-01 20:52:24 [http-nio-8080-exec-2] ERROR FileManagerService:19 - org.springframework.security.web.session.SessionManagementFilter.doFilter(SessionManagementFilter.java:81)
2025-10-01 20:52:24 [http-nio-8080-exec-2] ERROR FileManagerService:19 - org.springframework.security.web.FilterChainProxy$VirtualFilterChain.doFilter(FilterChainProxy.java:346)
2025-10-01 20:52:24 [http-nio-8080-exec-2] ERROR FileManagerService:19 - org.springframework.security.web.authentication.AnonymousAuthenticationFilter.doFilter(AnonymousAuthenticationFilter.java:109)
2025-10-01 20:52:24 [http-nio-8080-exec-2] ERROR FileManagerService:19 - org.springframework.security.web.FilterChainProxy$VirtualFilterChain.doFilter(FilterChainProxy.java:346)
2025-10-01 20:52:24 [http-nio-8080-exec-2] ERROR FileManagerService:19 - org.springframework.security.web.servletapi.SecurityContextHolderAwareRequestFilter.doFilter(SecurityContextHolderAwareRequestFilter.java:149)
2025-10-01 20:52:24 [http-nio-8080-exec-2] ERROR FileManagerService:19 - org.springframework.security.web.FilterChainProxy$VirtualFilterChain.doFilter(FilterChainProxy.java:346)
2025-10-01 20:52:24 [http-nio-8080-exec-2] ERROR FileManagerService:19 - org.springframework.security.web.savedrequest.RequestCacheAwareFilter.doFilter(RequestCacheAwareFilter.java:63)
2025-10-01 20:52:24 [http-nio-8080-exec-2] ERROR FileManagerService:19 - org.springframework.security.web.FilterChainProxy$VirtualFilterChain.doFilter(FilterChainProxy.java:346)
2025-10-01 20:52:24 [http-nio-8080-exec-2] ERROR FileManagerService:19 - maas.bcap.security.JwtAuthFilter.doFilterInternal(JwtAuthFilter.java:70)
2025-10-01 20:52:24 [http-nio-8080-exec-2] ERROR FileManagerService:19 - org.springframework.web.filter.OncePerRequestFilter.doFilter(OncePerRequestFilter.java:117)
2025-10-01 20:52:24 [http-nio-8080-exec-2] ERROR FileManagerService:19 - org.springframework.security.web.FilterChainProxy$VirtualFilterChain.doFilter(FilterChainProxy.java:346)
2025-10-01 20:52:24 [http-nio-8080-exec-2] ERROR FileManagerService:19 - org.springframework.security.web.authentication.logout.LogoutFilter.doFilter(LogoutFilter.java:103)
2025-10-01 20:52:24 [http-nio-8080-exec-2] ERROR FileManagerService:19 - org.springframework.security.web.authentication.logout.LogoutFilter.doFilter(LogoutFilter.java:89)
2025-10-01 20:52:24 [http-nio-8080-exec-2] ERROR FileManagerService:19 - org.springframework.security.web.FilterChainProxy$VirtualFilterChain.doFilter(FilterChainProxy.java:346)
2025-10-01 20:52:24 [http-nio-8080-exec-2] ERROR FileManagerService:19 - org.springframework.web.filter.CorsFilter.doFilterInternal(CorsFilter.java:91)
2025-10-01 20:52:24 [http-nio-8080-exec-2] ERROR FileManagerService:19 - org.springframework.web.filter.OncePerRequestFilter.doFilter(OncePerRequestFilter.java:117)
2025-10-01 20:52:24 [http-nio-8080-exec-2] ERROR FileManagerService:19 - org.springframework.security.web.FilterChainProxy$VirtualFilterChain.doFilter(FilterChainProxy.java:346)
2025-10-01 20:52:24 [http-nio-8080-exec-2] ERROR FileManagerService:19 - org.springframework.security.web.header.HeaderWriterFilter.doHeadersAfter(HeaderWriterFilter.java:90)
2025-10-01 20:52:24 [http-nio-8080-exec-2] ERROR FileManagerService:19 - org.springframework.security.web.header.HeaderWriterFilter.doFilterInternal(HeaderWriterFilter.java:75)
2025-10-01 20:52:24 [http-nio-8080-exec-2] ERROR FileManagerService:19 - org.springframework.web.filter.OncePerRequestFilter.doFilter(OncePerRequestFilter.java:117)
2025-10-01 20:52:24 [http-nio-8080-exec-2] ERROR FileManagerService:19 - org.springframework.security.web.FilterChainProxy$VirtualFilterChain.doFilter(FilterChainProxy.java:346)
2025-10-01 20:52:24 [http-nio-8080-exec-2] ERROR FileManagerService:19 - org.springframework.security.web.context.SecurityContextPersistenceFilter.doFilter(SecurityContextPersistenceFilter.java:112)
2025-10-01 20:52:24 [http-nio-8080-exec-2] ERROR FileManagerService:19 - org.springframework.security.web.context.SecurityContextPersistenceFilter.doFilter(SecurityContextPersistenceFilter.java:82)
2025-10-01 20:52:24 [http-nio-8080-exec-2] ERROR FileManagerService:19 - org.springframework.security.web.FilterChainProxy$VirtualFilterChain.doFilter(FilterChainProxy.java:346)
2025-10-01 20:52:24 [http-nio-8080-exec-2] ERROR FileManagerService:19 - org.springframework.security.web.context.request.async.WebAsyncManagerIntegrationFilter.doFilterInternal(WebAsyncManagerIntegrationFilter.java:55)
2025-10-01 20:52:24 [http-nio-8080-exec-2] ERROR FileManagerService:19 - org.springframework.web.filter.OncePerRequestFilter.doFilter(OncePerRequestFilter.java:117)
2025-10-01 20:52:24 [http-nio-8080-exec-2] ERROR FileManagerService:19 - org.springframework.security.web.FilterChainProxy$VirtualFilterChain.doFilter(FilterChainProxy.java:346)
2025-10-01 20:52:24 [http-nio-8080-exec-2] ERROR FileManagerService:19 - org.springframework.security.web.session.DisableEncodeUrlFilter.doFilterInternal(DisableEncodeUrlFilter.java:42)
2025-10-01 20:52:24 [http-nio-8080-exec-2] ERROR FileManagerService:19 - org.springframework.web.filter.OncePerRequestFilter.doFilter(OncePerRequestFilter.java:117)
2025-10-01 20:52:24 [http-nio-8080-exec-2] ERROR FileManagerService:19 - org.springframework.security.web.FilterChainProxy$VirtualFilterChain.doFilter(FilterChainProxy.java:346)
2025-10-01 20:52:24 [http-nio-8080-exec-2] ERROR FileManagerService:19 - org.springframework.security.web.FilterChainProxy.doFilterInternal(FilterChainProxy.java:221)
2025-10-01 20:52:24 [http-nio-8080-exec-2] ERROR FileManagerService:19 - org.springframework.security.web.FilterChainProxy.doFilter(FilterChainProxy.java:186)
2025-10-01 20:52:24 [http-nio-8080-exec-2] ERROR FileManagerService:19 - org.springframework.web.filter.DelegatingFilterProxy.invokeDelegate(DelegatingFilterProxy.java:354)
2025-10-01 20:52:24 [http-nio-8080-exec-2] ERROR FileManagerService:19 - org.springframework.web.filter.DelegatingFilterProxy.doFilter(DelegatingFilterProxy.java:267)
2025-10-01 20:52:24 [http-nio-8080-exec-2] ERROR FileManagerService:19 - org.apache.catalina.core.ApplicationFilterChain.internalDoFilter(ApplicationFilterChain.java:178)
2025-10-01 20:52:24 [http-nio-8080-exec-2] ERROR FileManagerService:19 - org.apache.catalina.core.ApplicationFilterChain.doFilter(ApplicationFilterChain.java:153)
2025-10-01 20:52:24 [http-nio-8080-exec-2] ERROR FileManagerService:19 - org.springframework.web.filter.RequestContextFilter.doFilterInternal(RequestContextFilter.java:100)
2025-10-01 20:52:24 [http-nio-8080-exec-2] ERROR FileManagerService:19 - org.springframework.web.filter.OncePerRequestFilter.doFilter(OncePerRequestFilter.java:117)
2025-10-01 20:52:24 [http-nio-8080-exec-2] ERROR FileManagerService:19 - org.apache.catalina.core.ApplicationFilterChain.internalDoFilter(ApplicationFilterChain.java:178)
2025-10-01 20:52:24 [http-nio-8080-exec-2] ERROR FileManagerService:19 - org.apache.catalina.core.ApplicationFilterChain.doFilter(ApplicationFilterChain.java:153)
2025-10-01 20:52:24 [http-nio-8080-exec-2] ERROR FileManagerService:19 - org.springframework.web.filter.FormContentFilter.doFilterInternal(FormContentFilter.java:93)
2025-10-01 20:52:24 [http-nio-8080-exec-2] ERROR FileManagerService:19 - org.springframework.web.filter.OncePerRequestFilter.doFilter(OncePerRequestFilter.java:117)
2025-10-01 20:52:24 [http-nio-8080-exec-2] ERROR FileManagerService:19 - org.apache.catalina.core.ApplicationFilterChain.internalDoFilter(ApplicationFilterChain.java:178)
2025-10-01 20:52:24 [http-nio-8080-exec-2] ERROR FileManagerService:19 - org.apache.catalina.core.ApplicationFilterChain.doFilter(ApplicationFilterChain.java:153)
2025-10-01 20:52:24 [http-nio-8080-exec-2] ERROR FileManagerService:19 - org.springframework.web.filter.CharacterEncodingFilter.doFilterInternal(CharacterEncodingFilter.java:201)
2025-10-01 20:52:24 [http-nio-8080-exec-2] ERROR FileManagerService:19 - org.springframework.web.filter.OncePerRequestFilter.doFilter(OncePerRequestFilter.java:117)
2025-10-01 20:52:24 [http-nio-8080-exec-2] ERROR FileManagerService:19 - org.apache.catalina.core.ApplicationFilterChain.internalDoFilter(ApplicationFilterChain.java:178)
2025-10-01 20:52:24 [http-nio-8080-exec-2] ERROR FileManagerService:19 - org.apache.catalina.core.ApplicationFilterChain.doFilter(ApplicationFilterChain.java:153)
2025-10-01 20:52:24 [http-nio-8080-exec-2] ERROR FileManagerService:19 - org.apache.catalina.core.StandardWrapperValve.invoke(StandardWrapperValve.java:168)
2025-10-01 20:52:24 [http-nio-8080-exec-2] ERROR FileManagerService:19 - org.apache.catalina.core.StandardContextValve.invoke(StandardContextValve.java:90)
2025-10-01 20:52:24 [http-nio-8080-exec-2] ERROR FileManagerService:19 - org.apache.catalina.authenticator.AuthenticatorBase.invoke(AuthenticatorBase.java:481)
2025-10-01 20:52:24 [http-nio-8080-exec-2] ERROR FileManagerService:19 - org.apache.catalina.core.StandardHostValve.invoke(StandardHostValve.java:130)
2025-10-01 20:52:24 [http-nio-8080-exec-2] ERROR FileManagerService:19 - org.apache.catalina.valves.ErrorReportValve.invoke(ErrorReportValve.java:93)
2025-10-01 20:52:24 [http-nio-8080-exec-2] ERROR FileManagerService:19 - org.apache.catalina.core.StandardEngineValve.invoke(StandardEngineValve.java:74)
2025-10-01 20:52:24 [http-nio-8080-exec-2] ERROR FileManagerService:19 - org.apache.catalina.connector.CoyoteAdapter.service(CoyoteAdapter.java:342)
2025-10-01 20:52:24 [http-nio-8080-exec-2] ERROR FileManagerService:19 - org.apache.coyote.http11.Http11Processor.service(Http11Processor.java:390)
2025-10-01 20:52:24 [http-nio-8080-exec-2] ERROR FileManagerService:19 - org.apache.coyote.AbstractProcessorLight.process(AbstractProcessorLight.java:63)
2025-10-01 20:52:24 [http-nio-8080-exec-2] ERROR FileManagerService:19 - org.apache.coyote.AbstractProtocol$ConnectionHandler.process(AbstractProtocol.java:928)
2025-10-01 20:52:24 [http-nio-8080-exec-2] ERROR FileManagerService:19 - org.apache.tomcat.util.net.NioEndpoint$SocketProcessor.doRun(NioEndpoint.java:1794)
2025-10-01 20:52:24 [http-nio-8080-exec-2] ERROR FileManagerService:19 - org.apache.tomcat.util.net.SocketProcessorBase.run(SocketProcessorBase.java:52)
2025-10-01 20:52:24 [http-nio-8080-exec-2] ERROR FileManagerService:19 - org.apache.tomcat.util.threads.ThreadPoolExecutor.runWorker(ThreadPoolExecutor.java:1191)
2025-10-01 20:52:24 [http-nio-8080-exec-2] ERROR FileManagerService:19 - org.apache.tomcat.util.threads.ThreadPoolExecutor$Worker.run(ThreadPoolExecutor.java:659)
2025-10-01 20:52:24 [http-nio-8080-exec-2] ERROR FileManagerService:19 - org.apache.tomcat.util.threads.TaskThread$WrappingRunnable.run(TaskThread.java:61)
2025-10-01 20:52:24 [http-nio-8080-exec-2] ERROR FileManagerService:19 - java.base/java.lang.Thread.run(Thread.java:1583)
2025-10-01 20:52:24 [http-nio-8080-exec-2] ERROR [dispatcherServlet]:175 - Servlet.service() for servlet [dispatcherServlet] in context with path [] threw exception [Request processing failed; nested exception is java.lang.ClassCastException: Cannot cast java.lang.reflect.Field to mti.com.telegram.vo.TelegramIn] with root cause
java.lang.ClassCastException: Cannot cast java.lang.reflect.Field to mti.com.telegram.vo.TelegramIn
	at java.lang.Class.cast(Class.java:4067) ~[?:?]
	at java.lang.invoke.VarHandleReferences$FieldInstanceReadOnly.get(VarHandleReferences.java:92) ~[?:?]
	at mti.com.telegram.util.TelegramUtil.getPacketSize(TelegramUtil.java:351) ~[classes/:?]
	at mti.com.telegram.mapping.ByteEncoder.convertObjectToBytes(ByteEncoder.java:32) ~[classes/:?]
	at mti.com.telegram.util.InterfaceTelegram.interfaceTuxedo(InterfaceTelegram.java:26) ~[classes/:?]
	at maas.bcap.common.ServiceSupport.tuxedoTransaction(ServiceSupport.java:63) ~[classes/:?]
	at maas.bcap.service.FileManagerService.interfaceTuxedo(FileManagerService.java:81) ~[classes/:?]
	at maas.bcap.service.FileManagerService.saveFilesToDevonC(FileManagerService.java:34) ~[classes/:?]
	at maas.bcap.service.FileUploadService.registerNewFiles(FileUploadService.java:136) ~[classes/:?]
	at maas.bcap.service.FileUploadService.upload(FileUploadService.java:77) ~[classes/:?]
	at maas.bcap.controller.FileManagerController.upload(FileManagerController.java:47) ~[classes/:?]
	at jdk.internal.reflect.DirectMethodHandleAccessor.invoke(DirectMethodHandleAccessor.java:103) ~[?:?]
	at java.lang.reflect.Method.invoke(Method.java:580) ~[?:?]
	at org.springframework.web.method.support.InvocableHandlerMethod.doInvoke(InvocableHandlerMethod.java:205) ~[spring-web-5.3.31.jar:5.3.31]
	at org.springframework.web.method.support.InvocableHandlerMethod.invokeForRequest(InvocableHandlerMethod.java:150) ~[spring-web-5.3.31.jar:5.3.31]
	at org.springframework.web.servlet.mvc.method.annotation.ServletInvocableHandlerMethod.invokeAndHandle(ServletInvocableHandlerMethod.java:117) ~[spring-webmvc-5.3.31.jar:5.3.31]
	at org.springframework.web.servlet.mvc.method.annotation.RequestMappingHandlerAdapter.invokeHandlerMethod(RequestMappingHandlerAdapter.java:895) ~[spring-webmvc-5.3.31.jar:5.3.31]
	at org.springframework.web.servlet.mvc.method.annotation.RequestMappingHandlerAdapter.handleInternal(RequestMappingHandlerAdapter.java:808) ~[spring-webmvc-5.3.31.jar:5.3.31]
	at org.springframework.web.servlet.mvc.method.AbstractHandlerMethodAdapter.handle(AbstractHandlerMethodAdapter.java:87) ~[spring-webmvc-5.3.31.jar:5.3.31]
	at org.springframework.web.servlet.DispatcherServlet.doDispatch(DispatcherServlet.java:1072) ~[spring-webmvc-5.3.31.jar:5.3.31]
	at org.springframework.web.servlet.DispatcherServlet.doService(DispatcherServlet.java:965) ~[spring-webmvc-5.3.31.jar:5.3.31]
	at org.springframework.web.servlet.FrameworkServlet.processRequest(FrameworkServlet.java:1006) ~[spring-webmvc-5.3.31.jar:5.3.31]
	at org.springframework.web.servlet.FrameworkServlet.doPost(FrameworkServlet.java:909) ~[spring-webmvc-5.3.31.jar:5.3.31]
	at javax.servlet.http.HttpServlet.service(HttpServlet.java:555) ~[tomcat-embed-core-9.0.83.jar:4.0.FR]
	at org.springframework.web.servlet.FrameworkServlet.service(FrameworkServlet.java:883) ~[spring-webmvc-5.3.31.jar:5.3.31]
	at javax.servlet.http.HttpServlet.service(HttpServlet.java:623) ~[tomcat-embed-core-9.0.83.jar:4.0.FR]
	at org.apache.catalina.core.ApplicationFilterChain.internalDoFilter(ApplicationFilterChain.java:209) ~[tomcat-embed-core-9.0.83.jar:9.0.83]
	at org.apache.catalina.core.ApplicationFilterChain.doFilter(ApplicationFilterChain.java:153) ~[tomcat-embed-core-9.0.83.jar:9.0.83]
	at org.apache.tomcat.websocket.server.WsFilter.doFilter(WsFilter.java:51) ~[tomcat-embed-websocket-9.0.83.jar:9.0.83]
	at org.apache.catalina.core.ApplicationFilterChain.internalDoFilter(ApplicationFilterChain.java:178) ~[tomcat-embed-core-9.0.83.jar:9.0.83]
	at org.apache.catalina.core.ApplicationFilterChain.doFilter(ApplicationFilterChain.java:153) ~[tomcat-embed-core-9.0.83.jar:9.0.83]
	at org.springframework.web.filter.OncePerRequestFilter.doFilter(OncePerRequestFilter.java:111) ~[spring-web-5.3.31.jar:5.3.31]
	at org.apache.catalina.core.ApplicationFilterChain.internalDoFilter(ApplicationFilterChain.java:178) ~[tomcat-embed-core-9.0.83.jar:9.0.83]
	at org.apache.catalina.core.ApplicationFilterChain.doFilter(ApplicationFilterChain.java:153) ~[tomcat-embed-core-9.0.83.jar:9.0.83]
	at org.springframework.security.web.FilterChainProxy$VirtualFilterChain.doFilter(FilterChainProxy.java:337) ~[spring-security-web-5.7.11.jar:5.7.11]
	at org.springframework.security.web.access.intercept.AuthorizationFilter.doFilter(AuthorizationFilter.java:96) ~[spring-security-web-5.7.11.jar:5.7.11]
	at org.springframework.security.web.FilterChainProxy$VirtualFilterChain.doFilter(FilterChainProxy.java:346) ~[spring-security-web-5.7.11.jar:5.7.11]
	at org.springframework.security.web.access.ExceptionTranslationFilter.doFilter(ExceptionTranslationFilter.java:122) ~[spring-security-web-5.7.11.jar:5.7.11]
	at org.springframework.security.web.access.ExceptionTranslationFilter.doFilter(ExceptionTranslationFilter.java:116) ~[spring-security-web-5.7.11.jar:5.7.11]
	at org.springframework.security.web.FilterChainProxy$VirtualFilterChain.doFilter(FilterChainProxy.java:346) ~[spring-security-web-5.7.11.jar:5.7.11]
	at org.springframework.security.web.session.SessionManagementFilter.doFilter(SessionManagementFilter.java:126) ~[spring-security-web-5.7.11.jar:5.7.11]
	at org.springframework.security.web.session.SessionManagementFilter.doFilter(SessionManagementFilter.java:81) ~[spring-security-web-5.7.11.jar:5.7.11]
	at org.springframework.security.web.FilterChainProxy$VirtualFilterChain.doFilter(FilterChainProxy.java:346) ~[spring-security-web-5.7.11.jar:5.7.11]
	at org.springframework.security.web.authentication.AnonymousAuthenticationFilter.doFilter(AnonymousAuthenticationFilter.java:109) ~[spring-security-web-5.7.11.jar:5.7.11]
	at org.springframework.security.web.FilterChainProxy$VirtualFilterChain.doFilter(FilterChainProxy.java:346) ~[spring-security-web-5.7.11.jar:5.7.11]
	at org.springframework.security.web.servletapi.SecurityContextHolderAwareRequestFilter.doFilter(SecurityContextHolderAwareRequestFilter.java:149) ~[spring-security-web-5.7.11.jar:5.7.11]
	at org.springframework.security.web.FilterChainProxy$VirtualFilterChain.doFilter(FilterChainProxy.java:346) ~[spring-security-web-5.7.11.jar:5.7.11]
	at org.springframework.security.web.savedrequest.RequestCacheAwareFilter.doFilter(RequestCacheAwareFilter.java:63) ~[spring-security-web-5.7.11.jar:5.7.11]
	at org.springframework.security.web.FilterChainProxy$VirtualFilterChain.doFilter(FilterChainProxy.java:346) ~[spring-security-web-5.7.11.jar:5.7.11]
	at maas.bcap.security.JwtAuthFilter.doFilterInternal(JwtAuthFilter.java:70) ~[classes/:?]
	at org.springframework.web.filter.OncePerRequestFilter.doFilter(OncePerRequestFilter.java:117) ~[spring-web-5.3.31.jar:5.3.31]
	at org.springframework.security.web.FilterChainProxy$VirtualFilterChain.doFilter(FilterChainProxy.java:346) ~[spring-security-web-5.7.11.jar:5.7.11]
	at org.springframework.security.web.authentication.logout.LogoutFilter.doFilter(LogoutFilter.java:103) ~[spring-security-web-5.7.11.jar:5.7.11]
	at org.springframework.security.web.authentication.logout.LogoutFilter.doFilter(LogoutFilter.java:89) ~[spring-security-web-5.7.11.jar:5.7.11]
	at org.springframework.security.web.FilterChainProxy$VirtualFilterChain.doFilter(FilterChainProxy.java:346) ~[spring-security-web-5.7.11.jar:5.7.11]
	at org.springframework.web.filter.CorsFilter.doFilterInternal(CorsFilter.java:91) ~[spring-web-5.3.31.jar:5.3.31]
	at org.springframework.web.filter.OncePerRequestFilter.doFilter(OncePerRequestFilter.java:117) ~[spring-web-5.3.31.jar:5.3.31]
	at org.springframework.security.web.FilterChainProxy$VirtualFilterChain.doFilter(FilterChainProxy.java:346) ~[spring-security-web-5.7.11.jar:5.7.11]
	at org.springframework.security.web.header.HeaderWriterFilter.doHeadersAfter(HeaderWriterFilter.java:90) ~[spring-security-web-5.7.11.jar:5.7.11]
	at org.springframework.security.web.header.HeaderWriterFilter.doFilterInternal(HeaderWriterFilter.java:75) ~[spring-security-web-5.7.11.jar:5.7.11]
	at org.springframework.web.filter.OncePerRequestFilter.doFilter(OncePerRequestFilter.java:117) ~[spring-web-5.3.31.jar:5.3.31]
	at org.springframework.security.web.FilterChainProxy$VirtualFilterChain.doFilter(FilterChainProxy.java:346) ~[spring-security-web-5.7.11.jar:5.7.11]
	at org.springframework.security.web.context.SecurityContextPersistenceFilter.doFilter(SecurityContextPersistenceFilter.java:112) ~[spring-security-web-5.7.11.jar:5.7.11]
	at org.springframework.security.web.context.SecurityContextPersistenceFilter.doFilter(SecurityContextPersistenceFilter.java:82) ~[spring-security-web-5.7.11.jar:5.7.11]
	at org.springframework.security.web.FilterChainProxy$VirtualFilterChain.doFilter(FilterChainProxy.java:346) ~[spring-security-web-5.7.11.jar:5.7.11]
	at org.springframework.security.web.context.request.async.WebAsyncManagerIntegrationFilter.doFilterInternal(WebAsyncManagerIntegrationFilter.java:55) ~[spring-security-web-5.7.11.jar:5.7.11]
	at org.springframework.web.filter.OncePerRequestFilter.doFilter(OncePerRequestFilter.java:117) ~[spring-web-5.3.31.jar:5.3.31]
	at org.springframework.security.web.FilterChainProxy$VirtualFilterChain.doFilter(FilterChainProxy.java:346) ~[spring-security-web-5.7.11.jar:5.7.11]
	at org.springframework.security.web.session.DisableEncodeUrlFilter.doFilterInternal(DisableEncodeUrlFilter.java:42) ~[spring-security-web-5.7.11.jar:5.7.11]
	at org.springframework.web.filter.OncePerRequestFilter.doFilter(OncePerRequestFilter.java:117) ~[spring-web-5.3.31.jar:5.3.31]
	at org.springframework.security.web.FilterChainProxy$VirtualFilterChain.doFilter(FilterChainProxy.java:346) ~[spring-security-web-5.7.11.jar:5.7.11]
	at org.springframework.security.web.FilterChainProxy.doFilterInternal(FilterChainProxy.java:221) ~[spring-security-web-5.7.11.jar:5.7.11]
	at org.springframework.security.web.FilterChainProxy.doFilter(FilterChainProxy.java:186) ~[spring-security-web-5.7.11.jar:5.7.11]
	at org.springframework.web.filter.DelegatingFilterProxy.invokeDelegate(DelegatingFilterProxy.java:354) ~[spring-web-5.3.31.jar:5.3.31]
	at org.springframework.web.filter.DelegatingFilterProxy.doFilter(DelegatingFilterProxy.java:267) ~[spring-web-5.3.31.jar:5.3.31]
	at org.apache.catalina.core.ApplicationFilterChain.internalDoFilter(ApplicationFilterChain.java:178) ~[tomcat-embed-core-9.0.83.jar:9.0.83]
	at org.apache.catalina.core.ApplicationFilterChain.doFilter(ApplicationFilterChain.java:153) ~[tomcat-embed-core-9.0.83.jar:9.0.83]
	at org.springframework.web.filter.RequestContextFilter.doFilterInternal(RequestContextFilter.java:100) ~[spring-web-5.3.31.jar:5.3.31]
	at org.springframework.web.filter.OncePerRequestFilter.doFilter(OncePerRequestFilter.java:117) ~[spring-web-5.3.31.jar:5.3.31]
	at org.apache.catalina.core.ApplicationFilterChain.internalDoFilter(ApplicationFilterChain.java:178) ~[tomcat-embed-core-9.0.83.jar:9.0.83]
	at org.apache.catalina.core.ApplicationFilterChain.doFilter(ApplicationFilterChain.java:153) ~[tomcat-embed-core-9.0.83.jar:9.0.83]
	at org.springframework.web.filter.FormContentFilter.doFilterInternal(FormContentFilter.java:93) ~[spring-web-5.3.31.jar:5.3.31]
	at org.springframework.web.filter.OncePerRequestFilter.doFilter(OncePerRequestFilter.java:117) ~[spring-web-5.3.31.jar:5.3.31]
	at org.apache.catalina.core.ApplicationFilterChain.internalDoFilter(ApplicationFilterChain.java:178) ~[tomcat-embed-core-9.0.83.jar:9.0.83]
	at org.apache.catalina.core.ApplicationFilterChain.doFilter(ApplicationFilterChain.java:153) ~[tomcat-embed-core-9.0.83.jar:9.0.83]
	at org.springframework.web.filter.CharacterEncodingFilter.doFilterInternal(CharacterEncodingFilter.java:201) ~[spring-web-5.3.31.jar:5.3.31]
	at org.springframework.web.filter.OncePerRequestFilter.doFilter(OncePerRequestFilter.java:117) ~[spring-web-5.3.31.jar:5.3.31]
	at org.apache.catalina.core.ApplicationFilterChain.internalDoFilter(ApplicationFilterChain.java:178) ~[tomcat-embed-core-9.0.83.jar:9.0.83]
	at org.apache.catalina.core.ApplicationFilterChain.doFilter(ApplicationFilterChain.java:153) ~[tomcat-embed-core-9.0.83.jar:9.0.83]
	at org.apache.catalina.core.StandardWrapperValve.invoke(StandardWrapperValve.java:168) ~[tomcat-embed-core-9.0.83.jar:9.0.83]
	at org.apache.catalina.core.StandardContextValve.invoke(StandardContextValve.java:90) ~[tomcat-embed-core-9.0.83.jar:9.0.83]
	at org.apache.catalina.authenticator.AuthenticatorBase.invoke(AuthenticatorBase.java:481) ~[tomcat-embed-core-9.0.83.jar:9.0.83]
	at org.apache.catalina.core.StandardHostValve.invoke(StandardHostValve.java:130) ~[tomcat-embed-core-9.0.83.jar:9.0.83]
	at org.apache.catalina.valves.ErrorReportValve.invoke(ErrorReportValve.java:93) ~[tomcat-embed-core-9.0.83.jar:9.0.83]
	at org.apache.catalina.core.StandardEngineValve.invoke(StandardEngineValve.java:74) ~[tomcat-embed-core-9.0.83.jar:9.0.83]
	at org.apache.catalina.connector.CoyoteAdapter.service(CoyoteAdapter.java:342) ~[tomcat-embed-core-9.0.83.jar:9.0.83]
	at org.apache.coyote.http11.Http11Processor.service(Http11Processor.java:390) ~[tomcat-embed-core-9.0.83.jar:9.0.83]
	at org.apache.coyote.AbstractProcessorLight.process(AbstractProcessorLight.java:63) ~[tomcat-embed-core-9.0.83.jar:9.0.83]
	at org.apache.coyote.AbstractProtocol$ConnectionHandler.process(AbstractProtocol.java:928) ~[tomcat-embed-core-9.0.83.jar:9.0.83]
	at org.apache.tomcat.util.net.NioEndpoint$SocketProcessor.doRun(NioEndpoint.java:1794) ~[tomcat-embed-core-9.0.83.jar:9.0.83]
	at org.apache.tomcat.util.net.SocketProcessorBase.run(SocketProcessorBase.java:52) ~[tomcat-embed-core-9.0.83.jar:9.0.83]
	at org.apache.tomcat.util.threads.ThreadPoolExecutor.runWorker(ThreadPoolExecutor.java:1191) ~[tomcat-embed-core-9.0.83.jar:9.0.83]
	at org.apache.tomcat.util.threads.ThreadPoolExecutor$Worker.run(ThreadPoolExecutor.java:659) ~[tomcat-embed-core-9.0.83.jar:9.0.83]
	at org.apache.tomcat.util.threads.TaskThread$WrappingRunnable.run(TaskThread.java:61) ~[tomcat-embed-core-9.0.83.jar:9.0.83]
	at java.lang.Thread.run(Thread.java:1583) ~[?:?]
2025-10-01 20:54:09 [main] INFO  BcapApplication:55 - Starting BcapApplication using Java 21.0.6 on LeRuccoLOQ with PID 28412 (C:\bcap\bcap-be\target\classes started by drucc in C:\bcap\bcap-be)
2025-10-01 20:54:09 [main] INFO  BcapApplication:632 - No active profile set, falling back to 1 default profile: "default"
2025-10-01 20:54:10 [main] INFO  TomcatWebServer:108 - Tomcat initialized with port(s): 8080 (http)
2025-10-01 20:54:10 [main] INFO  Http11NioProtocol:173 - Initializing ProtocolHandler ["http-nio-8080"]
2025-10-01 20:54:10 [main] INFO  StandardService:173 - Starting service [Tomcat]
2025-10-01 20:54:10 [main] INFO  StandardEngine:173 - Starting Servlet engine: [Apache Tomcat/9.0.83]
2025-10-01 20:54:10 [main] INFO  [/]:173 - Initializing Spring embedded WebApplicationContext
2025-10-01 20:54:10 [main] INFO  ServletWebServerApplicationContext:292 - Root WebApplicationContext: initialization completed in 869 ms
2025-10-01 20:54:10 [main] WARN  UserDetailsServiceAutoConfiguration:89 - 

Using generated security password: 17ac434b-70f7-4bbd-8bec-fcbe048c492d

This generated password is for development use only. Your security configuration must be updated before running your application in production.

2025-10-01 20:54:11 [main] INFO  DefaultSecurityFilterChain:55 - Will secure any request with [org.springframework.security.web.session.DisableEncodeUrlFilter@2b148329, org.springframework.security.web.context.request.async.WebAsyncManagerIntegrationFilter@62c72501, org.springframework.security.web.context.SecurityContextPersistenceFilter@4337afd, org.springframework.security.web.header.HeaderWriterFilter@342e690b, org.springframework.web.filter.CorsFilter@c889805, org.springframework.security.web.authentication.logout.LogoutFilter@47c7a9e5, maas.bcap.security.JwtAuthFilter@2f860823, org.springframework.security.web.savedrequest.RequestCacheAwareFilter@3fa7df1, org.springframework.security.web.servletapi.SecurityContextHolderAwareRequestFilter@a146b11, org.springframework.security.web.authentication.AnonymousAuthenticationFilter@77db3d02, org.springframework.security.web.session.SessionManagementFilter@32456db0, org.springframework.security.web.access.ExceptionTranslationFilter@2fb25f4c, org.springframework.security.web.access.intercept.AuthorizationFilter@40113163]
2025-10-01 20:54:11 [main] INFO  Http11NioProtocol:173 - Starting ProtocolHandler ["http-nio-8080"]
2025-10-01 20:54:11 [main] INFO  TomcatWebServer:220 - Tomcat started on port(s): 8080 (http) with context path ''
2025-10-01 20:54:11 [main] INFO  BcapApplication:61 - Started BcapApplication in 1.648 seconds (JVM running for 2.08)
2025-10-01 20:54:11 [main] INFO  BcapApplication:18 - Start Application
2025-10-01 20:55:58 [http-nio-8080-exec-1] INFO  [/]:173 - Initializing Spring DispatcherServlet 'dispatcherServlet'
2025-10-01 20:55:58 [http-nio-8080-exec-1] INFO  DispatcherServlet:525 - Initializing Servlet 'dispatcherServlet'
2025-10-01 20:55:58 [http-nio-8080-exec-1] INFO  DispatcherServlet:547 - Completed initialization in 1 ms
2025-10-01 20:55:58 [http-nio-8080-exec-2] INFO  FileManagerController:45 - inDto : FileUploadInDto(fileDiv=div1, fileDesc=desc1, extraPath=null, attachFileId=1111, attachFileSeqNo=null, screenId=FileUpload)
2025-10-01 20:55:58 [http-nio-8080-exec-2] INFO  FileManagerController:46 - Files : [org.springframework.web.multipart.support.StandardMultipartHttpServletRequest$StandardMultipartFile@267ec0c6]
2025-10-01 20:55:58 [http-nio-8080-exec-2] INFO  FileUploadService:48 - FileUploadService.upload
2025-10-01 20:55:58 [http-nio-8080-exec-2] INFO  FileUploadService:52 - Content-Type multipart/form-data; boundary=----WebKitFormBoundaryVHOo3DDKE2s4FjbO
2025-10-01 20:55:58 [http-nio-8080-exec-2] INFO  FileUploadService:69 - UserInfoFileManagerDto(screenId=FileUpload, userIp=0:0:0:0:0:0:0:1)
2025-10-01 20:55:58 [http-nio-8080-exec-2] INFO  FileUploadService:87 - FileManagerService.registerNewFiles
2025-10-01 20:55:58 [http-nio-8080-exec-2] INFO  FileUploadService:190 - FileUploadService.checkFileExtension
2025-10-01 20:55:58 [http-nio-8080-exec-2] INFO  FileUploadService:192 - originFileName : [279111.jpg]
2025-10-01 20:55:58 [http-nio-8080-exec-2] INFO  FileUploadService:194 - jpg
2025-10-01 20:55:58 [http-nio-8080-exec-2] INFO  FileUploadService:133 - FileInVo(attach_file_id=null, attach_file_clcd=div1, attach_file_expl=desc1, upd_yn=N, req_clcd=null, sub1Vos=[FileInSub1Vo(attach_file_id=null, attach_file_seq_no=null, attach_file_clcd=null, del_yn=null, file_nm=279111.jpg, upl_file_size=222793, upl_file_nm=null, file_path=D:/bcap\div1, pfr_rank=0, inp_usr_id=1787130271, inp_pgm_id=FileUpload, chng_usr_id=null, chng_pgm_id=null)])
2025-10-01 20:55:58 [http-nio-8080-exec-2] INFO  FileManagerService:28 - FileManagerService.saveFilesToDevonC
2025-10-01 20:55:58 [http-nio-8080-exec-2] INFO  FileManagerService:32 - FileInVo(attach_file_id=null, attach_file_clcd=div1, attach_file_expl=desc1, upd_yn=N, req_clcd=U1, sub1Vos=[FileInSub1Vo(attach_file_id=null, attach_file_seq_no=null, attach_file_clcd=null, del_yn=null, file_nm=279111.jpg, upl_file_size=222793, upl_file_nm=null, file_path=D:/bcap\div1, pfr_rank=0, inp_usr_id=1787130271, inp_pgm_id=FileUpload, chng_usr_id=null, chng_pgm_id=null)])
2025-10-01 20:55:58 [http-nio-8080-exec-2] INFO  FileManagerService:60 - FileManagerService.interfaceTuxedo
2025-10-01 20:55:58 [http-nio-8080-exec-2] INFO  FileManagerService:75 - TelegramUserDataInput(tx_code=SAZ06F010U, client_ip_no=0:0:0:0:0:0:0:1, client_mac=, scrn_id=FileUpload, op_id=1787130271, sync_type=A, async_rspn_yn=0, rspn_svc_code=, ttl_use_flag=0, ttl=0, long_msg_type=1, dst_inst_code=null, fail_knd=null, ap_host_name=null, ap_caller_id=null, lang_type=EN)
2025-10-01 20:55:58 [http-nio-8080-exec-2] INFO  InterfaceTelegram:18 - #################### Interface Tuxedo ####################
2025-10-01 20:55:58 [http-nio-8080-exec-2] INFO  InterfaceTelegram:19 - FileInVo(attach_file_id=null, attach_file_clcd=div1, attach_file_expl=desc1, upd_yn=N, req_clcd=U1, sub1Vos=[FileInSub1Vo(attach_file_id=null, attach_file_seq_no=null, attach_file_clcd=null, del_yn=null, file_nm=279111.jpg, upl_file_size=222793, upl_file_nm=null, file_path=D:/bcap\div1, pfr_rank=0, inp_usr_id=1787130271, inp_pgm_id=FileUpload, chng_usr_id=null, chng_pgm_id=null)])
2025-10-01 20:55:58 [http-nio-8080-exec-2] INFO  InterfaceTelegram:20 - FileOutVo(rson_cd=null, attach_file_id=null, attach_file_clcd=null, attach_file_expl=null, upd_yn=null, req_clcd=null, sub1Vos=null)
2025-10-01 20:55:58 [http-nio-8080-exec-2] INFO  InterfaceTelegram:23 - ByteEncoder
2025-10-01 20:55:58 [http-nio-8080-exec-2] ERROR TelegramBuilder:11 - java.lang.IllegalAccessException: module java.base does not open java.util to unnamed module @5fcd892a
2025-10-01 20:55:58 [http-nio-8080-exec-2] ERROR TelegramBuilder:19 - java.base/java.lang.invoke.MethodHandles.privateLookupIn(MethodHandles.java:287)
2025-10-01 20:55:58 [http-nio-8080-exec-2] ERROR TelegramBuilder:19 - mti.com.telegram.util.TelegramUtil.getPacketSize(TelegramUtil.java:349)
2025-10-01 20:55:58 [http-nio-8080-exec-2] ERROR TelegramBuilder:19 - mti.com.telegram.util.TelegramUtil.getPacketSize(TelegramUtil.java:368)
2025-10-01 20:55:58 [http-nio-8080-exec-2] ERROR TelegramBuilder:19 - mti.com.telegram.util.TelegramUtil.getPacketSize(TelegramUtil.java:382)
2025-10-01 20:55:58 [http-nio-8080-exec-2] ERROR TelegramBuilder:19 - mti.com.telegram.util.TelegramBuilder.makeTelegramData(TelegramBuilder.java:132)
2025-10-01 20:55:58 [http-nio-8080-exec-2] ERROR TelegramBuilder:19 - mti.com.telegram.util.TelegramBuilder.getTelegramIn(TelegramBuilder.java:25)
2025-10-01 20:55:58 [http-nio-8080-exec-2] ERROR TelegramBuilder:19 - mti.com.telegram.util.InterfaceTelegram.interfaceTuxedo(InterfaceTelegram.java:24)
2025-10-01 20:55:58 [http-nio-8080-exec-2] ERROR TelegramBuilder:19 - maas.bcap.common.ServiceSupport.tuxedoTransaction(ServiceSupport.java:63)
2025-10-01 20:55:58 [http-nio-8080-exec-2] ERROR TelegramBuilder:19 - maas.bcap.service.FileManagerService.interfaceTuxedo(FileManagerService.java:81)
2025-10-01 20:55:58 [http-nio-8080-exec-2] ERROR TelegramBuilder:19 - maas.bcap.service.FileManagerService.saveFilesToDevonC(FileManagerService.java:34)
2025-10-01 20:55:58 [http-nio-8080-exec-2] ERROR TelegramBuilder:19 - maas.bcap.service.FileUploadService.registerNewFiles(FileUploadService.java:136)
2025-10-01 20:55:58 [http-nio-8080-exec-2] ERROR TelegramBuilder:19 - maas.bcap.service.FileUploadService.upload(FileUploadService.java:77)
2025-10-01 20:55:58 [http-nio-8080-exec-2] ERROR TelegramBuilder:19 - maas.bcap.controller.FileManagerController.upload(FileManagerController.java:47)
2025-10-01 20:55:58 [http-nio-8080-exec-2] ERROR TelegramBuilder:19 - java.base/jdk.internal.reflect.DirectMethodHandleAccessor.invoke(DirectMethodHandleAccessor.java:103)
2025-10-01 20:55:58 [http-nio-8080-exec-2] ERROR TelegramBuilder:19 - java.base/java.lang.reflect.Method.invoke(Method.java:580)
2025-10-01 20:55:58 [http-nio-8080-exec-2] ERROR TelegramBuilder:19 - org.springframework.web.method.support.InvocableHandlerMethod.doInvoke(InvocableHandlerMethod.java:205)
2025-10-01 20:55:58 [http-nio-8080-exec-2] ERROR TelegramBuilder:19 - org.springframework.web.method.support.InvocableHandlerMethod.invokeForRequest(InvocableHandlerMethod.java:150)
2025-10-01 20:55:58 [http-nio-8080-exec-2] ERROR TelegramBuilder:19 - org.springframework.web.servlet.mvc.method.annotation.ServletInvocableHandlerMethod.invokeAndHandle(ServletInvocableHandlerMethod.java:117)
2025-10-01 20:55:58 [http-nio-8080-exec-2] ERROR TelegramBuilder:19 - org.springframework.web.servlet.mvc.method.annotation.RequestMappingHandlerAdapter.invokeHandlerMethod(RequestMappingHandlerAdapter.java:895)
2025-10-01 20:55:58 [http-nio-8080-exec-2] ERROR TelegramBuilder:19 - org.springframework.web.servlet.mvc.method.annotation.RequestMappingHandlerAdapter.handleInternal(RequestMappingHandlerAdapter.java:808)
2025-10-01 20:55:58 [http-nio-8080-exec-2] ERROR TelegramBuilder:19 - org.springframework.web.servlet.mvc.method.AbstractHandlerMethodAdapter.handle(AbstractHandlerMethodAdapter.java:87)
2025-10-01 20:55:58 [http-nio-8080-exec-2] ERROR TelegramBuilder:19 - org.springframework.web.servlet.DispatcherServlet.doDispatch(DispatcherServlet.java:1072)
2025-10-01 20:55:58 [http-nio-8080-exec-2] ERROR TelegramBuilder:19 - org.springframework.web.servlet.DispatcherServlet.doService(DispatcherServlet.java:965)
2025-10-01 20:55:58 [http-nio-8080-exec-2] ERROR TelegramBuilder:19 - org.springframework.web.servlet.FrameworkServlet.processRequest(FrameworkServlet.java:1006)
2025-10-01 20:55:58 [http-nio-8080-exec-2] ERROR TelegramBuilder:19 - org.springframework.web.servlet.FrameworkServlet.doPost(FrameworkServlet.java:909)
2025-10-01 20:55:58 [http-nio-8080-exec-2] ERROR TelegramBuilder:19 - javax.servlet.http.HttpServlet.service(HttpServlet.java:555)
2025-10-01 20:55:58 [http-nio-8080-exec-2] ERROR TelegramBuilder:19 - org.springframework.web.servlet.FrameworkServlet.service(FrameworkServlet.java:883)
2025-10-01 20:55:58 [http-nio-8080-exec-2] ERROR TelegramBuilder:19 - javax.servlet.http.HttpServlet.service(HttpServlet.java:623)
2025-10-01 20:55:58 [http-nio-8080-exec-2] ERROR TelegramBuilder:19 - org.apache.catalina.core.ApplicationFilterChain.internalDoFilter(ApplicationFilterChain.java:209)
2025-10-01 20:55:58 [http-nio-8080-exec-2] ERROR TelegramBuilder:19 - org.apache.catalina.core.ApplicationFilterChain.doFilter(ApplicationFilterChain.java:153)
2025-10-01 20:55:58 [http-nio-8080-exec-2] ERROR TelegramBuilder:19 - org.apache.tomcat.websocket.server.WsFilter.doFilter(WsFilter.java:51)
2025-10-01 20:55:58 [http-nio-8080-exec-2] ERROR TelegramBuilder:19 - org.apache.catalina.core.ApplicationFilterChain.internalDoFilter(ApplicationFilterChain.java:178)
2025-10-01 20:55:58 [http-nio-8080-exec-2] ERROR TelegramBuilder:19 - org.apache.catalina.core.ApplicationFilterChain.doFilter(ApplicationFilterChain.java:153)
2025-10-01 20:55:58 [http-nio-8080-exec-2] ERROR TelegramBuilder:19 - org.springframework.web.filter.OncePerRequestFilter.doFilter(OncePerRequestFilter.java:111)
2025-10-01 20:55:58 [http-nio-8080-exec-2] ERROR TelegramBuilder:19 - org.apache.catalina.core.ApplicationFilterChain.internalDoFilter(ApplicationFilterChain.java:178)
2025-10-01 20:55:58 [http-nio-8080-exec-2] ERROR TelegramBuilder:19 - org.apache.catalina.core.ApplicationFilterChain.doFilter(ApplicationFilterChain.java:153)
2025-10-01 20:55:58 [http-nio-8080-exec-2] ERROR TelegramBuilder:19 - org.springframework.security.web.FilterChainProxy$VirtualFilterChain.doFilter(FilterChainProxy.java:337)
2025-10-01 20:55:58 [http-nio-8080-exec-2] ERROR TelegramBuilder:19 - org.springframework.security.web.access.intercept.AuthorizationFilter.doFilter(AuthorizationFilter.java:96)
2025-10-01 20:55:58 [http-nio-8080-exec-2] ERROR TelegramBuilder:19 - org.springframework.security.web.FilterChainProxy$VirtualFilterChain.doFilter(FilterChainProxy.java:346)
2025-10-01 20:55:58 [http-nio-8080-exec-2] ERROR TelegramBuilder:19 - org.springframework.security.web.access.ExceptionTranslationFilter.doFilter(ExceptionTranslationFilter.java:122)
2025-10-01 20:55:58 [http-nio-8080-exec-2] ERROR TelegramBuilder:19 - org.springframework.security.web.access.ExceptionTranslationFilter.doFilter(ExceptionTranslationFilter.java:116)
2025-10-01 20:55:58 [http-nio-8080-exec-2] ERROR TelegramBuilder:19 - org.springframework.security.web.FilterChainProxy$VirtualFilterChain.doFilter(FilterChainProxy.java:346)
2025-10-01 20:55:58 [http-nio-8080-exec-2] ERROR TelegramBuilder:19 - org.springframework.security.web.session.SessionManagementFilter.doFilter(SessionManagementFilter.java:126)
2025-10-01 20:55:58 [http-nio-8080-exec-2] ERROR TelegramBuilder:19 - org.springframework.security.web.session.SessionManagementFilter.doFilter(SessionManagementFilter.java:81)
2025-10-01 20:55:58 [http-nio-8080-exec-2] ERROR TelegramBuilder:19 - org.springframework.security.web.FilterChainProxy$VirtualFilterChain.doFilter(FilterChainProxy.java:346)
2025-10-01 20:55:58 [http-nio-8080-exec-2] ERROR TelegramBuilder:19 - org.springframework.security.web.authentication.AnonymousAuthenticationFilter.doFilter(AnonymousAuthenticationFilter.java:109)
2025-10-01 20:55:58 [http-nio-8080-exec-2] ERROR TelegramBuilder:19 - org.springframework.security.web.FilterChainProxy$VirtualFilterChain.doFilter(FilterChainProxy.java:346)
2025-10-01 20:55:58 [http-nio-8080-exec-2] ERROR TelegramBuilder:19 - org.springframework.security.web.servletapi.SecurityContextHolderAwareRequestFilter.doFilter(SecurityContextHolderAwareRequestFilter.java:149)
2025-10-01 20:55:58 [http-nio-8080-exec-2] ERROR TelegramBuilder:19 - org.springframework.security.web.FilterChainProxy$VirtualFilterChain.doFilter(FilterChainProxy.java:346)
2025-10-01 20:55:58 [http-nio-8080-exec-2] ERROR TelegramBuilder:19 - org.springframework.security.web.savedrequest.RequestCacheAwareFilter.doFilter(RequestCacheAwareFilter.java:63)
2025-10-01 20:55:58 [http-nio-8080-exec-2] ERROR TelegramBuilder:19 - org.springframework.security.web.FilterChainProxy$VirtualFilterChain.doFilter(FilterChainProxy.java:346)
2025-10-01 20:55:58 [http-nio-8080-exec-2] ERROR TelegramBuilder:19 - maas.bcap.security.JwtAuthFilter.doFilterInternal(JwtAuthFilter.java:70)
2025-10-01 20:55:58 [http-nio-8080-exec-2] ERROR TelegramBuilder:19 - org.springframework.web.filter.OncePerRequestFilter.doFilter(OncePerRequestFilter.java:117)
2025-10-01 20:55:58 [http-nio-8080-exec-2] ERROR TelegramBuilder:19 - org.springframework.security.web.FilterChainProxy$VirtualFilterChain.doFilter(FilterChainProxy.java:346)
2025-10-01 20:55:58 [http-nio-8080-exec-2] ERROR TelegramBuilder:19 - org.springframework.security.web.authentication.logout.LogoutFilter.doFilter(LogoutFilter.java:103)
2025-10-01 20:55:58 [http-nio-8080-exec-2] ERROR TelegramBuilder:19 - org.springframework.security.web.authentication.logout.LogoutFilter.doFilter(LogoutFilter.java:89)
2025-10-01 20:55:58 [http-nio-8080-exec-2] ERROR TelegramBuilder:19 - org.springframework.security.web.FilterChainProxy$VirtualFilterChain.doFilter(FilterChainProxy.java:346)
2025-10-01 20:55:58 [http-nio-8080-exec-2] ERROR TelegramBuilder:19 - org.springframework.web.filter.CorsFilter.doFilterInternal(CorsFilter.java:91)
2025-10-01 20:55:58 [http-nio-8080-exec-2] ERROR TelegramBuilder:19 - org.springframework.web.filter.OncePerRequestFilter.doFilter(OncePerRequestFilter.java:117)
2025-10-01 20:55:58 [http-nio-8080-exec-2] ERROR TelegramBuilder:19 - org.springframework.security.web.FilterChainProxy$VirtualFilterChain.doFilter(FilterChainProxy.java:346)
2025-10-01 20:55:58 [http-nio-8080-exec-2] ERROR TelegramBuilder:19 - org.springframework.security.web.header.HeaderWriterFilter.doHeadersAfter(HeaderWriterFilter.java:90)
2025-10-01 20:55:58 [http-nio-8080-exec-2] ERROR TelegramBuilder:19 - org.springframework.security.web.header.HeaderWriterFilter.doFilterInternal(HeaderWriterFilter.java:75)
2025-10-01 20:55:58 [http-nio-8080-exec-2] ERROR TelegramBuilder:19 - org.springframework.web.filter.OncePerRequestFilter.doFilter(OncePerRequestFilter.java:117)
2025-10-01 20:55:58 [http-nio-8080-exec-2] ERROR TelegramBuilder:19 - org.springframework.security.web.FilterChainProxy$VirtualFilterChain.doFilter(FilterChainProxy.java:346)
2025-10-01 20:55:58 [http-nio-8080-exec-2] ERROR TelegramBuilder:19 - org.springframework.security.web.context.SecurityContextPersistenceFilter.doFilter(SecurityContextPersistenceFilter.java:112)
2025-10-01 20:55:58 [http-nio-8080-exec-2] ERROR TelegramBuilder:19 - org.springframework.security.web.context.SecurityContextPersistenceFilter.doFilter(SecurityContextPersistenceFilter.java:82)
2025-10-01 20:55:58 [http-nio-8080-exec-2] ERROR TelegramBuilder:19 - org.springframework.security.web.FilterChainProxy$VirtualFilterChain.doFilter(FilterChainProxy.java:346)
2025-10-01 20:55:58 [http-nio-8080-exec-2] ERROR TelegramBuilder:19 - org.springframework.security.web.context.request.async.WebAsyncManagerIntegrationFilter.doFilterInternal(WebAsyncManagerIntegrationFilter.java:55)
2025-10-01 20:55:58 [http-nio-8080-exec-2] ERROR TelegramBuilder:19 - org.springframework.web.filter.OncePerRequestFilter.doFilter(OncePerRequestFilter.java:117)
2025-10-01 20:55:58 [http-nio-8080-exec-2] ERROR TelegramBuilder:19 - org.springframework.security.web.FilterChainProxy$VirtualFilterChain.doFilter(FilterChainProxy.java:346)
2025-10-01 20:55:58 [http-nio-8080-exec-2] ERROR TelegramBuilder:19 - org.springframework.security.web.session.DisableEncodeUrlFilter.doFilterInternal(DisableEncodeUrlFilter.java:42)
2025-10-01 20:55:58 [http-nio-8080-exec-2] ERROR TelegramBuilder:19 - org.springframework.web.filter.OncePerRequestFilter.doFilter(OncePerRequestFilter.java:117)
2025-10-01 20:55:58 [http-nio-8080-exec-2] ERROR TelegramBuilder:19 - org.springframework.security.web.FilterChainProxy$VirtualFilterChain.doFilter(FilterChainProxy.java:346)
2025-10-01 20:55:58 [http-nio-8080-exec-2] ERROR TelegramBuilder:19 - org.springframework.security.web.FilterChainProxy.doFilterInternal(FilterChainProxy.java:221)
2025-10-01 20:55:58 [http-nio-8080-exec-2] ERROR TelegramBuilder:19 - org.springframework.security.web.FilterChainProxy.doFilter(FilterChainProxy.java:186)
2025-10-01 20:55:58 [http-nio-8080-exec-2] ERROR TelegramBuilder:19 - org.springframework.web.filter.DelegatingFilterProxy.invokeDelegate(DelegatingFilterProxy.java:354)
2025-10-01 20:55:58 [http-nio-8080-exec-2] ERROR TelegramBuilder:19 - org.springframework.web.filter.DelegatingFilterProxy.doFilter(DelegatingFilterProxy.java:267)
2025-10-01 20:55:58 [http-nio-8080-exec-2] ERROR TelegramBuilder:19 - org.apache.catalina.core.ApplicationFilterChain.internalDoFilter(ApplicationFilterChain.java:178)
2025-10-01 20:55:58 [http-nio-8080-exec-2] ERROR TelegramBuilder:19 - org.apache.catalina.core.ApplicationFilterChain.doFilter(ApplicationFilterChain.java:153)
2025-10-01 20:55:58 [http-nio-8080-exec-2] ERROR TelegramBuilder:19 - org.springframework.web.filter.RequestContextFilter.doFilterInternal(RequestContextFilter.java:100)
2025-10-01 20:55:58 [http-nio-8080-exec-2] ERROR TelegramBuilder:19 - org.springframework.web.filter.OncePerRequestFilter.doFilter(OncePerRequestFilter.java:117)
2025-10-01 20:55:58 [http-nio-8080-exec-2] ERROR TelegramBuilder:19 - org.apache.catalina.core.ApplicationFilterChain.internalDoFilter(ApplicationFilterChain.java:178)
2025-10-01 20:55:58 [http-nio-8080-exec-2] ERROR TelegramBuilder:19 - org.apache.catalina.core.ApplicationFilterChain.doFilter(ApplicationFilterChain.java:153)
2025-10-01 20:55:58 [http-nio-8080-exec-2] ERROR TelegramBuilder:19 - org.springframework.web.filter.FormContentFilter.doFilterInternal(FormContentFilter.java:93)
2025-10-01 20:55:58 [http-nio-8080-exec-2] ERROR TelegramBuilder:19 - org.springframework.web.filter.OncePerRequestFilter.doFilter(OncePerRequestFilter.java:117)
2025-10-01 20:55:58 [http-nio-8080-exec-2] ERROR TelegramBuilder:19 - org.apache.catalina.core.ApplicationFilterChain.internalDoFilter(ApplicationFilterChain.java:178)
2025-10-01 20:55:58 [http-nio-8080-exec-2] ERROR TelegramBuilder:19 - org.apache.catalina.core.ApplicationFilterChain.doFilter(ApplicationFilterChain.java:153)
2025-10-01 20:55:58 [http-nio-8080-exec-2] ERROR TelegramBuilder:19 - org.springframework.web.filter.CharacterEncodingFilter.doFilterInternal(CharacterEncodingFilter.java:201)
2025-10-01 20:55:58 [http-nio-8080-exec-2] ERROR TelegramBuilder:19 - org.springframework.web.filter.OncePerRequestFilter.doFilter(OncePerRequestFilter.java:117)
2025-10-01 20:55:58 [http-nio-8080-exec-2] ERROR TelegramBuilder:19 - org.apache.catalina.core.ApplicationFilterChain.internalDoFilter(ApplicationFilterChain.java:178)
2025-10-01 20:55:58 [http-nio-8080-exec-2] ERROR TelegramBuilder:19 - org.apache.catalina.core.ApplicationFilterChain.doFilter(ApplicationFilterChain.java:153)
2025-10-01 20:55:58 [http-nio-8080-exec-2] ERROR TelegramBuilder:19 - org.apache.catalina.core.StandardWrapperValve.invoke(StandardWrapperValve.java:168)
2025-10-01 20:55:58 [http-nio-8080-exec-2] ERROR TelegramBuilder:19 - org.apache.catalina.core.StandardContextValve.invoke(StandardContextValve.java:90)
2025-10-01 20:55:58 [http-nio-8080-exec-2] ERROR TelegramBuilder:19 - org.apache.catalina.authenticator.AuthenticatorBase.invoke(AuthenticatorBase.java:481)
2025-10-01 20:55:58 [http-nio-8080-exec-2] ERROR TelegramBuilder:19 - org.apache.catalina.core.StandardHostValve.invoke(StandardHostValve.java:130)
2025-10-01 20:55:58 [http-nio-8080-exec-2] ERROR TelegramBuilder:19 - org.apache.catalina.valves.ErrorReportValve.invoke(ErrorReportValve.java:93)
2025-10-01 20:55:58 [http-nio-8080-exec-2] ERROR TelegramBuilder:19 - org.apache.catalina.core.StandardEngineValve.invoke(StandardEngineValve.java:74)
2025-10-01 20:55:58 [http-nio-8080-exec-2] ERROR TelegramBuilder:19 - org.apache.catalina.connector.CoyoteAdapter.service(CoyoteAdapter.java:342)
2025-10-01 20:55:58 [http-nio-8080-exec-2] ERROR TelegramBuilder:19 - org.apache.coyote.http11.Http11Processor.service(Http11Processor.java:390)
2025-10-01 20:55:58 [http-nio-8080-exec-2] ERROR TelegramBuilder:19 - org.apache.coyote.AbstractProcessorLight.process(AbstractProcessorLight.java:63)
2025-10-01 20:55:58 [http-nio-8080-exec-2] ERROR TelegramBuilder:19 - org.apache.coyote.AbstractProtocol$ConnectionHandler.process(AbstractProtocol.java:928)
2025-10-01 20:55:58 [http-nio-8080-exec-2] ERROR TelegramBuilder:19 - org.apache.tomcat.util.net.NioEndpoint$SocketProcessor.doRun(NioEndpoint.java:1794)
2025-10-01 20:55:58 [http-nio-8080-exec-2] ERROR TelegramBuilder:19 - org.apache.tomcat.util.net.SocketProcessorBase.run(SocketProcessorBase.java:52)
2025-10-01 20:55:58 [http-nio-8080-exec-2] ERROR TelegramBuilder:19 - org.apache.tomcat.util.threads.ThreadPoolExecutor.runWorker(ThreadPoolExecutor.java:1191)
2025-10-01 20:55:58 [http-nio-8080-exec-2] ERROR TelegramBuilder:19 - org.apache.tomcat.util.threads.ThreadPoolExecutor$Worker.run(ThreadPoolExecutor.java:659)
2025-10-01 20:55:58 [http-nio-8080-exec-2] ERROR TelegramBuilder:19 - org.apache.tomcat.util.threads.TaskThread$WrappingRunnable.run(TaskThread.java:61)
2025-10-01 20:55:58 [http-nio-8080-exec-2] ERROR TelegramBuilder:19 - java.base/java.lang.Thread.run(Thread.java:1583)
2025-10-01 20:55:58 [http-nio-8080-exec-2] ERROR TelegramBuilder:11 - java.lang.IllegalAccessException: module java.base does not open java.util to unnamed module @5fcd892a
2025-10-01 20:55:58 [http-nio-8080-exec-2] ERROR TelegramBuilder:19 - java.base/java.lang.invoke.MethodHandles.privateLookupIn(MethodHandles.java:287)
2025-10-01 20:55:58 [http-nio-8080-exec-2] ERROR TelegramBuilder:19 - mti.com.telegram.util.TelegramUtil.getPacketSize(TelegramUtil.java:349)
2025-10-01 20:55:58 [http-nio-8080-exec-2] ERROR TelegramBuilder:19 - mti.com.telegram.util.TelegramUtil.getPacketSize(TelegramUtil.java:368)
2025-10-01 20:55:58 [http-nio-8080-exec-2] ERROR TelegramBuilder:19 - mti.com.telegram.util.TelegramUtil.getPacketSize(TelegramUtil.java:382)
2025-10-01 20:55:58 [http-nio-8080-exec-2] ERROR TelegramBuilder:19 - mti.com.telegram.util.TelegramUtil.getPacketSize(TelegramUtil.java:382)
2025-10-01 20:55:58 [http-nio-8080-exec-2] ERROR TelegramBuilder:19 - mti.com.telegram.util.TelegramBuilder.getTelegramIn(TelegramBuilder.java:28)
2025-10-01 20:55:58 [http-nio-8080-exec-2] ERROR TelegramBuilder:19 - mti.com.telegram.util.InterfaceTelegram.interfaceTuxedo(InterfaceTelegram.java:24)
2025-10-01 20:55:58 [http-nio-8080-exec-2] ERROR TelegramBuilder:19 - maas.bcap.common.ServiceSupport.tuxedoTransaction(ServiceSupport.java:63)
2025-10-01 20:55:58 [http-nio-8080-exec-2] ERROR TelegramBuilder:19 - maas.bcap.service.FileManagerService.interfaceTuxedo(FileManagerService.java:81)
2025-10-01 20:55:58 [http-nio-8080-exec-2] ERROR TelegramBuilder:19 - maas.bcap.service.FileManagerService.saveFilesToDevonC(FileManagerService.java:34)
2025-10-01 20:55:58 [http-nio-8080-exec-2] ERROR TelegramBuilder:19 - maas.bcap.service.FileUploadService.registerNewFiles(FileUploadService.java:136)
2025-10-01 20:55:58 [http-nio-8080-exec-2] ERROR TelegramBuilder:19 - maas.bcap.service.FileUploadService.upload(FileUploadService.java:77)
2025-10-01 20:55:58 [http-nio-8080-exec-2] ERROR TelegramBuilder:19 - maas.bcap.controller.FileManagerController.upload(FileManagerController.java:47)
2025-10-01 20:55:58 [http-nio-8080-exec-2] ERROR TelegramBuilder:19 - java.base/jdk.internal.reflect.DirectMethodHandleAccessor.invoke(DirectMethodHandleAccessor.java:103)
2025-10-01 20:55:58 [http-nio-8080-exec-2] ERROR TelegramBuilder:19 - java.base/java.lang.reflect.Method.invoke(Method.java:580)
2025-10-01 20:55:58 [http-nio-8080-exec-2] ERROR TelegramBuilder:19 - org.springframework.web.method.support.InvocableHandlerMethod.doInvoke(InvocableHandlerMethod.java:205)
2025-10-01 20:55:58 [http-nio-8080-exec-2] ERROR TelegramBuilder:19 - org.springframework.web.method.support.InvocableHandlerMethod.invokeForRequest(InvocableHandlerMethod.java:150)
2025-10-01 20:55:58 [http-nio-8080-exec-2] ERROR TelegramBuilder:19 - org.springframework.web.servlet.mvc.method.annotation.ServletInvocableHandlerMethod.invokeAndHandle(ServletInvocableHandlerMethod.java:117)
2025-10-01 20:55:58 [http-nio-8080-exec-2] ERROR TelegramBuilder:19 - org.springframework.web.servlet.mvc.method.annotation.RequestMappingHandlerAdapter.invokeHandlerMethod(RequestMappingHandlerAdapter.java:895)
2025-10-01 20:55:58 [http-nio-8080-exec-2] ERROR TelegramBuilder:19 - org.springframework.web.servlet.mvc.method.annotation.RequestMappingHandlerAdapter.handleInternal(RequestMappingHandlerAdapter.java:808)
2025-10-01 20:55:58 [http-nio-8080-exec-2] ERROR TelegramBuilder:19 - org.springframework.web.servlet.mvc.method.AbstractHandlerMethodAdapter.handle(AbstractHandlerMethodAdapter.java:87)
2025-10-01 20:55:58 [http-nio-8080-exec-2] ERROR TelegramBuilder:19 - org.springframework.web.servlet.DispatcherServlet.doDispatch(DispatcherServlet.java:1072)
2025-10-01 20:55:58 [http-nio-8080-exec-2] ERROR TelegramBuilder:19 - org.springframework.web.servlet.DispatcherServlet.doService(DispatcherServlet.java:965)
2025-10-01 20:55:58 [http-nio-8080-exec-2] ERROR TelegramBuilder:19 - org.springframework.web.servlet.FrameworkServlet.processRequest(FrameworkServlet.java:1006)
2025-10-01 20:55:58 [http-nio-8080-exec-2] ERROR TelegramBuilder:19 - org.springframework.web.servlet.FrameworkServlet.doPost(FrameworkServlet.java:909)
2025-10-01 20:55:58 [http-nio-8080-exec-2] ERROR TelegramBuilder:19 - javax.servlet.http.HttpServlet.service(HttpServlet.java:555)
2025-10-01 20:55:58 [http-nio-8080-exec-2] ERROR TelegramBuilder:19 - org.springframework.web.servlet.FrameworkServlet.service(FrameworkServlet.java:883)
2025-10-01 20:55:58 [http-nio-8080-exec-2] ERROR TelegramBuilder:19 - javax.servlet.http.HttpServlet.service(HttpServlet.java:623)
2025-10-01 20:55:58 [http-nio-8080-exec-2] ERROR TelegramBuilder:19 - org.apache.catalina.core.ApplicationFilterChain.internalDoFilter(ApplicationFilterChain.java:209)
2025-10-01 20:55:58 [http-nio-8080-exec-2] ERROR TelegramBuilder:19 - org.apache.catalina.core.ApplicationFilterChain.doFilter(ApplicationFilterChain.java:153)
2025-10-01 20:55:58 [http-nio-8080-exec-2] ERROR TelegramBuilder:19 - org.apache.tomcat.websocket.server.WsFilter.doFilter(WsFilter.java:51)
2025-10-01 20:55:58 [http-nio-8080-exec-2] ERROR TelegramBuilder:19 - org.apache.catalina.core.ApplicationFilterChain.internalDoFilter(ApplicationFilterChain.java:178)
2025-10-01 20:55:58 [http-nio-8080-exec-2] ERROR TelegramBuilder:19 - org.apache.catalina.core.ApplicationFilterChain.doFilter(ApplicationFilterChain.java:153)
2025-10-01 20:55:58 [http-nio-8080-exec-2] ERROR TelegramBuilder:19 - org.springframework.web.filter.OncePerRequestFilter.doFilter(OncePerRequestFilter.java:111)
2025-10-01 20:55:58 [http-nio-8080-exec-2] ERROR TelegramBuilder:19 - org.apache.catalina.core.ApplicationFilterChain.internalDoFilter(ApplicationFilterChain.java:178)
2025-10-01 20:55:58 [http-nio-8080-exec-2] ERROR TelegramBuilder:19 - org.apache.catalina.core.ApplicationFilterChain.doFilter(ApplicationFilterChain.java:153)
2025-10-01 20:55:58 [http-nio-8080-exec-2] ERROR TelegramBuilder:19 - org.springframework.security.web.FilterChainProxy$VirtualFilterChain.doFilter(FilterChainProxy.java:337)
2025-10-01 20:55:58 [http-nio-8080-exec-2] ERROR TelegramBuilder:19 - org.springframework.security.web.access.intercept.AuthorizationFilter.doFilter(AuthorizationFilter.java:96)
2025-10-01 20:55:58 [http-nio-8080-exec-2] ERROR TelegramBuilder:19 - org.springframework.security.web.FilterChainProxy$VirtualFilterChain.doFilter(FilterChainProxy.java:346)
2025-10-01 20:55:58 [http-nio-8080-exec-2] ERROR TelegramBuilder:19 - org.springframework.security.web.access.ExceptionTranslationFilter.doFilter(ExceptionTranslationFilter.java:122)
2025-10-01 20:55:58 [http-nio-8080-exec-2] ERROR TelegramBuilder:19 - org.springframework.security.web.access.ExceptionTranslationFilter.doFilter(ExceptionTranslationFilter.java:116)
2025-10-01 20:55:58 [http-nio-8080-exec-2] ERROR TelegramBuilder:19 - org.springframework.security.web.FilterChainProxy$VirtualFilterChain.doFilter(FilterChainProxy.java:346)
2025-10-01 20:55:58 [http-nio-8080-exec-2] ERROR TelegramBuilder:19 - org.springframework.security.web.session.SessionManagementFilter.doFilter(SessionManagementFilter.java:126)
2025-10-01 20:55:58 [http-nio-8080-exec-2] ERROR TelegramBuilder:19 - org.springframework.security.web.session.SessionManagementFilter.doFilter(SessionManagementFilter.java:81)
2025-10-01 20:55:58 [http-nio-8080-exec-2] ERROR TelegramBuilder:19 - org.springframework.security.web.FilterChainProxy$VirtualFilterChain.doFilter(FilterChainProxy.java:346)
2025-10-01 20:55:58 [http-nio-8080-exec-2] ERROR TelegramBuilder:19 - org.springframework.security.web.authentication.AnonymousAuthenticationFilter.doFilter(AnonymousAuthenticationFilter.java:109)
2025-10-01 20:55:58 [http-nio-8080-exec-2] ERROR TelegramBuilder:19 - org.springframework.security.web.FilterChainProxy$VirtualFilterChain.doFilter(FilterChainProxy.java:346)
2025-10-01 20:55:58 [http-nio-8080-exec-2] ERROR TelegramBuilder:19 - org.springframework.security.web.servletapi.SecurityContextHolderAwareRequestFilter.doFilter(SecurityContextHolderAwareRequestFilter.java:149)
2025-10-01 20:55:58 [http-nio-8080-exec-2] ERROR TelegramBuilder:19 - org.springframework.security.web.FilterChainProxy$VirtualFilterChain.doFilter(FilterChainProxy.java:346)
2025-10-01 20:55:58 [http-nio-8080-exec-2] ERROR TelegramBuilder:19 - org.springframework.security.web.savedrequest.RequestCacheAwareFilter.doFilter(RequestCacheAwareFilter.java:63)
2025-10-01 20:55:58 [http-nio-8080-exec-2] ERROR TelegramBuilder:19 - org.springframework.security.web.FilterChainProxy$VirtualFilterChain.doFilter(FilterChainProxy.java:346)
2025-10-01 20:55:58 [http-nio-8080-exec-2] ERROR TelegramBuilder:19 - maas.bcap.security.JwtAuthFilter.doFilterInternal(JwtAuthFilter.java:70)
2025-10-01 20:55:58 [http-nio-8080-exec-2] ERROR TelegramBuilder:19 - org.springframework.web.filter.OncePerRequestFilter.doFilter(OncePerRequestFilter.java:117)
2025-10-01 20:55:58 [http-nio-8080-exec-2] ERROR TelegramBuilder:19 - org.springframework.security.web.FilterChainProxy$VirtualFilterChain.doFilter(FilterChainProxy.java:346)
2025-10-01 20:55:58 [http-nio-8080-exec-2] ERROR TelegramBuilder:19 - org.springframework.security.web.authentication.logout.LogoutFilter.doFilter(LogoutFilter.java:103)
2025-10-01 20:55:58 [http-nio-8080-exec-2] ERROR TelegramBuilder:19 - org.springframework.security.web.authentication.logout.LogoutFilter.doFilter(LogoutFilter.java:89)
2025-10-01 20:55:58 [http-nio-8080-exec-2] ERROR TelegramBuilder:19 - org.springframework.security.web.FilterChainProxy$VirtualFilterChain.doFilter(FilterChainProxy.java:346)
2025-10-01 20:55:58 [http-nio-8080-exec-2] ERROR TelegramBuilder:19 - org.springframework.web.filter.CorsFilter.doFilterInternal(CorsFilter.java:91)
2025-10-01 20:55:58 [http-nio-8080-exec-2] ERROR TelegramBuilder:19 - org.springframework.web.filter.OncePerRequestFilter.doFilter(OncePerRequestFilter.java:117)
2025-10-01 20:55:58 [http-nio-8080-exec-2] ERROR TelegramBuilder:19 - org.springframework.security.web.FilterChainProxy$VirtualFilterChain.doFilter(FilterChainProxy.java:346)
2025-10-01 20:55:58 [http-nio-8080-exec-2] ERROR TelegramBuilder:19 - org.springframework.security.web.header.HeaderWriterFilter.doHeadersAfter(HeaderWriterFilter.java:90)
2025-10-01 20:55:58 [http-nio-8080-exec-2] ERROR TelegramBuilder:19 - org.springframework.security.web.header.HeaderWriterFilter.doFilterInternal(HeaderWriterFilter.java:75)
2025-10-01 20:55:58 [http-nio-8080-exec-2] ERROR TelegramBuilder:19 - org.springframework.web.filter.OncePerRequestFilter.doFilter(OncePerRequestFilter.java:117)
2025-10-01 20:55:58 [http-nio-8080-exec-2] ERROR TelegramBuilder:19 - org.springframework.security.web.FilterChainProxy$VirtualFilterChain.doFilter(FilterChainProxy.java:346)
2025-10-01 20:55:58 [http-nio-8080-exec-2] ERROR TelegramBuilder:19 - org.springframework.security.web.context.SecurityContextPersistenceFilter.doFilter(SecurityContextPersistenceFilter.java:112)
2025-10-01 20:55:58 [http-nio-8080-exec-2] ERROR TelegramBuilder:19 - org.springframework.security.web.context.SecurityContextPersistenceFilter.doFilter(SecurityContextPersistenceFilter.java:82)
2025-10-01 20:55:58 [http-nio-8080-exec-2] ERROR TelegramBuilder:19 - org.springframework.security.web.FilterChainProxy$VirtualFilterChain.doFilter(FilterChainProxy.java:346)
2025-10-01 20:55:58 [http-nio-8080-exec-2] ERROR TelegramBuilder:19 - org.springframework.security.web.context.request.async.WebAsyncManagerIntegrationFilter.doFilterInternal(WebAsyncManagerIntegrationFilter.java:55)
2025-10-01 20:55:58 [http-nio-8080-exec-2] ERROR TelegramBuilder:19 - org.springframework.web.filter.OncePerRequestFilter.doFilter(OncePerRequestFilter.java:117)
2025-10-01 20:55:58 [http-nio-8080-exec-2] ERROR TelegramBuilder:19 - org.springframework.security.web.FilterChainProxy$VirtualFilterChain.doFilter(FilterChainProxy.java:346)
2025-10-01 20:55:58 [http-nio-8080-exec-2] ERROR TelegramBuilder:19 - org.springframework.security.web.session.DisableEncodeUrlFilter.doFilterInternal(DisableEncodeUrlFilter.java:42)
2025-10-01 20:55:58 [http-nio-8080-exec-2] ERROR TelegramBuilder:19 - org.springframework.web.filter.OncePerRequestFilter.doFilter(OncePerRequestFilter.java:117)
2025-10-01 20:55:58 [http-nio-8080-exec-2] ERROR TelegramBuilder:19 - org.springframework.security.web.FilterChainProxy$VirtualFilterChain.doFilter(FilterChainProxy.java:346)
2025-10-01 20:55:58 [http-nio-8080-exec-2] ERROR TelegramBuilder:19 - org.springframework.security.web.FilterChainProxy.doFilterInternal(FilterChainProxy.java:221)
2025-10-01 20:55:58 [http-nio-8080-exec-2] ERROR TelegramBuilder:19 - org.springframework.security.web.FilterChainProxy.doFilter(FilterChainProxy.java:186)
2025-10-01 20:55:58 [http-nio-8080-exec-2] ERROR TelegramBuilder:19 - org.springframework.web.filter.DelegatingFilterProxy.invokeDelegate(DelegatingFilterProxy.java:354)
2025-10-01 20:55:58 [http-nio-8080-exec-2] ERROR TelegramBuilder:19 - org.springframework.web.filter.DelegatingFilterProxy.doFilter(DelegatingFilterProxy.java:267)
2025-10-01 20:55:58 [http-nio-8080-exec-2] ERROR TelegramBuilder:19 - org.apache.catalina.core.ApplicationFilterChain.internalDoFilter(ApplicationFilterChain.java:178)
2025-10-01 20:55:58 [http-nio-8080-exec-2] ERROR TelegramBuilder:19 - org.apache.catalina.core.ApplicationFilterChain.doFilter(ApplicationFilterChain.java:153)
2025-10-01 20:55:58 [http-nio-8080-exec-2] ERROR TelegramBuilder:19 - org.springframework.web.filter.RequestContextFilter.doFilterInternal(RequestContextFilter.java:100)
2025-10-01 20:55:58 [http-nio-8080-exec-2] ERROR TelegramBuilder:19 - org.springframework.web.filter.OncePerRequestFilter.doFilter(OncePerRequestFilter.java:117)
2025-10-01 20:55:58 [http-nio-8080-exec-2] ERROR TelegramBuilder:19 - org.apache.catalina.core.ApplicationFilterChain.internalDoFilter(ApplicationFilterChain.java:178)
2025-10-01 20:55:58 [http-nio-8080-exec-2] ERROR TelegramBuilder:19 - org.apache.catalina.core.ApplicationFilterChain.doFilter(ApplicationFilterChain.java:153)
2025-10-01 20:55:58 [http-nio-8080-exec-2] ERROR TelegramBuilder:19 - org.springframework.web.filter.FormContentFilter.doFilterInternal(FormContentFilter.java:93)
2025-10-01 20:55:58 [http-nio-8080-exec-2] ERROR TelegramBuilder:19 - org.springframework.web.filter.OncePerRequestFilter.doFilter(OncePerRequestFilter.java:117)
2025-10-01 20:55:58 [http-nio-8080-exec-2] ERROR TelegramBuilder:19 - org.apache.catalina.core.ApplicationFilterChain.internalDoFilter(ApplicationFilterChain.java:178)
2025-10-01 20:55:58 [http-nio-8080-exec-2] ERROR TelegramBuilder:19 - org.apache.catalina.core.ApplicationFilterChain.doFilter(ApplicationFilterChain.java:153)
2025-10-01 20:55:58 [http-nio-8080-exec-2] ERROR TelegramBuilder:19 - org.springframework.web.filter.CharacterEncodingFilter.doFilterInternal(CharacterEncodingFilter.java:201)
2025-10-01 20:55:58 [http-nio-8080-exec-2] ERROR TelegramBuilder:19 - org.springframework.web.filter.OncePerRequestFilter.doFilter(OncePerRequestFilter.java:117)
2025-10-01 20:55:58 [http-nio-8080-exec-2] ERROR TelegramBuilder:19 - org.apache.catalina.core.ApplicationFilterChain.internalDoFilter(ApplicationFilterChain.java:178)
2025-10-01 20:55:58 [http-nio-8080-exec-2] ERROR TelegramBuilder:19 - org.apache.catalina.core.ApplicationFilterChain.doFilter(ApplicationFilterChain.java:153)
2025-10-01 20:55:58 [http-nio-8080-exec-2] ERROR TelegramBuilder:19 - org.apache.catalina.core.StandardWrapperValve.invoke(StandardWrapperValve.java:168)
2025-10-01 20:55:58 [http-nio-8080-exec-2] ERROR TelegramBuilder:19 - org.apache.catalina.core.StandardContextValve.invoke(StandardContextValve.java:90)
2025-10-01 20:55:58 [http-nio-8080-exec-2] ERROR TelegramBuilder:19 - org.apache.catalina.authenticator.AuthenticatorBase.invoke(AuthenticatorBase.java:481)
2025-10-01 20:55:58 [http-nio-8080-exec-2] ERROR TelegramBuilder:19 - org.apache.catalina.core.StandardHostValve.invoke(StandardHostValve.java:130)
2025-10-01 20:55:58 [http-nio-8080-exec-2] ERROR TelegramBuilder:19 - org.apache.catalina.valves.ErrorReportValve.invoke(ErrorReportValve.java:93)
2025-10-01 20:55:58 [http-nio-8080-exec-2] ERROR TelegramBuilder:19 - org.apache.catalina.core.StandardEngineValve.invoke(StandardEngineValve.java:74)
2025-10-01 20:55:58 [http-nio-8080-exec-2] ERROR TelegramBuilder:19 - org.apache.catalina.connector.CoyoteAdapter.service(CoyoteAdapter.java:342)
2025-10-01 20:55:58 [http-nio-8080-exec-2] ERROR TelegramBuilder:19 - org.apache.coyote.http11.Http11Processor.service(Http11Processor.java:390)
2025-10-01 20:55:58 [http-nio-8080-exec-2] ERROR TelegramBuilder:19 - org.apache.coyote.AbstractProcessorLight.process(AbstractProcessorLight.java:63)
2025-10-01 20:55:58 [http-nio-8080-exec-2] ERROR TelegramBuilder:19 - org.apache.coyote.AbstractProtocol$ConnectionHandler.process(AbstractProtocol.java:928)
2025-10-01 20:55:58 [http-nio-8080-exec-2] ERROR TelegramBuilder:19 - org.apache.tomcat.util.net.NioEndpoint$SocketProcessor.doRun(NioEndpoint.java:1794)
2025-10-01 20:55:58 [http-nio-8080-exec-2] ERROR TelegramBuilder:19 - org.apache.tomcat.util.net.SocketProcessorBase.run(SocketProcessorBase.java:52)
2025-10-01 20:55:58 [http-nio-8080-exec-2] ERROR TelegramBuilder:19 - org.apache.tomcat.util.threads.ThreadPoolExecutor.runWorker(ThreadPoolExecutor.java:1191)
2025-10-01 20:55:58 [http-nio-8080-exec-2] ERROR TelegramBuilder:19 - org.apache.tomcat.util.threads.ThreadPoolExecutor$Worker.run(ThreadPoolExecutor.java:659)
2025-10-01 20:55:58 [http-nio-8080-exec-2] ERROR TelegramBuilder:19 - org.apache.tomcat.util.threads.TaskThread$WrappingRunnable.run(TaskThread.java:61)
2025-10-01 20:55:58 [http-nio-8080-exec-2] ERROR TelegramBuilder:19 - java.base/java.lang.Thread.run(Thread.java:1583)
2025-10-01 20:55:58 [http-nio-8080-exec-2] INFO  InterfaceTelegram:25 - TelegramIn(header=TelegramHeader(msg_len=0, gid_sysname=LeRuccoLOQ, gid_yyyyymmdd=20251001, gid_hhmmss=205558, gid_seq=002, gid_pid=00000, gid_stat=00, tx_code=SAZ06F010U, inst_no=MTI, send_rspn_type=S, rspn_svc_code=, ori_global_id=LeRuccoL202510012055580020000000, ori_send_time=20251001205558000765, chnl_id=WEB, client_ip_no=0:0:0:0:0:0:0:1, client_mac=, scrn_id=FileUpload, scrn_lock_yn=N, op_id=1787130271, xa_begin_flag=0, send_time=20251001205558000765, rspn_time=, sync_type=A, async_rspn_yn=0, call_depth=0, msg_count_no=0, ttl_use_flag=0, ttl_from_time=, ttl=0, long_msg_type=1, err_flag=0, err_src=, err_type=, err_code=, dst_inst_code=, fail_knd=null, ap_host_name=null, ap_caller_id=null, inf_id=, lang_type=EN, reserved=), data=TelegramInData(dataType=D, length=0, reserved=null, data=FileInVo(attach_file_id=null, attach_file_clcd=div1, attach_file_expl=desc1, upd_yn=N, req_clcd=U1, sub1Vos=[FileInSub1Vo(attach_file_id=null, attach_file_seq_no=null, attach_file_clcd=null, del_yn=null, file_nm=279111.jpg, upl_file_size=222793, upl_file_nm=null, file_path=D:/bcap\div1, pfr_rank=0, inp_usr_id=1787130271, inp_pgm_id=FileUpload, chng_usr_id=null, chng_pgm_id=null)])), tail=@@)
2025-10-01 20:55:58 [http-nio-8080-exec-2] ERROR FileManagerService:89 - java.lang.IllegalAccessException: module java.base does not open java.util to unnamed module @5fcd892a
2025-10-01 20:55:58 [http-nio-8080-exec-2] ERROR FileManagerService:11 - java.lang.IllegalAccessException: module java.base does not open java.util to unnamed module @5fcd892a
2025-10-01 20:55:58 [http-nio-8080-exec-2] ERROR FileManagerService:19 - java.base/java.lang.invoke.MethodHandles.privateLookupIn(MethodHandles.java:287)
2025-10-01 20:55:58 [http-nio-8080-exec-2] ERROR FileManagerService:19 - mti.com.telegram.util.TelegramUtil.getPacketSize(TelegramUtil.java:349)
2025-10-01 20:55:58 [http-nio-8080-exec-2] ERROR FileManagerService:19 - mti.com.telegram.util.TelegramUtil.getPacketSize(TelegramUtil.java:368)
2025-10-01 20:55:58 [http-nio-8080-exec-2] ERROR FileManagerService:19 - mti.com.telegram.util.TelegramUtil.getPacketSize(TelegramUtil.java:382)
2025-10-01 20:55:58 [http-nio-8080-exec-2] ERROR FileManagerService:19 - mti.com.telegram.util.TelegramUtil.getPacketSize(TelegramUtil.java:382)
2025-10-01 20:55:58 [http-nio-8080-exec-2] ERROR FileManagerService:19 - mti.com.telegram.mapping.ByteEncoder.convertObjectToBytes(ByteEncoder.java:32)
2025-10-01 20:55:58 [http-nio-8080-exec-2] ERROR FileManagerService:19 - mti.com.telegram.util.InterfaceTelegram.interfaceTuxedo(InterfaceTelegram.java:26)
2025-10-01 20:55:58 [http-nio-8080-exec-2] ERROR FileManagerService:19 - maas.bcap.common.ServiceSupport.tuxedoTransaction(ServiceSupport.java:63)
2025-10-01 20:55:58 [http-nio-8080-exec-2] ERROR FileManagerService:19 - maas.bcap.service.FileManagerService.interfaceTuxedo(FileManagerService.java:81)
2025-10-01 20:55:58 [http-nio-8080-exec-2] ERROR FileManagerService:19 - maas.bcap.service.FileManagerService.saveFilesToDevonC(FileManagerService.java:34)
2025-10-01 20:55:58 [http-nio-8080-exec-2] ERROR FileManagerService:19 - maas.bcap.service.FileUploadService.registerNewFiles(FileUploadService.java:136)
2025-10-01 20:55:58 [http-nio-8080-exec-2] ERROR FileManagerService:19 - maas.bcap.service.FileUploadService.upload(FileUploadService.java:77)
2025-10-01 20:55:58 [http-nio-8080-exec-2] ERROR FileManagerService:19 - maas.bcap.controller.FileManagerController.upload(FileManagerController.java:47)
2025-10-01 20:55:58 [http-nio-8080-exec-2] ERROR FileManagerService:19 - java.base/jdk.internal.reflect.DirectMethodHandleAccessor.invoke(DirectMethodHandleAccessor.java:103)
2025-10-01 20:55:58 [http-nio-8080-exec-2] ERROR FileManagerService:19 - java.base/java.lang.reflect.Method.invoke(Method.java:580)
2025-10-01 20:55:58 [http-nio-8080-exec-2] ERROR FileManagerService:19 - org.springframework.web.method.support.InvocableHandlerMethod.doInvoke(InvocableHandlerMethod.java:205)
2025-10-01 20:55:58 [http-nio-8080-exec-2] ERROR FileManagerService:19 - org.springframework.web.method.support.InvocableHandlerMethod.invokeForRequest(InvocableHandlerMethod.java:150)
2025-10-01 20:55:58 [http-nio-8080-exec-2] ERROR FileManagerService:19 - org.springframework.web.servlet.mvc.method.annotation.ServletInvocableHandlerMethod.invokeAndHandle(ServletInvocableHandlerMethod.java:117)
2025-10-01 20:55:58 [http-nio-8080-exec-2] ERROR FileManagerService:19 - org.springframework.web.servlet.mvc.method.annotation.RequestMappingHandlerAdapter.invokeHandlerMethod(RequestMappingHandlerAdapter.java:895)
2025-10-01 20:55:58 [http-nio-8080-exec-2] ERROR FileManagerService:19 - org.springframework.web.servlet.mvc.method.annotation.RequestMappingHandlerAdapter.handleInternal(RequestMappingHandlerAdapter.java:808)
2025-10-01 20:55:58 [http-nio-8080-exec-2] ERROR FileManagerService:19 - org.springframework.web.servlet.mvc.method.AbstractHandlerMethodAdapter.handle(AbstractHandlerMethodAdapter.java:87)
2025-10-01 20:55:58 [http-nio-8080-exec-2] ERROR FileManagerService:19 - org.springframework.web.servlet.DispatcherServlet.doDispatch(DispatcherServlet.java:1072)
2025-10-01 20:55:58 [http-nio-8080-exec-2] ERROR FileManagerService:19 - org.springframework.web.servlet.DispatcherServlet.doService(DispatcherServlet.java:965)
2025-10-01 20:55:58 [http-nio-8080-exec-2] ERROR FileManagerService:19 - org.springframework.web.servlet.FrameworkServlet.processRequest(FrameworkServlet.java:1006)
2025-10-01 20:55:58 [http-nio-8080-exec-2] ERROR FileManagerService:19 - org.springframework.web.servlet.FrameworkServlet.doPost(FrameworkServlet.java:909)
2025-10-01 20:55:58 [http-nio-8080-exec-2] ERROR FileManagerService:19 - javax.servlet.http.HttpServlet.service(HttpServlet.java:555)
2025-10-01 20:55:58 [http-nio-8080-exec-2] ERROR FileManagerService:19 - org.springframework.web.servlet.FrameworkServlet.service(FrameworkServlet.java:883)
2025-10-01 20:55:58 [http-nio-8080-exec-2] ERROR FileManagerService:19 - javax.servlet.http.HttpServlet.service(HttpServlet.java:623)
2025-10-01 20:55:58 [http-nio-8080-exec-2] ERROR FileManagerService:19 - org.apache.catalina.core.ApplicationFilterChain.internalDoFilter(ApplicationFilterChain.java:209)
2025-10-01 20:55:58 [http-nio-8080-exec-2] ERROR FileManagerService:19 - org.apache.catalina.core.ApplicationFilterChain.doFilter(ApplicationFilterChain.java:153)
2025-10-01 20:55:58 [http-nio-8080-exec-2] ERROR FileManagerService:19 - org.apache.tomcat.websocket.server.WsFilter.doFilter(WsFilter.java:51)
2025-10-01 20:55:58 [http-nio-8080-exec-2] ERROR FileManagerService:19 - org.apache.catalina.core.ApplicationFilterChain.internalDoFilter(ApplicationFilterChain.java:178)
2025-10-01 20:55:58 [http-nio-8080-exec-2] ERROR FileManagerService:19 - org.apache.catalina.core.ApplicationFilterChain.doFilter(ApplicationFilterChain.java:153)
2025-10-01 20:55:58 [http-nio-8080-exec-2] ERROR FileManagerService:19 - org.springframework.web.filter.OncePerRequestFilter.doFilter(OncePerRequestFilter.java:111)
2025-10-01 20:55:58 [http-nio-8080-exec-2] ERROR FileManagerService:19 - org.apache.catalina.core.ApplicationFilterChain.internalDoFilter(ApplicationFilterChain.java:178)
2025-10-01 20:55:58 [http-nio-8080-exec-2] ERROR FileManagerService:19 - org.apache.catalina.core.ApplicationFilterChain.doFilter(ApplicationFilterChain.java:153)
2025-10-01 20:55:58 [http-nio-8080-exec-2] ERROR FileManagerService:19 - org.springframework.security.web.FilterChainProxy$VirtualFilterChain.doFilter(FilterChainProxy.java:337)
2025-10-01 20:55:58 [http-nio-8080-exec-2] ERROR FileManagerService:19 - org.springframework.security.web.access.intercept.AuthorizationFilter.doFilter(AuthorizationFilter.java:96)
2025-10-01 20:55:58 [http-nio-8080-exec-2] ERROR FileManagerService:19 - org.springframework.security.web.FilterChainProxy$VirtualFilterChain.doFilter(FilterChainProxy.java:346)
2025-10-01 20:55:58 [http-nio-8080-exec-2] ERROR FileManagerService:19 - org.springframework.security.web.access.ExceptionTranslationFilter.doFilter(ExceptionTranslationFilter.java:122)
2025-10-01 20:55:58 [http-nio-8080-exec-2] ERROR FileManagerService:19 - org.springframework.security.web.access.ExceptionTranslationFilter.doFilter(ExceptionTranslationFilter.java:116)
2025-10-01 20:55:58 [http-nio-8080-exec-2] ERROR FileManagerService:19 - org.springframework.security.web.FilterChainProxy$VirtualFilterChain.doFilter(FilterChainProxy.java:346)
2025-10-01 20:55:58 [http-nio-8080-exec-2] ERROR FileManagerService:19 - org.springframework.security.web.session.SessionManagementFilter.doFilter(SessionManagementFilter.java:126)
2025-10-01 20:55:58 [http-nio-8080-exec-2] ERROR FileManagerService:19 - org.springframework.security.web.session.SessionManagementFilter.doFilter(SessionManagementFilter.java:81)
2025-10-01 20:55:58 [http-nio-8080-exec-2] ERROR FileManagerService:19 - org.springframework.security.web.FilterChainProxy$VirtualFilterChain.doFilter(FilterChainProxy.java:346)
2025-10-01 20:55:58 [http-nio-8080-exec-2] ERROR FileManagerService:19 - org.springframework.security.web.authentication.AnonymousAuthenticationFilter.doFilter(AnonymousAuthenticationFilter.java:109)
2025-10-01 20:55:58 [http-nio-8080-exec-2] ERROR FileManagerService:19 - org.springframework.security.web.FilterChainProxy$VirtualFilterChain.doFilter(FilterChainProxy.java:346)
2025-10-01 20:55:58 [http-nio-8080-exec-2] ERROR FileManagerService:19 - org.springframework.security.web.servletapi.SecurityContextHolderAwareRequestFilter.doFilter(SecurityContextHolderAwareRequestFilter.java:149)
2025-10-01 20:55:58 [http-nio-8080-exec-2] ERROR FileManagerService:19 - org.springframework.security.web.FilterChainProxy$VirtualFilterChain.doFilter(FilterChainProxy.java:346)
2025-10-01 20:55:58 [http-nio-8080-exec-2] ERROR FileManagerService:19 - org.springframework.security.web.savedrequest.RequestCacheAwareFilter.doFilter(RequestCacheAwareFilter.java:63)
2025-10-01 20:55:58 [http-nio-8080-exec-2] ERROR FileManagerService:19 - org.springframework.security.web.FilterChainProxy$VirtualFilterChain.doFilter(FilterChainProxy.java:346)
2025-10-01 20:55:58 [http-nio-8080-exec-2] ERROR FileManagerService:19 - maas.bcap.security.JwtAuthFilter.doFilterInternal(JwtAuthFilter.java:70)
2025-10-01 20:55:58 [http-nio-8080-exec-2] ERROR FileManagerService:19 - org.springframework.web.filter.OncePerRequestFilter.doFilter(OncePerRequestFilter.java:117)
2025-10-01 20:55:58 [http-nio-8080-exec-2] ERROR FileManagerService:19 - org.springframework.security.web.FilterChainProxy$VirtualFilterChain.doFilter(FilterChainProxy.java:346)
2025-10-01 20:55:58 [http-nio-8080-exec-2] ERROR FileManagerService:19 - org.springframework.security.web.authentication.logout.LogoutFilter.doFilter(LogoutFilter.java:103)
2025-10-01 20:55:58 [http-nio-8080-exec-2] ERROR FileManagerService:19 - org.springframework.security.web.authentication.logout.LogoutFilter.doFilter(LogoutFilter.java:89)
2025-10-01 20:55:58 [http-nio-8080-exec-2] ERROR FileManagerService:19 - org.springframework.security.web.FilterChainProxy$VirtualFilterChain.doFilter(FilterChainProxy.java:346)
2025-10-01 20:55:58 [http-nio-8080-exec-2] ERROR FileManagerService:19 - org.springframework.web.filter.CorsFilter.doFilterInternal(CorsFilter.java:91)
2025-10-01 20:55:58 [http-nio-8080-exec-2] ERROR FileManagerService:19 - org.springframework.web.filter.OncePerRequestFilter.doFilter(OncePerRequestFilter.java:117)
2025-10-01 20:55:58 [http-nio-8080-exec-2] ERROR FileManagerService:19 - org.springframework.security.web.FilterChainProxy$VirtualFilterChain.doFilter(FilterChainProxy.java:346)
2025-10-01 20:55:58 [http-nio-8080-exec-2] ERROR FileManagerService:19 - org.springframework.security.web.header.HeaderWriterFilter.doHeadersAfter(HeaderWriterFilter.java:90)
2025-10-01 20:55:58 [http-nio-8080-exec-2] ERROR FileManagerService:19 - org.springframework.security.web.header.HeaderWriterFilter.doFilterInternal(HeaderWriterFilter.java:75)
2025-10-01 20:55:58 [http-nio-8080-exec-2] ERROR FileManagerService:19 - org.springframework.web.filter.OncePerRequestFilter.doFilter(OncePerRequestFilter.java:117)
2025-10-01 20:55:58 [http-nio-8080-exec-2] ERROR FileManagerService:19 - org.springframework.security.web.FilterChainProxy$VirtualFilterChain.doFilter(FilterChainProxy.java:346)
2025-10-01 20:55:58 [http-nio-8080-exec-2] ERROR FileManagerService:19 - org.springframework.security.web.context.SecurityContextPersistenceFilter.doFilter(SecurityContextPersistenceFilter.java:112)
2025-10-01 20:55:58 [http-nio-8080-exec-2] ERROR FileManagerService:19 - org.springframework.security.web.context.SecurityContextPersistenceFilter.doFilter(SecurityContextPersistenceFilter.java:82)
2025-10-01 20:55:58 [http-nio-8080-exec-2] ERROR FileManagerService:19 - org.springframework.security.web.FilterChainProxy$VirtualFilterChain.doFilter(FilterChainProxy.java:346)
2025-10-01 20:55:58 [http-nio-8080-exec-2] ERROR FileManagerService:19 - org.springframework.security.web.context.request.async.WebAsyncManagerIntegrationFilter.doFilterInternal(WebAsyncManagerIntegrationFilter.java:55)
2025-10-01 20:55:58 [http-nio-8080-exec-2] ERROR FileManagerService:19 - org.springframework.web.filter.OncePerRequestFilter.doFilter(OncePerRequestFilter.java:117)
2025-10-01 20:55:58 [http-nio-8080-exec-2] ERROR FileManagerService:19 - org.springframework.security.web.FilterChainProxy$VirtualFilterChain.doFilter(FilterChainProxy.java:346)
2025-10-01 20:55:58 [http-nio-8080-exec-2] ERROR FileManagerService:19 - org.springframework.security.web.session.DisableEncodeUrlFilter.doFilterInternal(DisableEncodeUrlFilter.java:42)
2025-10-01 20:55:58 [http-nio-8080-exec-2] ERROR FileManagerService:19 - org.springframework.web.filter.OncePerRequestFilter.doFilter(OncePerRequestFilter.java:117)
2025-10-01 20:55:58 [http-nio-8080-exec-2] ERROR FileManagerService:19 - org.springframework.security.web.FilterChainProxy$VirtualFilterChain.doFilter(FilterChainProxy.java:346)
2025-10-01 20:55:58 [http-nio-8080-exec-2] ERROR FileManagerService:19 - org.springframework.security.web.FilterChainProxy.doFilterInternal(FilterChainProxy.java:221)
2025-10-01 20:55:58 [http-nio-8080-exec-2] ERROR FileManagerService:19 - org.springframework.security.web.FilterChainProxy.doFilter(FilterChainProxy.java:186)
2025-10-01 20:55:58 [http-nio-8080-exec-2] ERROR FileManagerService:19 - org.springframework.web.filter.DelegatingFilterProxy.invokeDelegate(DelegatingFilterProxy.java:354)
2025-10-01 20:55:58 [http-nio-8080-exec-2] ERROR FileManagerService:19 - org.springframework.web.filter.DelegatingFilterProxy.doFilter(DelegatingFilterProxy.java:267)
2025-10-01 20:55:58 [http-nio-8080-exec-2] ERROR FileManagerService:19 - org.apache.catalina.core.ApplicationFilterChain.internalDoFilter(ApplicationFilterChain.java:178)
2025-10-01 20:55:58 [http-nio-8080-exec-2] ERROR FileManagerService:19 - org.apache.catalina.core.ApplicationFilterChain.doFilter(ApplicationFilterChain.java:153)
2025-10-01 20:55:58 [http-nio-8080-exec-2] ERROR FileManagerService:19 - org.springframework.web.filter.RequestContextFilter.doFilterInternal(RequestContextFilter.java:100)
2025-10-01 20:55:58 [http-nio-8080-exec-2] ERROR FileManagerService:19 - org.springframework.web.filter.OncePerRequestFilter.doFilter(OncePerRequestFilter.java:117)
2025-10-01 20:55:58 [http-nio-8080-exec-2] ERROR FileManagerService:19 - org.apache.catalina.core.ApplicationFilterChain.internalDoFilter(ApplicationFilterChain.java:178)
2025-10-01 20:55:58 [http-nio-8080-exec-2] ERROR FileManagerService:19 - org.apache.catalina.core.ApplicationFilterChain.doFilter(ApplicationFilterChain.java:153)
2025-10-01 20:55:58 [http-nio-8080-exec-2] ERROR FileManagerService:19 - org.springframework.web.filter.FormContentFilter.doFilterInternal(FormContentFilter.java:93)
2025-10-01 20:55:58 [http-nio-8080-exec-2] ERROR FileManagerService:19 - org.springframework.web.filter.OncePerRequestFilter.doFilter(OncePerRequestFilter.java:117)
2025-10-01 20:55:58 [http-nio-8080-exec-2] ERROR FileManagerService:19 - org.apache.catalina.core.ApplicationFilterChain.internalDoFilter(ApplicationFilterChain.java:178)
2025-10-01 20:55:58 [http-nio-8080-exec-2] ERROR FileManagerService:19 - org.apache.catalina.core.ApplicationFilterChain.doFilter(ApplicationFilterChain.java:153)
2025-10-01 20:55:58 [http-nio-8080-exec-2] ERROR FileManagerService:19 - org.springframework.web.filter.CharacterEncodingFilter.doFilterInternal(CharacterEncodingFilter.java:201)
2025-10-01 20:55:58 [http-nio-8080-exec-2] ERROR FileManagerService:19 - org.springframework.web.filter.OncePerRequestFilter.doFilter(OncePerRequestFilter.java:117)
2025-10-01 20:55:58 [http-nio-8080-exec-2] ERROR FileManagerService:19 - org.apache.catalina.core.ApplicationFilterChain.internalDoFilter(ApplicationFilterChain.java:178)
2025-10-01 20:55:58 [http-nio-8080-exec-2] ERROR FileManagerService:19 - org.apache.catalina.core.ApplicationFilterChain.doFilter(ApplicationFilterChain.java:153)
2025-10-01 20:55:58 [http-nio-8080-exec-2] ERROR FileManagerService:19 - org.apache.catalina.core.StandardWrapperValve.invoke(StandardWrapperValve.java:168)
2025-10-01 20:55:58 [http-nio-8080-exec-2] ERROR FileManagerService:19 - org.apache.catalina.core.StandardContextValve.invoke(StandardContextValve.java:90)
2025-10-01 20:55:58 [http-nio-8080-exec-2] ERROR FileManagerService:19 - org.apache.catalina.authenticator.AuthenticatorBase.invoke(AuthenticatorBase.java:481)
2025-10-01 20:55:58 [http-nio-8080-exec-2] ERROR FileManagerService:19 - org.apache.catalina.core.StandardHostValve.invoke(StandardHostValve.java:130)
2025-10-01 20:55:58 [http-nio-8080-exec-2] ERROR FileManagerService:19 - org.apache.catalina.valves.ErrorReportValve.invoke(ErrorReportValve.java:93)
2025-10-01 20:55:58 [http-nio-8080-exec-2] ERROR FileManagerService:19 - org.apache.catalina.core.StandardEngineValve.invoke(StandardEngineValve.java:74)
2025-10-01 20:55:58 [http-nio-8080-exec-2] ERROR FileManagerService:19 - org.apache.catalina.connector.CoyoteAdapter.service(CoyoteAdapter.java:342)
2025-10-01 20:55:58 [http-nio-8080-exec-2] ERROR FileManagerService:19 - org.apache.coyote.http11.Http11Processor.service(Http11Processor.java:390)
2025-10-01 20:55:58 [http-nio-8080-exec-2] ERROR FileManagerService:19 - org.apache.coyote.AbstractProcessorLight.process(AbstractProcessorLight.java:63)
2025-10-01 20:55:58 [http-nio-8080-exec-2] ERROR FileManagerService:19 - org.apache.coyote.AbstractProtocol$ConnectionHandler.process(AbstractProtocol.java:928)
2025-10-01 20:55:58 [http-nio-8080-exec-2] ERROR FileManagerService:19 - org.apache.tomcat.util.net.NioEndpoint$SocketProcessor.doRun(NioEndpoint.java:1794)
2025-10-01 20:55:58 [http-nio-8080-exec-2] ERROR FileManagerService:19 - org.apache.tomcat.util.net.SocketProcessorBase.run(SocketProcessorBase.java:52)
2025-10-01 20:55:58 [http-nio-8080-exec-2] ERROR FileManagerService:19 - org.apache.tomcat.util.threads.ThreadPoolExecutor.runWorker(ThreadPoolExecutor.java:1191)
2025-10-01 20:55:58 [http-nio-8080-exec-2] ERROR FileManagerService:19 - org.apache.tomcat.util.threads.ThreadPoolExecutor$Worker.run(ThreadPoolExecutor.java:659)
2025-10-01 20:55:58 [http-nio-8080-exec-2] ERROR FileManagerService:19 - org.apache.tomcat.util.threads.TaskThread$WrappingRunnable.run(TaskThread.java:61)
2025-10-01 20:55:58 [http-nio-8080-exec-2] ERROR FileManagerService:19 - java.base/java.lang.Thread.run(Thread.java:1583)
2025-10-01 20:55:58 [http-nio-8080-exec-2] ERROR [dispatcherServlet]:175 - Servlet.service() for servlet [dispatcherServlet] in context with path [] threw exception [Request processing failed; nested exception is java.lang.IllegalAccessException: module java.base does not open java.util to unnamed module @5fcd892a] with root cause
java.lang.IllegalAccessException: module java.base does not open java.util to unnamed module @5fcd892a
	at java.lang.invoke.MethodHandles.privateLookupIn(MethodHandles.java:287) ~[?:?]
	at mti.com.telegram.util.TelegramUtil.getPacketSize(TelegramUtil.java:349) ~[classes/:?]
	at mti.com.telegram.util.TelegramUtil.getPacketSize(TelegramUtil.java:368) ~[classes/:?]
	at mti.com.telegram.util.TelegramUtil.getPacketSize(TelegramUtil.java:382) ~[classes/:?]
	at mti.com.telegram.util.TelegramUtil.getPacketSize(TelegramUtil.java:382) ~[classes/:?]
	at mti.com.telegram.mapping.ByteEncoder.convertObjectToBytes(ByteEncoder.java:32) ~[classes/:?]
	at mti.com.telegram.util.InterfaceTelegram.interfaceTuxedo(InterfaceTelegram.java:26) ~[classes/:?]
	at maas.bcap.common.ServiceSupport.tuxedoTransaction(ServiceSupport.java:63) ~[classes/:?]
	at maas.bcap.service.FileManagerService.interfaceTuxedo(FileManagerService.java:81) ~[classes/:?]
	at maas.bcap.service.FileManagerService.saveFilesToDevonC(FileManagerService.java:34) ~[classes/:?]
	at maas.bcap.service.FileUploadService.registerNewFiles(FileUploadService.java:136) ~[classes/:?]
	at maas.bcap.service.FileUploadService.upload(FileUploadService.java:77) ~[classes/:?]
	at maas.bcap.controller.FileManagerController.upload(FileManagerController.java:47) ~[classes/:?]
	at jdk.internal.reflect.DirectMethodHandleAccessor.invoke(DirectMethodHandleAccessor.java:103) ~[?:?]
	at java.lang.reflect.Method.invoke(Method.java:580) ~[?:?]
	at org.springframework.web.method.support.InvocableHandlerMethod.doInvoke(InvocableHandlerMethod.java:205) ~[spring-web-5.3.31.jar:5.3.31]
	at org.springframework.web.method.support.InvocableHandlerMethod.invokeForRequest(InvocableHandlerMethod.java:150) ~[spring-web-5.3.31.jar:5.3.31]
	at org.springframework.web.servlet.mvc.method.annotation.ServletInvocableHandlerMethod.invokeAndHandle(ServletInvocableHandlerMethod.java:117) ~[spring-webmvc-5.3.31.jar:5.3.31]
	at org.springframework.web.servlet.mvc.method.annotation.RequestMappingHandlerAdapter.invokeHandlerMethod(RequestMappingHandlerAdapter.java:895) ~[spring-webmvc-5.3.31.jar:5.3.31]
	at org.springframework.web.servlet.mvc.method.annotation.RequestMappingHandlerAdapter.handleInternal(RequestMappingHandlerAdapter.java:808) ~[spring-webmvc-5.3.31.jar:5.3.31]
	at org.springframework.web.servlet.mvc.method.AbstractHandlerMethodAdapter.handle(AbstractHandlerMethodAdapter.java:87) ~[spring-webmvc-5.3.31.jar:5.3.31]
	at org.springframework.web.servlet.DispatcherServlet.doDispatch(DispatcherServlet.java:1072) ~[spring-webmvc-5.3.31.jar:5.3.31]
	at org.springframework.web.servlet.DispatcherServlet.doService(DispatcherServlet.java:965) ~[spring-webmvc-5.3.31.jar:5.3.31]
	at org.springframework.web.servlet.FrameworkServlet.processRequest(FrameworkServlet.java:1006) ~[spring-webmvc-5.3.31.jar:5.3.31]
	at org.springframework.web.servlet.FrameworkServlet.doPost(FrameworkServlet.java:909) ~[spring-webmvc-5.3.31.jar:5.3.31]
	at javax.servlet.http.HttpServlet.service(HttpServlet.java:555) ~[tomcat-embed-core-9.0.83.jar:4.0.FR]
	at org.springframework.web.servlet.FrameworkServlet.service(FrameworkServlet.java:883) ~[spring-webmvc-5.3.31.jar:5.3.31]
	at javax.servlet.http.HttpServlet.service(HttpServlet.java:623) ~[tomcat-embed-core-9.0.83.jar:4.0.FR]
	at org.apache.catalina.core.ApplicationFilterChain.internalDoFilter(ApplicationFilterChain.java:209) ~[tomcat-embed-core-9.0.83.jar:9.0.83]
	at org.apache.catalina.core.ApplicationFilterChain.doFilter(ApplicationFilterChain.java:153) ~[tomcat-embed-core-9.0.83.jar:9.0.83]
	at org.apache.tomcat.websocket.server.WsFilter.doFilter(WsFilter.java:51) ~[tomcat-embed-websocket-9.0.83.jar:9.0.83]
	at org.apache.catalina.core.ApplicationFilterChain.internalDoFilter(ApplicationFilterChain.java:178) ~[tomcat-embed-core-9.0.83.jar:9.0.83]
	at org.apache.catalina.core.ApplicationFilterChain.doFilter(ApplicationFilterChain.java:153) ~[tomcat-embed-core-9.0.83.jar:9.0.83]
	at org.springframework.web.filter.OncePerRequestFilter.doFilter(OncePerRequestFilter.java:111) ~[spring-web-5.3.31.jar:5.3.31]
	at org.apache.catalina.core.ApplicationFilterChain.internalDoFilter(ApplicationFilterChain.java:178) ~[tomcat-embed-core-9.0.83.jar:9.0.83]
	at org.apache.catalina.core.ApplicationFilterChain.doFilter(ApplicationFilterChain.java:153) ~[tomcat-embed-core-9.0.83.jar:9.0.83]
	at org.springframework.security.web.FilterChainProxy$VirtualFilterChain.doFilter(FilterChainProxy.java:337) ~[spring-security-web-5.7.11.jar:5.7.11]
	at org.springframework.security.web.access.intercept.AuthorizationFilter.doFilter(AuthorizationFilter.java:96) ~[spring-security-web-5.7.11.jar:5.7.11]
	at org.springframework.security.web.FilterChainProxy$VirtualFilterChain.doFilter(FilterChainProxy.java:346) ~[spring-security-web-5.7.11.jar:5.7.11]
	at org.springframework.security.web.access.ExceptionTranslationFilter.doFilter(ExceptionTranslationFilter.java:122) ~[spring-security-web-5.7.11.jar:5.7.11]
	at org.springframework.security.web.access.ExceptionTranslationFilter.doFilter(ExceptionTranslationFilter.java:116) ~[spring-security-web-5.7.11.jar:5.7.11]
	at org.springframework.security.web.FilterChainProxy$VirtualFilterChain.doFilter(FilterChainProxy.java:346) ~[spring-security-web-5.7.11.jar:5.7.11]
	at org.springframework.security.web.session.SessionManagementFilter.doFilter(SessionManagementFilter.java:126) ~[spring-security-web-5.7.11.jar:5.7.11]
	at org.springframework.security.web.session.SessionManagementFilter.doFilter(SessionManagementFilter.java:81) ~[spring-security-web-5.7.11.jar:5.7.11]
	at org.springframework.security.web.FilterChainProxy$VirtualFilterChain.doFilter(FilterChainProxy.java:346) ~[spring-security-web-5.7.11.jar:5.7.11]
	at org.springframework.security.web.authentication.AnonymousAuthenticationFilter.doFilter(AnonymousAuthenticationFilter.java:109) ~[spring-security-web-5.7.11.jar:5.7.11]
	at org.springframework.security.web.FilterChainProxy$VirtualFilterChain.doFilter(FilterChainProxy.java:346) ~[spring-security-web-5.7.11.jar:5.7.11]
	at org.springframework.security.web.servletapi.SecurityContextHolderAwareRequestFilter.doFilter(SecurityContextHolderAwareRequestFilter.java:149) ~[spring-security-web-5.7.11.jar:5.7.11]
	at org.springframework.security.web.FilterChainProxy$VirtualFilterChain.doFilter(FilterChainProxy.java:346) ~[spring-security-web-5.7.11.jar:5.7.11]
	at org.springframework.security.web.savedrequest.RequestCacheAwareFilter.doFilter(RequestCacheAwareFilter.java:63) ~[spring-security-web-5.7.11.jar:5.7.11]
	at org.springframework.security.web.FilterChainProxy$VirtualFilterChain.doFilter(FilterChainProxy.java:346) ~[spring-security-web-5.7.11.jar:5.7.11]
	at maas.bcap.security.JwtAuthFilter.doFilterInternal(JwtAuthFilter.java:70) ~[classes/:?]
	at org.springframework.web.filter.OncePerRequestFilter.doFilter(OncePerRequestFilter.java:117) ~[spring-web-5.3.31.jar:5.3.31]
	at org.springframework.security.web.FilterChainProxy$VirtualFilterChain.doFilter(FilterChainProxy.java:346) ~[spring-security-web-5.7.11.jar:5.7.11]
	at org.springframework.security.web.authentication.logout.LogoutFilter.doFilter(LogoutFilter.java:103) ~[spring-security-web-5.7.11.jar:5.7.11]
	at org.springframework.security.web.authentication.logout.LogoutFilter.doFilter(LogoutFilter.java:89) ~[spring-security-web-5.7.11.jar:5.7.11]
	at org.springframework.security.web.FilterChainProxy$VirtualFilterChain.doFilter(FilterChainProxy.java:346) ~[spring-security-web-5.7.11.jar:5.7.11]
	at org.springframework.web.filter.CorsFilter.doFilterInternal(CorsFilter.java:91) ~[spring-web-5.3.31.jar:5.3.31]
	at org.springframework.web.filter.OncePerRequestFilter.doFilter(OncePerRequestFilter.java:117) ~[spring-web-5.3.31.jar:5.3.31]
	at org.springframework.security.web.FilterChainProxy$VirtualFilterChain.doFilter(FilterChainProxy.java:346) ~[spring-security-web-5.7.11.jar:5.7.11]
	at org.springframework.security.web.header.HeaderWriterFilter.doHeadersAfter(HeaderWriterFilter.java:90) ~[spring-security-web-5.7.11.jar:5.7.11]
	at org.springframework.security.web.header.HeaderWriterFilter.doFilterInternal(HeaderWriterFilter.java:75) ~[spring-security-web-5.7.11.jar:5.7.11]
	at org.springframework.web.filter.OncePerRequestFilter.doFilter(OncePerRequestFilter.java:117) ~[spring-web-5.3.31.jar:5.3.31]
	at org.springframework.security.web.FilterChainProxy$VirtualFilterChain.doFilter(FilterChainProxy.java:346) ~[spring-security-web-5.7.11.jar:5.7.11]
	at org.springframework.security.web.context.SecurityContextPersistenceFilter.doFilter(SecurityContextPersistenceFilter.java:112) ~[spring-security-web-5.7.11.jar:5.7.11]
	at org.springframework.security.web.context.SecurityContextPersistenceFilter.doFilter(SecurityContextPersistenceFilter.java:82) ~[spring-security-web-5.7.11.jar:5.7.11]
	at org.springframework.security.web.FilterChainProxy$VirtualFilterChain.doFilter(FilterChainProxy.java:346) ~[spring-security-web-5.7.11.jar:5.7.11]
	at org.springframework.security.web.context.request.async.WebAsyncManagerIntegrationFilter.doFilterInternal(WebAsyncManagerIntegrationFilter.java:55) ~[spring-security-web-5.7.11.jar:5.7.11]
	at org.springframework.web.filter.OncePerRequestFilter.doFilter(OncePerRequestFilter.java:117) ~[spring-web-5.3.31.jar:5.3.31]
	at org.springframework.security.web.FilterChainProxy$VirtualFilterChain.doFilter(FilterChainProxy.java:346) ~[spring-security-web-5.7.11.jar:5.7.11]
	at org.springframework.security.web.session.DisableEncodeUrlFilter.doFilterInternal(DisableEncodeUrlFilter.java:42) ~[spring-security-web-5.7.11.jar:5.7.11]
	at org.springframework.web.filter.OncePerRequestFilter.doFilter(OncePerRequestFilter.java:117) ~[spring-web-5.3.31.jar:5.3.31]
	at org.springframework.security.web.FilterChainProxy$VirtualFilterChain.doFilter(FilterChainProxy.java:346) ~[spring-security-web-5.7.11.jar:5.7.11]
	at org.springframework.security.web.FilterChainProxy.doFilterInternal(FilterChainProxy.java:221) ~[spring-security-web-5.7.11.jar:5.7.11]
	at org.springframework.security.web.FilterChainProxy.doFilter(FilterChainProxy.java:186) ~[spring-security-web-5.7.11.jar:5.7.11]
	at org.springframework.web.filter.DelegatingFilterProxy.invokeDelegate(DelegatingFilterProxy.java:354) ~[spring-web-5.3.31.jar:5.3.31]
	at org.springframework.web.filter.DelegatingFilterProxy.doFilter(DelegatingFilterProxy.java:267) ~[spring-web-5.3.31.jar:5.3.31]
	at org.apache.catalina.core.ApplicationFilterChain.internalDoFilter(ApplicationFilterChain.java:178) ~[tomcat-embed-core-9.0.83.jar:9.0.83]
	at org.apache.catalina.core.ApplicationFilterChain.doFilter(ApplicationFilterChain.java:153) ~[tomcat-embed-core-9.0.83.jar:9.0.83]
	at org.springframework.web.filter.RequestContextFilter.doFilterInternal(RequestContextFilter.java:100) ~[spring-web-5.3.31.jar:5.3.31]
	at org.springframework.web.filter.OncePerRequestFilter.doFilter(OncePerRequestFilter.java:117) ~[spring-web-5.3.31.jar:5.3.31]
	at org.apache.catalina.core.ApplicationFilterChain.internalDoFilter(ApplicationFilterChain.java:178) ~[tomcat-embed-core-9.0.83.jar:9.0.83]
	at org.apache.catalina.core.ApplicationFilterChain.doFilter(ApplicationFilterChain.java:153) ~[tomcat-embed-core-9.0.83.jar:9.0.83]
	at org.springframework.web.filter.FormContentFilter.doFilterInternal(FormContentFilter.java:93) ~[spring-web-5.3.31.jar:5.3.31]
	at org.springframework.web.filter.OncePerRequestFilter.doFilter(OncePerRequestFilter.java:117) ~[spring-web-5.3.31.jar:5.3.31]
	at org.apache.catalina.core.ApplicationFilterChain.internalDoFilter(ApplicationFilterChain.java:178) ~[tomcat-embed-core-9.0.83.jar:9.0.83]
	at org.apache.catalina.core.ApplicationFilterChain.doFilter(ApplicationFilterChain.java:153) ~[tomcat-embed-core-9.0.83.jar:9.0.83]
	at org.springframework.web.filter.CharacterEncodingFilter.doFilterInternal(CharacterEncodingFilter.java:201) ~[spring-web-5.3.31.jar:5.3.31]
	at org.springframework.web.filter.OncePerRequestFilter.doFilter(OncePerRequestFilter.java:117) ~[spring-web-5.3.31.jar:5.3.31]
	at org.apache.catalina.core.ApplicationFilterChain.internalDoFilter(ApplicationFilterChain.java:178) ~[tomcat-embed-core-9.0.83.jar:9.0.83]
	at org.apache.catalina.core.ApplicationFilterChain.doFilter(ApplicationFilterChain.java:153) ~[tomcat-embed-core-9.0.83.jar:9.0.83]
	at org.apache.catalina.core.StandardWrapperValve.invoke(StandardWrapperValve.java:168) ~[tomcat-embed-core-9.0.83.jar:9.0.83]
	at org.apache.catalina.core.StandardContextValve.invoke(StandardContextValve.java:90) ~[tomcat-embed-core-9.0.83.jar:9.0.83]
	at org.apache.catalina.authenticator.AuthenticatorBase.invoke(AuthenticatorBase.java:481) ~[tomcat-embed-core-9.0.83.jar:9.0.83]
	at org.apache.catalina.core.StandardHostValve.invoke(StandardHostValve.java:130) ~[tomcat-embed-core-9.0.83.jar:9.0.83]
	at org.apache.catalina.valves.ErrorReportValve.invoke(ErrorReportValve.java:93) ~[tomcat-embed-core-9.0.83.jar:9.0.83]
	at org.apache.catalina.core.StandardEngineValve.invoke(StandardEngineValve.java:74) ~[tomcat-embed-core-9.0.83.jar:9.0.83]
	at org.apache.catalina.connector.CoyoteAdapter.service(CoyoteAdapter.java:342) ~[tomcat-embed-core-9.0.83.jar:9.0.83]
	at org.apache.coyote.http11.Http11Processor.service(Http11Processor.java:390) ~[tomcat-embed-core-9.0.83.jar:9.0.83]
	at org.apache.coyote.AbstractProcessorLight.process(AbstractProcessorLight.java:63) ~[tomcat-embed-core-9.0.83.jar:9.0.83]
	at org.apache.coyote.AbstractProtocol$ConnectionHandler.process(AbstractProtocol.java:928) ~[tomcat-embed-core-9.0.83.jar:9.0.83]
	at org.apache.tomcat.util.net.NioEndpoint$SocketProcessor.doRun(NioEndpoint.java:1794) ~[tomcat-embed-core-9.0.83.jar:9.0.83]
	at org.apache.tomcat.util.net.SocketProcessorBase.run(SocketProcessorBase.java:52) ~[tomcat-embed-core-9.0.83.jar:9.0.83]
	at org.apache.tomcat.util.threads.ThreadPoolExecutor.runWorker(ThreadPoolExecutor.java:1191) ~[tomcat-embed-core-9.0.83.jar:9.0.83]
	at org.apache.tomcat.util.threads.ThreadPoolExecutor$Worker.run(ThreadPoolExecutor.java:659) ~[tomcat-embed-core-9.0.83.jar:9.0.83]
	at org.apache.tomcat.util.threads.TaskThread$WrappingRunnable.run(TaskThread.java:61) ~[tomcat-embed-core-9.0.83.jar:9.0.83]
	at java.lang.Thread.run(Thread.java:1583) ~[?:?]
2025-10-01 20:59:04 [main] INFO  BcapApplication:55 - Starting BcapApplication using Java 21.0.6 on LeRuccoLOQ with PID 33780 (C:\bcap\bcap-be\target\classes started by drucc in C:\bcap\bcap-be)
2025-10-01 20:59:04 [main] INFO  BcapApplication:632 - No active profile set, falling back to 1 default profile: "default"
2025-10-01 20:59:04 [main] INFO  TomcatWebServer:108 - Tomcat initialized with port(s): 8080 (http)
2025-10-01 20:59:04 [main] INFO  Http11NioProtocol:173 - Initializing ProtocolHandler ["http-nio-8080"]
2025-10-01 20:59:04 [main] INFO  StandardService:173 - Starting service [Tomcat]
2025-10-01 20:59:04 [main] INFO  StandardEngine:173 - Starting Servlet engine: [Apache Tomcat/9.0.83]
2025-10-01 20:59:04 [main] INFO  [/]:173 - Initializing Spring embedded WebApplicationContext
2025-10-01 20:59:04 [main] INFO  ServletWebServerApplicationContext:292 - Root WebApplicationContext: initialization completed in 890 ms
2025-10-01 20:59:05 [main] WARN  UserDetailsServiceAutoConfiguration:89 - 

Using generated security password: cf41bf9f-9648-4360-957d-261d21de58d0

This generated password is for development use only. Your security configuration must be updated before running your application in production.

2025-10-01 20:59:05 [main] INFO  DefaultSecurityFilterChain:55 - Will secure any request with [org.springframework.security.web.session.DisableEncodeUrlFilter@2b148329, org.springframework.security.web.context.request.async.WebAsyncManagerIntegrationFilter@62c72501, org.springframework.security.web.context.SecurityContextPersistenceFilter@4337afd, org.springframework.security.web.header.HeaderWriterFilter@342e690b, org.springframework.web.filter.CorsFilter@c889805, org.springframework.security.web.authentication.logout.LogoutFilter@47c7a9e5, maas.bcap.security.JwtAuthFilter@2f860823, org.springframework.security.web.savedrequest.RequestCacheAwareFilter@3fa7df1, org.springframework.security.web.servletapi.SecurityContextHolderAwareRequestFilter@a146b11, org.springframework.security.web.authentication.AnonymousAuthenticationFilter@77db3d02, org.springframework.security.web.session.SessionManagementFilter@32456db0, org.springframework.security.web.access.ExceptionTranslationFilter@2fb25f4c, org.springframework.security.web.access.intercept.AuthorizationFilter@40113163]
2025-10-01 20:59:05 [main] INFO  Http11NioProtocol:173 - Starting ProtocolHandler ["http-nio-8080"]
2025-10-01 20:59:05 [main] INFO  TomcatWebServer:220 - Tomcat started on port(s): 8080 (http) with context path ''
2025-10-01 20:59:05 [main] INFO  BcapApplication:61 - Started BcapApplication in 1.715 seconds (JVM running for 2.196)
2025-10-01 20:59:05 [main] INFO  BcapApplication:18 - Start Application
2025-10-01 20:59:30 [http-nio-8080-exec-1] INFO  [/]:173 - Initializing Spring DispatcherServlet 'dispatcherServlet'
2025-10-01 20:59:30 [http-nio-8080-exec-1] INFO  DispatcherServlet:525 - Initializing Servlet 'dispatcherServlet'
2025-10-01 20:59:30 [http-nio-8080-exec-1] INFO  DispatcherServlet:547 - Completed initialization in 1 ms
2025-10-01 20:59:31 [http-nio-8080-exec-2] INFO  FileManagerController:45 - inDto : FileUploadInDto(fileDiv=div1, fileDesc=desc1, extraPath=null, attachFileId=1111, attachFileSeqNo=null, screenId=FileUpload)
2025-10-01 20:59:31 [http-nio-8080-exec-2] INFO  FileManagerController:46 - Files : [org.springframework.web.multipart.support.StandardMultipartHttpServletRequest$StandardMultipartFile@267ec0c6]
2025-10-01 20:59:31 [http-nio-8080-exec-2] INFO  FileUploadService:48 - FileUploadService.upload
2025-10-01 20:59:31 [http-nio-8080-exec-2] INFO  FileUploadService:52 - Content-Type multipart/form-data; boundary=----WebKitFormBoundaryyzCpIByr9pA1TdWV
2025-10-01 20:59:31 [http-nio-8080-exec-2] INFO  FileUploadService:69 - UserInfoFileManagerDto(screenId=FileUpload, userIp=0:0:0:0:0:0:0:1)
2025-10-01 20:59:31 [http-nio-8080-exec-2] INFO  FileUploadService:87 - FileManagerService.registerNewFiles
2025-10-01 20:59:31 [http-nio-8080-exec-2] INFO  FileUploadService:190 - FileUploadService.checkFileExtension
2025-10-01 20:59:31 [http-nio-8080-exec-2] INFO  FileUploadService:192 - originFileName : [279111.jpg]
2025-10-01 20:59:31 [http-nio-8080-exec-2] INFO  FileUploadService:194 - jpg
2025-10-01 20:59:31 [http-nio-8080-exec-2] INFO  FileUploadService:133 - FileInVo(attach_file_id=null, attach_file_clcd=div1, attach_file_expl=desc1, upd_yn=N, req_clcd=null, sub1Vos=[FileInSub1Vo(attach_file_id=null, attach_file_seq_no=null, attach_file_clcd=null, del_yn=null, file_nm=279111.jpg, upl_file_size=222793, upl_file_nm=null, file_path=D:/bcap\div1, pfr_rank=0, inp_usr_id=1787130271, inp_pgm_id=FileUpload, chng_usr_id=null, chng_pgm_id=null)])
2025-10-01 20:59:31 [http-nio-8080-exec-2] INFO  FileManagerService:28 - FileManagerService.saveFilesToDevonC
2025-10-01 20:59:31 [http-nio-8080-exec-2] INFO  FileManagerService:32 - FileInVo(attach_file_id=null, attach_file_clcd=div1, attach_file_expl=desc1, upd_yn=N, req_clcd=U1, sub1Vos=[FileInSub1Vo(attach_file_id=null, attach_file_seq_no=null, attach_file_clcd=null, del_yn=null, file_nm=279111.jpg, upl_file_size=222793, upl_file_nm=null, file_path=D:/bcap\div1, pfr_rank=0, inp_usr_id=1787130271, inp_pgm_id=FileUpload, chng_usr_id=null, chng_pgm_id=null)])
2025-10-01 20:59:31 [http-nio-8080-exec-2] INFO  FileManagerService:60 - FileManagerService.interfaceTuxedo
2025-10-01 20:59:31 [http-nio-8080-exec-2] INFO  FileManagerService:75 - TelegramUserDataInput(tx_code=SAZ06F010U, client_ip_no=0:0:0:0:0:0:0:1, client_mac=, scrn_id=FileUpload, op_id=1787130271, sync_type=A, async_rspn_yn=0, rspn_svc_code=, ttl_use_flag=0, ttl=0, long_msg_type=1, dst_inst_code=null, fail_knd=null, ap_host_name=null, ap_caller_id=null, lang_type=EN)
2025-10-01 20:59:31 [http-nio-8080-exec-2] INFO  InterfaceTelegram:18 - #################### Interface Tuxedo ####################
2025-10-01 20:59:31 [http-nio-8080-exec-2] INFO  InterfaceTelegram:19 - FileInVo(attach_file_id=null, attach_file_clcd=div1, attach_file_expl=desc1, upd_yn=N, req_clcd=U1, sub1Vos=[FileInSub1Vo(attach_file_id=null, attach_file_seq_no=null, attach_file_clcd=null, del_yn=null, file_nm=279111.jpg, upl_file_size=222793, upl_file_nm=null, file_path=D:/bcap\div1, pfr_rank=0, inp_usr_id=1787130271, inp_pgm_id=FileUpload, chng_usr_id=null, chng_pgm_id=null)])
2025-10-01 20:59:31 [http-nio-8080-exec-2] INFO  InterfaceTelegram:20 - FileOutVo(rson_cd=null, attach_file_id=null, attach_file_clcd=null, attach_file_expl=null, upd_yn=null, req_clcd=null, sub1Vos=null)
2025-10-01 20:59:31 [http-nio-8080-exec-2] INFO  InterfaceTelegram:23 - ByteEncoder
2025-10-01 20:59:31 [http-nio-8080-exec-2] ERROR TelegramBuilder:11 - java.lang.IllegalAccessException: module java.base does not open java.util to unnamed module @5fcd892a
2025-10-01 20:59:31 [http-nio-8080-exec-2] ERROR TelegramBuilder:19 - java.base/java.lang.invoke.MethodHandles.privateLookupIn(MethodHandles.java:287)
2025-10-01 20:59:31 [http-nio-8080-exec-2] ERROR TelegramBuilder:19 - mti.com.telegram.util.TelegramUtil.getPacketSize(TelegramUtil.java:333)
2025-10-01 20:59:31 [http-nio-8080-exec-2] ERROR TelegramBuilder:19 - mti.com.telegram.util.TelegramUtil.getPacketSize(TelegramUtil.java:375)
2025-10-01 20:59:31 [http-nio-8080-exec-2] ERROR TelegramBuilder:19 - mti.com.telegram.util.TelegramUtil.getPacketSize(TelegramUtil.java:389)
2025-10-01 20:59:31 [http-nio-8080-exec-2] ERROR TelegramBuilder:19 - mti.com.telegram.util.TelegramBuilder.makeTelegramData(TelegramBuilder.java:132)
2025-10-01 20:59:31 [http-nio-8080-exec-2] ERROR TelegramBuilder:19 - mti.com.telegram.util.TelegramBuilder.getTelegramIn(TelegramBuilder.java:25)
2025-10-01 20:59:31 [http-nio-8080-exec-2] ERROR TelegramBuilder:19 - mti.com.telegram.util.InterfaceTelegram.interfaceTuxedo(InterfaceTelegram.java:24)
2025-10-01 20:59:31 [http-nio-8080-exec-2] ERROR TelegramBuilder:19 - maas.bcap.common.ServiceSupport.tuxedoTransaction(ServiceSupport.java:63)
2025-10-01 20:59:31 [http-nio-8080-exec-2] ERROR TelegramBuilder:19 - maas.bcap.service.FileManagerService.interfaceTuxedo(FileManagerService.java:81)
2025-10-01 20:59:31 [http-nio-8080-exec-2] ERROR TelegramBuilder:19 - maas.bcap.service.FileManagerService.saveFilesToDevonC(FileManagerService.java:34)
2025-10-01 20:59:31 [http-nio-8080-exec-2] ERROR TelegramBuilder:19 - maas.bcap.service.FileUploadService.registerNewFiles(FileUploadService.java:136)
2025-10-01 20:59:31 [http-nio-8080-exec-2] ERROR TelegramBuilder:19 - maas.bcap.service.FileUploadService.upload(FileUploadService.java:77)
2025-10-01 20:59:31 [http-nio-8080-exec-2] ERROR TelegramBuilder:19 - maas.bcap.controller.FileManagerController.upload(FileManagerController.java:47)
2025-10-01 20:59:31 [http-nio-8080-exec-2] ERROR TelegramBuilder:19 - java.base/jdk.internal.reflect.DirectMethodHandleAccessor.invoke(DirectMethodHandleAccessor.java:103)
2025-10-01 20:59:31 [http-nio-8080-exec-2] ERROR TelegramBuilder:19 - java.base/java.lang.reflect.Method.invoke(Method.java:580)
2025-10-01 20:59:31 [http-nio-8080-exec-2] ERROR TelegramBuilder:19 - org.springframework.web.method.support.InvocableHandlerMethod.doInvoke(InvocableHandlerMethod.java:205)
2025-10-01 20:59:31 [http-nio-8080-exec-2] ERROR TelegramBuilder:19 - org.springframework.web.method.support.InvocableHandlerMethod.invokeForRequest(InvocableHandlerMethod.java:150)
2025-10-01 20:59:31 [http-nio-8080-exec-2] ERROR TelegramBuilder:19 - org.springframework.web.servlet.mvc.method.annotation.ServletInvocableHandlerMethod.invokeAndHandle(ServletInvocableHandlerMethod.java:117)
2025-10-01 20:59:31 [http-nio-8080-exec-2] ERROR TelegramBuilder:19 - org.springframework.web.servlet.mvc.method.annotation.RequestMappingHandlerAdapter.invokeHandlerMethod(RequestMappingHandlerAdapter.java:895)
2025-10-01 20:59:31 [http-nio-8080-exec-2] ERROR TelegramBuilder:19 - org.springframework.web.servlet.mvc.method.annotation.RequestMappingHandlerAdapter.handleInternal(RequestMappingHandlerAdapter.java:808)
2025-10-01 20:59:31 [http-nio-8080-exec-2] ERROR TelegramBuilder:19 - org.springframework.web.servlet.mvc.method.AbstractHandlerMethodAdapter.handle(AbstractHandlerMethodAdapter.java:87)
2025-10-01 20:59:31 [http-nio-8080-exec-2] ERROR TelegramBuilder:19 - org.springframework.web.servlet.DispatcherServlet.doDispatch(DispatcherServlet.java:1072)
2025-10-01 20:59:31 [http-nio-8080-exec-2] ERROR TelegramBuilder:19 - org.springframework.web.servlet.DispatcherServlet.doService(DispatcherServlet.java:965)
2025-10-01 20:59:31 [http-nio-8080-exec-2] ERROR TelegramBuilder:19 - org.springframework.web.servlet.FrameworkServlet.processRequest(FrameworkServlet.java:1006)
2025-10-01 20:59:31 [http-nio-8080-exec-2] ERROR TelegramBuilder:19 - org.springframework.web.servlet.FrameworkServlet.doPost(FrameworkServlet.java:909)
2025-10-01 20:59:31 [http-nio-8080-exec-2] ERROR TelegramBuilder:19 - javax.servlet.http.HttpServlet.service(HttpServlet.java:555)
2025-10-01 20:59:31 [http-nio-8080-exec-2] ERROR TelegramBuilder:19 - org.springframework.web.servlet.FrameworkServlet.service(FrameworkServlet.java:883)
2025-10-01 20:59:31 [http-nio-8080-exec-2] ERROR TelegramBuilder:19 - javax.servlet.http.HttpServlet.service(HttpServlet.java:623)
2025-10-01 20:59:31 [http-nio-8080-exec-2] ERROR TelegramBuilder:19 - org.apache.catalina.core.ApplicationFilterChain.internalDoFilter(ApplicationFilterChain.java:209)
2025-10-01 20:59:31 [http-nio-8080-exec-2] ERROR TelegramBuilder:19 - org.apache.catalina.core.ApplicationFilterChain.doFilter(ApplicationFilterChain.java:153)
2025-10-01 20:59:31 [http-nio-8080-exec-2] ERROR TelegramBuilder:19 - org.apache.tomcat.websocket.server.WsFilter.doFilter(WsFilter.java:51)
2025-10-01 20:59:31 [http-nio-8080-exec-2] ERROR TelegramBuilder:19 - org.apache.catalina.core.ApplicationFilterChain.internalDoFilter(ApplicationFilterChain.java:178)
2025-10-01 20:59:31 [http-nio-8080-exec-2] ERROR TelegramBuilder:19 - org.apache.catalina.core.ApplicationFilterChain.doFilter(ApplicationFilterChain.java:153)
2025-10-01 20:59:31 [http-nio-8080-exec-2] ERROR TelegramBuilder:19 - org.springframework.web.filter.OncePerRequestFilter.doFilter(OncePerRequestFilter.java:111)
2025-10-01 20:59:31 [http-nio-8080-exec-2] ERROR TelegramBuilder:19 - org.apache.catalina.core.ApplicationFilterChain.internalDoFilter(ApplicationFilterChain.java:178)
2025-10-01 20:59:31 [http-nio-8080-exec-2] ERROR TelegramBuilder:19 - org.apache.catalina.core.ApplicationFilterChain.doFilter(ApplicationFilterChain.java:153)
2025-10-01 20:59:31 [http-nio-8080-exec-2] ERROR TelegramBuilder:19 - org.springframework.security.web.FilterChainProxy$VirtualFilterChain.doFilter(FilterChainProxy.java:337)
2025-10-01 20:59:31 [http-nio-8080-exec-2] ERROR TelegramBuilder:19 - org.springframework.security.web.access.intercept.AuthorizationFilter.doFilter(AuthorizationFilter.java:96)
2025-10-01 20:59:31 [http-nio-8080-exec-2] ERROR TelegramBuilder:19 - org.springframework.security.web.FilterChainProxy$VirtualFilterChain.doFilter(FilterChainProxy.java:346)
2025-10-01 20:59:31 [http-nio-8080-exec-2] ERROR TelegramBuilder:19 - org.springframework.security.web.access.ExceptionTranslationFilter.doFilter(ExceptionTranslationFilter.java:122)
2025-10-01 20:59:31 [http-nio-8080-exec-2] ERROR TelegramBuilder:19 - org.springframework.security.web.access.ExceptionTranslationFilter.doFilter(ExceptionTranslationFilter.java:116)
2025-10-01 20:59:31 [http-nio-8080-exec-2] ERROR TelegramBuilder:19 - org.springframework.security.web.FilterChainProxy$VirtualFilterChain.doFilter(FilterChainProxy.java:346)
2025-10-01 20:59:31 [http-nio-8080-exec-2] ERROR TelegramBuilder:19 - org.springframework.security.web.session.SessionManagementFilter.doFilter(SessionManagementFilter.java:126)
2025-10-01 20:59:31 [http-nio-8080-exec-2] ERROR TelegramBuilder:19 - org.springframework.security.web.session.SessionManagementFilter.doFilter(SessionManagementFilter.java:81)
2025-10-01 20:59:31 [http-nio-8080-exec-2] ERROR TelegramBuilder:19 - org.springframework.security.web.FilterChainProxy$VirtualFilterChain.doFilter(FilterChainProxy.java:346)
2025-10-01 20:59:31 [http-nio-8080-exec-2] ERROR TelegramBuilder:19 - org.springframework.security.web.authentication.AnonymousAuthenticationFilter.doFilter(AnonymousAuthenticationFilter.java:109)
2025-10-01 20:59:31 [http-nio-8080-exec-2] ERROR TelegramBuilder:19 - org.springframework.security.web.FilterChainProxy$VirtualFilterChain.doFilter(FilterChainProxy.java:346)
2025-10-01 20:59:31 [http-nio-8080-exec-2] ERROR TelegramBuilder:19 - org.springframework.security.web.servletapi.SecurityContextHolderAwareRequestFilter.doFilter(SecurityContextHolderAwareRequestFilter.java:149)
2025-10-01 20:59:31 [http-nio-8080-exec-2] ERROR TelegramBuilder:19 - org.springframework.security.web.FilterChainProxy$VirtualFilterChain.doFilter(FilterChainProxy.java:346)
2025-10-01 20:59:31 [http-nio-8080-exec-2] ERROR TelegramBuilder:19 - org.springframework.security.web.savedrequest.RequestCacheAwareFilter.doFilter(RequestCacheAwareFilter.java:63)
2025-10-01 20:59:31 [http-nio-8080-exec-2] ERROR TelegramBuilder:19 - org.springframework.security.web.FilterChainProxy$VirtualFilterChain.doFilter(FilterChainProxy.java:346)
2025-10-01 20:59:31 [http-nio-8080-exec-2] ERROR TelegramBuilder:19 - maas.bcap.security.JwtAuthFilter.doFilterInternal(JwtAuthFilter.java:70)
2025-10-01 20:59:31 [http-nio-8080-exec-2] ERROR TelegramBuilder:19 - org.springframework.web.filter.OncePerRequestFilter.doFilter(OncePerRequestFilter.java:117)
2025-10-01 20:59:31 [http-nio-8080-exec-2] ERROR TelegramBuilder:19 - org.springframework.security.web.FilterChainProxy$VirtualFilterChain.doFilter(FilterChainProxy.java:346)
2025-10-01 20:59:31 [http-nio-8080-exec-2] ERROR TelegramBuilder:19 - org.springframework.security.web.authentication.logout.LogoutFilter.doFilter(LogoutFilter.java:103)
2025-10-01 20:59:31 [http-nio-8080-exec-2] ERROR TelegramBuilder:19 - org.springframework.security.web.authentication.logout.LogoutFilter.doFilter(LogoutFilter.java:89)
2025-10-01 20:59:31 [http-nio-8080-exec-2] ERROR TelegramBuilder:19 - org.springframework.security.web.FilterChainProxy$VirtualFilterChain.doFilter(FilterChainProxy.java:346)
2025-10-01 20:59:31 [http-nio-8080-exec-2] ERROR TelegramBuilder:19 - org.springframework.web.filter.CorsFilter.doFilterInternal(CorsFilter.java:91)
2025-10-01 20:59:31 [http-nio-8080-exec-2] ERROR TelegramBuilder:19 - org.springframework.web.filter.OncePerRequestFilter.doFilter(OncePerRequestFilter.java:117)
2025-10-01 20:59:31 [http-nio-8080-exec-2] ERROR TelegramBuilder:19 - org.springframework.security.web.FilterChainProxy$VirtualFilterChain.doFilter(FilterChainProxy.java:346)
2025-10-01 20:59:31 [http-nio-8080-exec-2] ERROR TelegramBuilder:19 - org.springframework.security.web.header.HeaderWriterFilter.doHeadersAfter(HeaderWriterFilter.java:90)
2025-10-01 20:59:31 [http-nio-8080-exec-2] ERROR TelegramBuilder:19 - org.springframework.security.web.header.HeaderWriterFilter.doFilterInternal(HeaderWriterFilter.java:75)
2025-10-01 20:59:31 [http-nio-8080-exec-2] ERROR TelegramBuilder:19 - org.springframework.web.filter.OncePerRequestFilter.doFilter(OncePerRequestFilter.java:117)
2025-10-01 20:59:31 [http-nio-8080-exec-2] ERROR TelegramBuilder:19 - org.springframework.security.web.FilterChainProxy$VirtualFilterChain.doFilter(FilterChainProxy.java:346)
2025-10-01 20:59:31 [http-nio-8080-exec-2] ERROR TelegramBuilder:19 - org.springframework.security.web.context.SecurityContextPersistenceFilter.doFilter(SecurityContextPersistenceFilter.java:112)
2025-10-01 20:59:31 [http-nio-8080-exec-2] ERROR TelegramBuilder:19 - org.springframework.security.web.context.SecurityContextPersistenceFilter.doFilter(SecurityContextPersistenceFilter.java:82)
2025-10-01 20:59:31 [http-nio-8080-exec-2] ERROR TelegramBuilder:19 - org.springframework.security.web.FilterChainProxy$VirtualFilterChain.doFilter(FilterChainProxy.java:346)
2025-10-01 20:59:31 [http-nio-8080-exec-2] ERROR TelegramBuilder:19 - org.springframework.security.web.context.request.async.WebAsyncManagerIntegrationFilter.doFilterInternal(WebAsyncManagerIntegrationFilter.java:55)
2025-10-01 20:59:31 [http-nio-8080-exec-2] ERROR TelegramBuilder:19 - org.springframework.web.filter.OncePerRequestFilter.doFilter(OncePerRequestFilter.java:117)
2025-10-01 20:59:31 [http-nio-8080-exec-2] ERROR TelegramBuilder:19 - org.springframework.security.web.FilterChainProxy$VirtualFilterChain.doFilter(FilterChainProxy.java:346)
2025-10-01 20:59:31 [http-nio-8080-exec-2] ERROR TelegramBuilder:19 - org.springframework.security.web.session.DisableEncodeUrlFilter.doFilterInternal(DisableEncodeUrlFilter.java:42)
2025-10-01 20:59:31 [http-nio-8080-exec-2] ERROR TelegramBuilder:19 - org.springframework.web.filter.OncePerRequestFilter.doFilter(OncePerRequestFilter.java:117)
2025-10-01 20:59:31 [http-nio-8080-exec-2] ERROR TelegramBuilder:19 - org.springframework.security.web.FilterChainProxy$VirtualFilterChain.doFilter(FilterChainProxy.java:346)
2025-10-01 20:59:31 [http-nio-8080-exec-2] ERROR TelegramBuilder:19 - org.springframework.security.web.FilterChainProxy.doFilterInternal(FilterChainProxy.java:221)
2025-10-01 20:59:31 [http-nio-8080-exec-2] ERROR TelegramBuilder:19 - org.springframework.security.web.FilterChainProxy.doFilter(FilterChainProxy.java:186)
2025-10-01 20:59:31 [http-nio-8080-exec-2] ERROR TelegramBuilder:19 - org.springframework.web.filter.DelegatingFilterProxy.invokeDelegate(DelegatingFilterProxy.java:354)
2025-10-01 20:59:31 [http-nio-8080-exec-2] ERROR TelegramBuilder:19 - org.springframework.web.filter.DelegatingFilterProxy.doFilter(DelegatingFilterProxy.java:267)
2025-10-01 20:59:31 [http-nio-8080-exec-2] ERROR TelegramBuilder:19 - org.apache.catalina.core.ApplicationFilterChain.internalDoFilter(ApplicationFilterChain.java:178)
2025-10-01 20:59:31 [http-nio-8080-exec-2] ERROR TelegramBuilder:19 - org.apache.catalina.core.ApplicationFilterChain.doFilter(ApplicationFilterChain.java:153)
2025-10-01 20:59:31 [http-nio-8080-exec-2] ERROR TelegramBuilder:19 - org.springframework.web.filter.RequestContextFilter.doFilterInternal(RequestContextFilter.java:100)
2025-10-01 20:59:31 [http-nio-8080-exec-2] ERROR TelegramBuilder:19 - org.springframework.web.filter.OncePerRequestFilter.doFilter(OncePerRequestFilter.java:117)
2025-10-01 20:59:31 [http-nio-8080-exec-2] ERROR TelegramBuilder:19 - org.apache.catalina.core.ApplicationFilterChain.internalDoFilter(ApplicationFilterChain.java:178)
2025-10-01 20:59:31 [http-nio-8080-exec-2] ERROR TelegramBuilder:19 - org.apache.catalina.core.ApplicationFilterChain.doFilter(ApplicationFilterChain.java:153)
2025-10-01 20:59:31 [http-nio-8080-exec-2] ERROR TelegramBuilder:19 - org.springframework.web.filter.FormContentFilter.doFilterInternal(FormContentFilter.java:93)
2025-10-01 20:59:31 [http-nio-8080-exec-2] ERROR TelegramBuilder:19 - org.springframework.web.filter.OncePerRequestFilter.doFilter(OncePerRequestFilter.java:117)
2025-10-01 20:59:31 [http-nio-8080-exec-2] ERROR TelegramBuilder:19 - org.apache.catalina.core.ApplicationFilterChain.internalDoFilter(ApplicationFilterChain.java:178)
2025-10-01 20:59:31 [http-nio-8080-exec-2] ERROR TelegramBuilder:19 - org.apache.catalina.core.ApplicationFilterChain.doFilter(ApplicationFilterChain.java:153)
2025-10-01 20:59:31 [http-nio-8080-exec-2] ERROR TelegramBuilder:19 - org.springframework.web.filter.CharacterEncodingFilter.doFilterInternal(CharacterEncodingFilter.java:201)
2025-10-01 20:59:31 [http-nio-8080-exec-2] ERROR TelegramBuilder:19 - org.springframework.web.filter.OncePerRequestFilter.doFilter(OncePerRequestFilter.java:117)
2025-10-01 20:59:31 [http-nio-8080-exec-2] ERROR TelegramBuilder:19 - org.apache.catalina.core.ApplicationFilterChain.internalDoFilter(ApplicationFilterChain.java:178)
2025-10-01 20:59:31 [http-nio-8080-exec-2] ERROR TelegramBuilder:19 - org.apache.catalina.core.ApplicationFilterChain.doFilter(ApplicationFilterChain.java:153)
2025-10-01 20:59:31 [http-nio-8080-exec-2] ERROR TelegramBuilder:19 - org.apache.catalina.core.StandardWrapperValve.invoke(StandardWrapperValve.java:168)
2025-10-01 20:59:31 [http-nio-8080-exec-2] ERROR TelegramBuilder:19 - org.apache.catalina.core.StandardContextValve.invoke(StandardContextValve.java:90)
2025-10-01 20:59:31 [http-nio-8080-exec-2] ERROR TelegramBuilder:19 - org.apache.catalina.authenticator.AuthenticatorBase.invoke(AuthenticatorBase.java:481)
2025-10-01 20:59:31 [http-nio-8080-exec-2] ERROR TelegramBuilder:19 - org.apache.catalina.core.StandardHostValve.invoke(StandardHostValve.java:130)
2025-10-01 20:59:31 [http-nio-8080-exec-2] ERROR TelegramBuilder:19 - org.apache.catalina.valves.ErrorReportValve.invoke(ErrorReportValve.java:93)
2025-10-01 20:59:31 [http-nio-8080-exec-2] ERROR TelegramBuilder:19 - org.apache.catalina.core.StandardEngineValve.invoke(StandardEngineValve.java:74)
2025-10-01 20:59:31 [http-nio-8080-exec-2] ERROR TelegramBuilder:19 - org.apache.catalina.connector.CoyoteAdapter.service(CoyoteAdapter.java:342)
2025-10-01 20:59:31 [http-nio-8080-exec-2] ERROR TelegramBuilder:19 - org.apache.coyote.http11.Http11Processor.service(Http11Processor.java:390)
2025-10-01 20:59:31 [http-nio-8080-exec-2] ERROR TelegramBuilder:19 - org.apache.coyote.AbstractProcessorLight.process(AbstractProcessorLight.java:63)
2025-10-01 20:59:31 [http-nio-8080-exec-2] ERROR TelegramBuilder:19 - org.apache.coyote.AbstractProtocol$ConnectionHandler.process(AbstractProtocol.java:928)
2025-10-01 20:59:31 [http-nio-8080-exec-2] ERROR TelegramBuilder:19 - org.apache.tomcat.util.net.NioEndpoint$SocketProcessor.doRun(NioEndpoint.java:1794)
2025-10-01 20:59:31 [http-nio-8080-exec-2] ERROR TelegramBuilder:19 - org.apache.tomcat.util.net.SocketProcessorBase.run(SocketProcessorBase.java:52)
2025-10-01 20:59:31 [http-nio-8080-exec-2] ERROR TelegramBuilder:19 - org.apache.tomcat.util.threads.ThreadPoolExecutor.runWorker(ThreadPoolExecutor.java:1191)
2025-10-01 20:59:31 [http-nio-8080-exec-2] ERROR TelegramBuilder:19 - org.apache.tomcat.util.threads.ThreadPoolExecutor$Worker.run(ThreadPoolExecutor.java:659)
2025-10-01 20:59:31 [http-nio-8080-exec-2] ERROR TelegramBuilder:19 - org.apache.tomcat.util.threads.TaskThread$WrappingRunnable.run(TaskThread.java:61)
2025-10-01 20:59:31 [http-nio-8080-exec-2] ERROR TelegramBuilder:19 - java.base/java.lang.Thread.run(Thread.java:1583)
2025-10-01 20:59:31 [http-nio-8080-exec-2] ERROR TelegramBuilder:11 - java.lang.IllegalAccessException: module java.base does not open java.util to unnamed module @5fcd892a
2025-10-01 20:59:31 [http-nio-8080-exec-2] ERROR TelegramBuilder:19 - java.base/java.lang.invoke.MethodHandles.privateLookupIn(MethodHandles.java:287)
2025-10-01 20:59:31 [http-nio-8080-exec-2] ERROR TelegramBuilder:19 - mti.com.telegram.util.TelegramUtil.getPacketSize(TelegramUtil.java:333)
2025-10-01 20:59:31 [http-nio-8080-exec-2] ERROR TelegramBuilder:19 - mti.com.telegram.util.TelegramUtil.getPacketSize(TelegramUtil.java:375)
2025-10-01 20:59:31 [http-nio-8080-exec-2] ERROR TelegramBuilder:19 - mti.com.telegram.util.TelegramUtil.getPacketSize(TelegramUtil.java:389)
2025-10-01 20:59:31 [http-nio-8080-exec-2] ERROR TelegramBuilder:19 - mti.com.telegram.util.TelegramUtil.getPacketSize(TelegramUtil.java:389)
2025-10-01 20:59:31 [http-nio-8080-exec-2] ERROR TelegramBuilder:19 - mti.com.telegram.util.TelegramBuilder.getTelegramIn(TelegramBuilder.java:28)
2025-10-01 20:59:31 [http-nio-8080-exec-2] ERROR TelegramBuilder:19 - mti.com.telegram.util.InterfaceTelegram.interfaceTuxedo(InterfaceTelegram.java:24)
2025-10-01 20:59:31 [http-nio-8080-exec-2] ERROR TelegramBuilder:19 - maas.bcap.common.ServiceSupport.tuxedoTransaction(ServiceSupport.java:63)
2025-10-01 20:59:31 [http-nio-8080-exec-2] ERROR TelegramBuilder:19 - maas.bcap.service.FileManagerService.interfaceTuxedo(FileManagerService.java:81)
2025-10-01 20:59:31 [http-nio-8080-exec-2] ERROR TelegramBuilder:19 - maas.bcap.service.FileManagerService.saveFilesToDevonC(FileManagerService.java:34)
2025-10-01 20:59:31 [http-nio-8080-exec-2] ERROR TelegramBuilder:19 - maas.bcap.service.FileUploadService.registerNewFiles(FileUploadService.java:136)
2025-10-01 20:59:31 [http-nio-8080-exec-2] ERROR TelegramBuilder:19 - maas.bcap.service.FileUploadService.upload(FileUploadService.java:77)
2025-10-01 20:59:31 [http-nio-8080-exec-2] ERROR TelegramBuilder:19 - maas.bcap.controller.FileManagerController.upload(FileManagerController.java:47)
2025-10-01 20:59:31 [http-nio-8080-exec-2] ERROR TelegramBuilder:19 - java.base/jdk.internal.reflect.DirectMethodHandleAccessor.invoke(DirectMethodHandleAccessor.java:103)
2025-10-01 20:59:31 [http-nio-8080-exec-2] ERROR TelegramBuilder:19 - java.base/java.lang.reflect.Method.invoke(Method.java:580)
2025-10-01 20:59:31 [http-nio-8080-exec-2] ERROR TelegramBuilder:19 - org.springframework.web.method.support.InvocableHandlerMethod.doInvoke(InvocableHandlerMethod.java:205)
2025-10-01 20:59:31 [http-nio-8080-exec-2] ERROR TelegramBuilder:19 - org.springframework.web.method.support.InvocableHandlerMethod.invokeForRequest(InvocableHandlerMethod.java:150)
2025-10-01 20:59:31 [http-nio-8080-exec-2] ERROR TelegramBuilder:19 - org.springframework.web.servlet.mvc.method.annotation.ServletInvocableHandlerMethod.invokeAndHandle(ServletInvocableHandlerMethod.java:117)
2025-10-01 20:59:31 [http-nio-8080-exec-2] ERROR TelegramBuilder:19 - org.springframework.web.servlet.mvc.method.annotation.RequestMappingHandlerAdapter.invokeHandlerMethod(RequestMappingHandlerAdapter.java:895)
2025-10-01 20:59:31 [http-nio-8080-exec-2] ERROR TelegramBuilder:19 - org.springframework.web.servlet.mvc.method.annotation.RequestMappingHandlerAdapter.handleInternal(RequestMappingHandlerAdapter.java:808)
2025-10-01 20:59:31 [http-nio-8080-exec-2] ERROR TelegramBuilder:19 - org.springframework.web.servlet.mvc.method.AbstractHandlerMethodAdapter.handle(AbstractHandlerMethodAdapter.java:87)
2025-10-01 20:59:31 [http-nio-8080-exec-2] ERROR TelegramBuilder:19 - org.springframework.web.servlet.DispatcherServlet.doDispatch(DispatcherServlet.java:1072)
2025-10-01 20:59:31 [http-nio-8080-exec-2] ERROR TelegramBuilder:19 - org.springframework.web.servlet.DispatcherServlet.doService(DispatcherServlet.java:965)
2025-10-01 20:59:31 [http-nio-8080-exec-2] ERROR TelegramBuilder:19 - org.springframework.web.servlet.FrameworkServlet.processRequest(FrameworkServlet.java:1006)
2025-10-01 20:59:31 [http-nio-8080-exec-2] ERROR TelegramBuilder:19 - org.springframework.web.servlet.FrameworkServlet.doPost(FrameworkServlet.java:909)
2025-10-01 20:59:31 [http-nio-8080-exec-2] ERROR TelegramBuilder:19 - javax.servlet.http.HttpServlet.service(HttpServlet.java:555)
2025-10-01 20:59:31 [http-nio-8080-exec-2] ERROR TelegramBuilder:19 - org.springframework.web.servlet.FrameworkServlet.service(FrameworkServlet.java:883)
2025-10-01 20:59:31 [http-nio-8080-exec-2] ERROR TelegramBuilder:19 - javax.servlet.http.HttpServlet.service(HttpServlet.java:623)
2025-10-01 20:59:31 [http-nio-8080-exec-2] ERROR TelegramBuilder:19 - org.apache.catalina.core.ApplicationFilterChain.internalDoFilter(ApplicationFilterChain.java:209)
2025-10-01 20:59:31 [http-nio-8080-exec-2] ERROR TelegramBuilder:19 - org.apache.catalina.core.ApplicationFilterChain.doFilter(ApplicationFilterChain.java:153)
2025-10-01 20:59:31 [http-nio-8080-exec-2] ERROR TelegramBuilder:19 - org.apache.tomcat.websocket.server.WsFilter.doFilter(WsFilter.java:51)
2025-10-01 20:59:31 [http-nio-8080-exec-2] ERROR TelegramBuilder:19 - org.apache.catalina.core.ApplicationFilterChain.internalDoFilter(ApplicationFilterChain.java:178)
2025-10-01 20:59:31 [http-nio-8080-exec-2] ERROR TelegramBuilder:19 - org.apache.catalina.core.ApplicationFilterChain.doFilter(ApplicationFilterChain.java:153)
2025-10-01 20:59:31 [http-nio-8080-exec-2] ERROR TelegramBuilder:19 - org.springframework.web.filter.OncePerRequestFilter.doFilter(OncePerRequestFilter.java:111)
2025-10-01 20:59:31 [http-nio-8080-exec-2] ERROR TelegramBuilder:19 - org.apache.catalina.core.ApplicationFilterChain.internalDoFilter(ApplicationFilterChain.java:178)
2025-10-01 20:59:31 [http-nio-8080-exec-2] ERROR TelegramBuilder:19 - org.apache.catalina.core.ApplicationFilterChain.doFilter(ApplicationFilterChain.java:153)
2025-10-01 20:59:31 [http-nio-8080-exec-2] ERROR TelegramBuilder:19 - org.springframework.security.web.FilterChainProxy$VirtualFilterChain.doFilter(FilterChainProxy.java:337)
2025-10-01 20:59:31 [http-nio-8080-exec-2] ERROR TelegramBuilder:19 - org.springframework.security.web.access.intercept.AuthorizationFilter.doFilter(AuthorizationFilter.java:96)
2025-10-01 20:59:31 [http-nio-8080-exec-2] ERROR TelegramBuilder:19 - org.springframework.security.web.FilterChainProxy$VirtualFilterChain.doFilter(FilterChainProxy.java:346)
2025-10-01 20:59:31 [http-nio-8080-exec-2] ERROR TelegramBuilder:19 - org.springframework.security.web.access.ExceptionTranslationFilter.doFilter(ExceptionTranslationFilter.java:122)
2025-10-01 20:59:31 [http-nio-8080-exec-2] ERROR TelegramBuilder:19 - org.springframework.security.web.access.ExceptionTranslationFilter.doFilter(ExceptionTranslationFilter.java:116)
2025-10-01 20:59:31 [http-nio-8080-exec-2] ERROR TelegramBuilder:19 - org.springframework.security.web.FilterChainProxy$VirtualFilterChain.doFilter(FilterChainProxy.java:346)
2025-10-01 20:59:31 [http-nio-8080-exec-2] ERROR TelegramBuilder:19 - org.springframework.security.web.session.SessionManagementFilter.doFilter(SessionManagementFilter.java:126)
2025-10-01 20:59:31 [http-nio-8080-exec-2] ERROR TelegramBuilder:19 - org.springframework.security.web.session.SessionManagementFilter.doFilter(SessionManagementFilter.java:81)
2025-10-01 20:59:31 [http-nio-8080-exec-2] ERROR TelegramBuilder:19 - org.springframework.security.web.FilterChainProxy$VirtualFilterChain.doFilter(FilterChainProxy.java:346)
2025-10-01 20:59:31 [http-nio-8080-exec-2] ERROR TelegramBuilder:19 - org.springframework.security.web.authentication.AnonymousAuthenticationFilter.doFilter(AnonymousAuthenticationFilter.java:109)
2025-10-01 20:59:31 [http-nio-8080-exec-2] ERROR TelegramBuilder:19 - org.springframework.security.web.FilterChainProxy$VirtualFilterChain.doFilter(FilterChainProxy.java:346)
2025-10-01 20:59:31 [http-nio-8080-exec-2] ERROR TelegramBuilder:19 - org.springframework.security.web.servletapi.SecurityContextHolderAwareRequestFilter.doFilter(SecurityContextHolderAwareRequestFilter.java:149)
2025-10-01 20:59:31 [http-nio-8080-exec-2] ERROR TelegramBuilder:19 - org.springframework.security.web.FilterChainProxy$VirtualFilterChain.doFilter(FilterChainProxy.java:346)
2025-10-01 20:59:31 [http-nio-8080-exec-2] ERROR TelegramBuilder:19 - org.springframework.security.web.savedrequest.RequestCacheAwareFilter.doFilter(RequestCacheAwareFilter.java:63)
2025-10-01 20:59:31 [http-nio-8080-exec-2] ERROR TelegramBuilder:19 - org.springframework.security.web.FilterChainProxy$VirtualFilterChain.doFilter(FilterChainProxy.java:346)
2025-10-01 20:59:31 [http-nio-8080-exec-2] ERROR TelegramBuilder:19 - maas.bcap.security.JwtAuthFilter.doFilterInternal(JwtAuthFilter.java:70)
2025-10-01 20:59:31 [http-nio-8080-exec-2] ERROR TelegramBuilder:19 - org.springframework.web.filter.OncePerRequestFilter.doFilter(OncePerRequestFilter.java:117)
2025-10-01 20:59:31 [http-nio-8080-exec-2] ERROR TelegramBuilder:19 - org.springframework.security.web.FilterChainProxy$VirtualFilterChain.doFilter(FilterChainProxy.java:346)
2025-10-01 20:59:31 [http-nio-8080-exec-2] ERROR TelegramBuilder:19 - org.springframework.security.web.authentication.logout.LogoutFilter.doFilter(LogoutFilter.java:103)
2025-10-01 20:59:31 [http-nio-8080-exec-2] ERROR TelegramBuilder:19 - org.springframework.security.web.authentication.logout.LogoutFilter.doFilter(LogoutFilter.java:89)
2025-10-01 20:59:31 [http-nio-8080-exec-2] ERROR TelegramBuilder:19 - org.springframework.security.web.FilterChainProxy$VirtualFilterChain.doFilter(FilterChainProxy.java:346)
2025-10-01 20:59:31 [http-nio-8080-exec-2] ERROR TelegramBuilder:19 - org.springframework.web.filter.CorsFilter.doFilterInternal(CorsFilter.java:91)
2025-10-01 20:59:31 [http-nio-8080-exec-2] ERROR TelegramBuilder:19 - org.springframework.web.filter.OncePerRequestFilter.doFilter(OncePerRequestFilter.java:117)
2025-10-01 20:59:31 [http-nio-8080-exec-2] ERROR TelegramBuilder:19 - org.springframework.security.web.FilterChainProxy$VirtualFilterChain.doFilter(FilterChainProxy.java:346)
2025-10-01 20:59:31 [http-nio-8080-exec-2] ERROR TelegramBuilder:19 - org.springframework.security.web.header.HeaderWriterFilter.doHeadersAfter(HeaderWriterFilter.java:90)
2025-10-01 20:59:31 [http-nio-8080-exec-2] ERROR TelegramBuilder:19 - org.springframework.security.web.header.HeaderWriterFilter.doFilterInternal(HeaderWriterFilter.java:75)
2025-10-01 20:59:31 [http-nio-8080-exec-2] ERROR TelegramBuilder:19 - org.springframework.web.filter.OncePerRequestFilter.doFilter(OncePerRequestFilter.java:117)
2025-10-01 20:59:31 [http-nio-8080-exec-2] ERROR TelegramBuilder:19 - org.springframework.security.web.FilterChainProxy$VirtualFilterChain.doFilter(FilterChainProxy.java:346)
2025-10-01 20:59:31 [http-nio-8080-exec-2] ERROR TelegramBuilder:19 - org.springframework.security.web.context.SecurityContextPersistenceFilter.doFilter(SecurityContextPersistenceFilter.java:112)
2025-10-01 20:59:31 [http-nio-8080-exec-2] ERROR TelegramBuilder:19 - org.springframework.security.web.context.SecurityContextPersistenceFilter.doFilter(SecurityContextPersistenceFilter.java:82)
2025-10-01 20:59:31 [http-nio-8080-exec-2] ERROR TelegramBuilder:19 - org.springframework.security.web.FilterChainProxy$VirtualFilterChain.doFilter(FilterChainProxy.java:346)
2025-10-01 20:59:31 [http-nio-8080-exec-2] ERROR TelegramBuilder:19 - org.springframework.security.web.context.request.async.WebAsyncManagerIntegrationFilter.doFilterInternal(WebAsyncManagerIntegrationFilter.java:55)
2025-10-01 20:59:31 [http-nio-8080-exec-2] ERROR TelegramBuilder:19 - org.springframework.web.filter.OncePerRequestFilter.doFilter(OncePerRequestFilter.java:117)
2025-10-01 20:59:31 [http-nio-8080-exec-2] ERROR TelegramBuilder:19 - org.springframework.security.web.FilterChainProxy$VirtualFilterChain.doFilter(FilterChainProxy.java:346)
2025-10-01 20:59:31 [http-nio-8080-exec-2] ERROR TelegramBuilder:19 - org.springframework.security.web.session.DisableEncodeUrlFilter.doFilterInternal(DisableEncodeUrlFilter.java:42)
2025-10-01 20:59:31 [http-nio-8080-exec-2] ERROR TelegramBuilder:19 - org.springframework.web.filter.OncePerRequestFilter.doFilter(OncePerRequestFilter.java:117)
2025-10-01 20:59:31 [http-nio-8080-exec-2] ERROR TelegramBuilder:19 - org.springframework.security.web.FilterChainProxy$VirtualFilterChain.doFilter(FilterChainProxy.java:346)
2025-10-01 20:59:31 [http-nio-8080-exec-2] ERROR TelegramBuilder:19 - org.springframework.security.web.FilterChainProxy.doFilterInternal(FilterChainProxy.java:221)
2025-10-01 20:59:31 [http-nio-8080-exec-2] ERROR TelegramBuilder:19 - org.springframework.security.web.FilterChainProxy.doFilter(FilterChainProxy.java:186)
2025-10-01 20:59:31 [http-nio-8080-exec-2] ERROR TelegramBuilder:19 - org.springframework.web.filter.DelegatingFilterProxy.invokeDelegate(DelegatingFilterProxy.java:354)
2025-10-01 20:59:31 [http-nio-8080-exec-2] ERROR TelegramBuilder:19 - org.springframework.web.filter.DelegatingFilterProxy.doFilter(DelegatingFilterProxy.java:267)
2025-10-01 20:59:31 [http-nio-8080-exec-2] ERROR TelegramBuilder:19 - org.apache.catalina.core.ApplicationFilterChain.internalDoFilter(ApplicationFilterChain.java:178)
2025-10-01 20:59:31 [http-nio-8080-exec-2] ERROR TelegramBuilder:19 - org.apache.catalina.core.ApplicationFilterChain.doFilter(ApplicationFilterChain.java:153)
2025-10-01 20:59:31 [http-nio-8080-exec-2] ERROR TelegramBuilder:19 - org.springframework.web.filter.RequestContextFilter.doFilterInternal(RequestContextFilter.java:100)
2025-10-01 20:59:31 [http-nio-8080-exec-2] ERROR TelegramBuilder:19 - org.springframework.web.filter.OncePerRequestFilter.doFilter(OncePerRequestFilter.java:117)
2025-10-01 20:59:31 [http-nio-8080-exec-2] ERROR TelegramBuilder:19 - org.apache.catalina.core.ApplicationFilterChain.internalDoFilter(ApplicationFilterChain.java:178)
2025-10-01 20:59:31 [http-nio-8080-exec-2] ERROR TelegramBuilder:19 - org.apache.catalina.core.ApplicationFilterChain.doFilter(ApplicationFilterChain.java:153)
2025-10-01 20:59:31 [http-nio-8080-exec-2] ERROR TelegramBuilder:19 - org.springframework.web.filter.FormContentFilter.doFilterInternal(FormContentFilter.java:93)
2025-10-01 20:59:31 [http-nio-8080-exec-2] ERROR TelegramBuilder:19 - org.springframework.web.filter.OncePerRequestFilter.doFilter(OncePerRequestFilter.java:117)
2025-10-01 20:59:31 [http-nio-8080-exec-2] ERROR TelegramBuilder:19 - org.apache.catalina.core.ApplicationFilterChain.internalDoFilter(ApplicationFilterChain.java:178)
2025-10-01 20:59:31 [http-nio-8080-exec-2] ERROR TelegramBuilder:19 - org.apache.catalina.core.ApplicationFilterChain.doFilter(ApplicationFilterChain.java:153)
2025-10-01 20:59:31 [http-nio-8080-exec-2] ERROR TelegramBuilder:19 - org.springframework.web.filter.CharacterEncodingFilter.doFilterInternal(CharacterEncodingFilter.java:201)
2025-10-01 20:59:31 [http-nio-8080-exec-2] ERROR TelegramBuilder:19 - org.springframework.web.filter.OncePerRequestFilter.doFilter(OncePerRequestFilter.java:117)
2025-10-01 20:59:31 [http-nio-8080-exec-2] ERROR TelegramBuilder:19 - org.apache.catalina.core.ApplicationFilterChain.internalDoFilter(ApplicationFilterChain.java:178)
2025-10-01 20:59:31 [http-nio-8080-exec-2] ERROR TelegramBuilder:19 - org.apache.catalina.core.ApplicationFilterChain.doFilter(ApplicationFilterChain.java:153)
2025-10-01 20:59:31 [http-nio-8080-exec-2] ERROR TelegramBuilder:19 - org.apache.catalina.core.StandardWrapperValve.invoke(StandardWrapperValve.java:168)
2025-10-01 20:59:31 [http-nio-8080-exec-2] ERROR TelegramBuilder:19 - org.apache.catalina.core.StandardContextValve.invoke(StandardContextValve.java:90)
2025-10-01 20:59:31 [http-nio-8080-exec-2] ERROR TelegramBuilder:19 - org.apache.catalina.authenticator.AuthenticatorBase.invoke(AuthenticatorBase.java:481)
2025-10-01 20:59:31 [http-nio-8080-exec-2] ERROR TelegramBuilder:19 - org.apache.catalina.core.StandardHostValve.invoke(StandardHostValve.java:130)
2025-10-01 20:59:31 [http-nio-8080-exec-2] ERROR TelegramBuilder:19 - org.apache.catalina.valves.ErrorReportValve.invoke(ErrorReportValve.java:93)
2025-10-01 20:59:31 [http-nio-8080-exec-2] ERROR TelegramBuilder:19 - org.apache.catalina.core.StandardEngineValve.invoke(StandardEngineValve.java:74)
2025-10-01 20:59:31 [http-nio-8080-exec-2] ERROR TelegramBuilder:19 - org.apache.catalina.connector.CoyoteAdapter.service(CoyoteAdapter.java:342)
2025-10-01 20:59:31 [http-nio-8080-exec-2] ERROR TelegramBuilder:19 - org.apache.coyote.http11.Http11Processor.service(Http11Processor.java:390)
2025-10-01 20:59:31 [http-nio-8080-exec-2] ERROR TelegramBuilder:19 - org.apache.coyote.AbstractProcessorLight.process(AbstractProcessorLight.java:63)
2025-10-01 20:59:31 [http-nio-8080-exec-2] ERROR TelegramBuilder:19 - org.apache.coyote.AbstractProtocol$ConnectionHandler.process(AbstractProtocol.java:928)
2025-10-01 20:59:31 [http-nio-8080-exec-2] ERROR TelegramBuilder:19 - org.apache.tomcat.util.net.NioEndpoint$SocketProcessor.doRun(NioEndpoint.java:1794)
2025-10-01 20:59:31 [http-nio-8080-exec-2] ERROR TelegramBuilder:19 - org.apache.tomcat.util.net.SocketProcessorBase.run(SocketProcessorBase.java:52)
2025-10-01 20:59:31 [http-nio-8080-exec-2] ERROR TelegramBuilder:19 - org.apache.tomcat.util.threads.ThreadPoolExecutor.runWorker(ThreadPoolExecutor.java:1191)
2025-10-01 20:59:31 [http-nio-8080-exec-2] ERROR TelegramBuilder:19 - org.apache.tomcat.util.threads.ThreadPoolExecutor$Worker.run(ThreadPoolExecutor.java:659)
2025-10-01 20:59:31 [http-nio-8080-exec-2] ERROR TelegramBuilder:19 - org.apache.tomcat.util.threads.TaskThread$WrappingRunnable.run(TaskThread.java:61)
2025-10-01 20:59:31 [http-nio-8080-exec-2] ERROR TelegramBuilder:19 - java.base/java.lang.Thread.run(Thread.java:1583)
2025-10-01 20:59:31 [http-nio-8080-exec-2] INFO  InterfaceTelegram:25 - TelegramIn(header=TelegramHeader(msg_len=0, gid_sysname=LeRuccoLOQ, gid_yyyyymmdd=20251001, gid_hhmmss=205931, gid_seq=002, gid_pid=00000, gid_stat=00, tx_code=SAZ06F010U, inst_no=MTI, send_rspn_type=S, rspn_svc_code=, ori_global_id=LeRuccoL202510012059310020000000, ori_send_time=20251001205931000045, chnl_id=WEB, client_ip_no=0:0:0:0:0:0:0:1, client_mac=, scrn_id=FileUpload, scrn_lock_yn=N, op_id=1787130271, xa_begin_flag=0, send_time=20251001205931000045, rspn_time=, sync_type=A, async_rspn_yn=0, call_depth=0, msg_count_no=0, ttl_use_flag=0, ttl_from_time=, ttl=0, long_msg_type=1, err_flag=0, err_src=, err_type=, err_code=, dst_inst_code=, fail_knd=null, ap_host_name=null, ap_caller_id=null, inf_id=, lang_type=EN, reserved=), data=TelegramInData(dataType=D, length=0, reserved=null, data=FileInVo(attach_file_id=null, attach_file_clcd=div1, attach_file_expl=desc1, upd_yn=N, req_clcd=U1, sub1Vos=[FileInSub1Vo(attach_file_id=null, attach_file_seq_no=null, attach_file_clcd=null, del_yn=null, file_nm=279111.jpg, upl_file_size=222793, upl_file_nm=null, file_path=D:/bcap\div1, pfr_rank=0, inp_usr_id=1787130271, inp_pgm_id=FileUpload, chng_usr_id=null, chng_pgm_id=null)])), tail=@@)
2025-10-01 20:59:31 [http-nio-8080-exec-2] ERROR FileManagerService:89 - java.lang.IllegalAccessException: module java.base does not open java.util to unnamed module @5fcd892a
2025-10-01 20:59:31 [http-nio-8080-exec-2] ERROR FileManagerService:11 - java.lang.IllegalAccessException: module java.base does not open java.util to unnamed module @5fcd892a
2025-10-01 20:59:31 [http-nio-8080-exec-2] ERROR FileManagerService:19 - java.base/java.lang.invoke.MethodHandles.privateLookupIn(MethodHandles.java:287)
2025-10-01 20:59:31 [http-nio-8080-exec-2] ERROR FileManagerService:19 - mti.com.telegram.util.TelegramUtil.getPacketSize(TelegramUtil.java:333)
2025-10-01 20:59:31 [http-nio-8080-exec-2] ERROR FileManagerService:19 - mti.com.telegram.util.TelegramUtil.getPacketSize(TelegramUtil.java:375)
2025-10-01 20:59:31 [http-nio-8080-exec-2] ERROR FileManagerService:19 - mti.com.telegram.util.TelegramUtil.getPacketSize(TelegramUtil.java:389)
2025-10-01 20:59:31 [http-nio-8080-exec-2] ERROR FileManagerService:19 - mti.com.telegram.util.TelegramUtil.getPacketSize(TelegramUtil.java:389)
2025-10-01 20:59:31 [http-nio-8080-exec-2] ERROR FileManagerService:19 - mti.com.telegram.mapping.ByteEncoder.convertObjectToBytes(ByteEncoder.java:32)
2025-10-01 20:59:31 [http-nio-8080-exec-2] ERROR FileManagerService:19 - mti.com.telegram.util.InterfaceTelegram.interfaceTuxedo(InterfaceTelegram.java:26)
2025-10-01 20:59:31 [http-nio-8080-exec-2] ERROR FileManagerService:19 - maas.bcap.common.ServiceSupport.tuxedoTransaction(ServiceSupport.java:63)
2025-10-01 20:59:31 [http-nio-8080-exec-2] ERROR FileManagerService:19 - maas.bcap.service.FileManagerService.interfaceTuxedo(FileManagerService.java:81)
2025-10-01 20:59:31 [http-nio-8080-exec-2] ERROR FileManagerService:19 - maas.bcap.service.FileManagerService.saveFilesToDevonC(FileManagerService.java:34)
2025-10-01 20:59:31 [http-nio-8080-exec-2] ERROR FileManagerService:19 - maas.bcap.service.FileUploadService.registerNewFiles(FileUploadService.java:136)
2025-10-01 20:59:31 [http-nio-8080-exec-2] ERROR FileManagerService:19 - maas.bcap.service.FileUploadService.upload(FileUploadService.java:77)
2025-10-01 20:59:31 [http-nio-8080-exec-2] ERROR FileManagerService:19 - maas.bcap.controller.FileManagerController.upload(FileManagerController.java:47)
2025-10-01 20:59:31 [http-nio-8080-exec-2] ERROR FileManagerService:19 - java.base/jdk.internal.reflect.DirectMethodHandleAccessor.invoke(DirectMethodHandleAccessor.java:103)
2025-10-01 20:59:31 [http-nio-8080-exec-2] ERROR FileManagerService:19 - java.base/java.lang.reflect.Method.invoke(Method.java:580)
2025-10-01 20:59:31 [http-nio-8080-exec-2] ERROR FileManagerService:19 - org.springframework.web.method.support.InvocableHandlerMethod.doInvoke(InvocableHandlerMethod.java:205)
2025-10-01 20:59:31 [http-nio-8080-exec-2] ERROR FileManagerService:19 - org.springframework.web.method.support.InvocableHandlerMethod.invokeForRequest(InvocableHandlerMethod.java:150)
2025-10-01 20:59:31 [http-nio-8080-exec-2] ERROR FileManagerService:19 - org.springframework.web.servlet.mvc.method.annotation.ServletInvocableHandlerMethod.invokeAndHandle(ServletInvocableHandlerMethod.java:117)
2025-10-01 20:59:31 [http-nio-8080-exec-2] ERROR FileManagerService:19 - org.springframework.web.servlet.mvc.method.annotation.RequestMappingHandlerAdapter.invokeHandlerMethod(RequestMappingHandlerAdapter.java:895)
2025-10-01 20:59:31 [http-nio-8080-exec-2] ERROR FileManagerService:19 - org.springframework.web.servlet.mvc.method.annotation.RequestMappingHandlerAdapter.handleInternal(RequestMappingHandlerAdapter.java:808)
2025-10-01 20:59:31 [http-nio-8080-exec-2] ERROR FileManagerService:19 - org.springframework.web.servlet.mvc.method.AbstractHandlerMethodAdapter.handle(AbstractHandlerMethodAdapter.java:87)
2025-10-01 20:59:31 [http-nio-8080-exec-2] ERROR FileManagerService:19 - org.springframework.web.servlet.DispatcherServlet.doDispatch(DispatcherServlet.java:1072)
2025-10-01 20:59:31 [http-nio-8080-exec-2] ERROR FileManagerService:19 - org.springframework.web.servlet.DispatcherServlet.doService(DispatcherServlet.java:965)
2025-10-01 20:59:31 [http-nio-8080-exec-2] ERROR FileManagerService:19 - org.springframework.web.servlet.FrameworkServlet.processRequest(FrameworkServlet.java:1006)
2025-10-01 20:59:31 [http-nio-8080-exec-2] ERROR FileManagerService:19 - org.springframework.web.servlet.FrameworkServlet.doPost(FrameworkServlet.java:909)
2025-10-01 20:59:31 [http-nio-8080-exec-2] ERROR FileManagerService:19 - javax.servlet.http.HttpServlet.service(HttpServlet.java:555)
2025-10-01 20:59:31 [http-nio-8080-exec-2] ERROR FileManagerService:19 - org.springframework.web.servlet.FrameworkServlet.service(FrameworkServlet.java:883)
2025-10-01 20:59:31 [http-nio-8080-exec-2] ERROR FileManagerService:19 - javax.servlet.http.HttpServlet.service(HttpServlet.java:623)
2025-10-01 20:59:31 [http-nio-8080-exec-2] ERROR FileManagerService:19 - org.apache.catalina.core.ApplicationFilterChain.internalDoFilter(ApplicationFilterChain.java:209)
2025-10-01 20:59:31 [http-nio-8080-exec-2] ERROR FileManagerService:19 - org.apache.catalina.core.ApplicationFilterChain.doFilter(ApplicationFilterChain.java:153)
2025-10-01 20:59:31 [http-nio-8080-exec-2] ERROR FileManagerService:19 - org.apache.tomcat.websocket.server.WsFilter.doFilter(WsFilter.java:51)
2025-10-01 20:59:31 [http-nio-8080-exec-2] ERROR FileManagerService:19 - org.apache.catalina.core.ApplicationFilterChain.internalDoFilter(ApplicationFilterChain.java:178)
2025-10-01 20:59:31 [http-nio-8080-exec-2] ERROR FileManagerService:19 - org.apache.catalina.core.ApplicationFilterChain.doFilter(ApplicationFilterChain.java:153)
2025-10-01 20:59:31 [http-nio-8080-exec-2] ERROR FileManagerService:19 - org.springframework.web.filter.OncePerRequestFilter.doFilter(OncePerRequestFilter.java:111)
2025-10-01 20:59:31 [http-nio-8080-exec-2] ERROR FileManagerService:19 - org.apache.catalina.core.ApplicationFilterChain.internalDoFilter(ApplicationFilterChain.java:178)
2025-10-01 20:59:31 [http-nio-8080-exec-2] ERROR FileManagerService:19 - org.apache.catalina.core.ApplicationFilterChain.doFilter(ApplicationFilterChain.java:153)
2025-10-01 20:59:31 [http-nio-8080-exec-2] ERROR FileManagerService:19 - org.springframework.security.web.FilterChainProxy$VirtualFilterChain.doFilter(FilterChainProxy.java:337)
2025-10-01 20:59:31 [http-nio-8080-exec-2] ERROR FileManagerService:19 - org.springframework.security.web.access.intercept.AuthorizationFilter.doFilter(AuthorizationFilter.java:96)
2025-10-01 20:59:31 [http-nio-8080-exec-2] ERROR FileManagerService:19 - org.springframework.security.web.FilterChainProxy$VirtualFilterChain.doFilter(FilterChainProxy.java:346)
2025-10-01 20:59:31 [http-nio-8080-exec-2] ERROR FileManagerService:19 - org.springframework.security.web.access.ExceptionTranslationFilter.doFilter(ExceptionTranslationFilter.java:122)
2025-10-01 20:59:31 [http-nio-8080-exec-2] ERROR FileManagerService:19 - org.springframework.security.web.access.ExceptionTranslationFilter.doFilter(ExceptionTranslationFilter.java:116)
2025-10-01 20:59:31 [http-nio-8080-exec-2] ERROR FileManagerService:19 - org.springframework.security.web.FilterChainProxy$VirtualFilterChain.doFilter(FilterChainProxy.java:346)
2025-10-01 20:59:31 [http-nio-8080-exec-2] ERROR FileManagerService:19 - org.springframework.security.web.session.SessionManagementFilter.doFilter(SessionManagementFilter.java:126)
2025-10-01 20:59:31 [http-nio-8080-exec-2] ERROR FileManagerService:19 - org.springframework.security.web.session.SessionManagementFilter.doFilter(SessionManagementFilter.java:81)
2025-10-01 20:59:31 [http-nio-8080-exec-2] ERROR FileManagerService:19 - org.springframework.security.web.FilterChainProxy$VirtualFilterChain.doFilter(FilterChainProxy.java:346)
2025-10-01 20:59:31 [http-nio-8080-exec-2] ERROR FileManagerService:19 - org.springframework.security.web.authentication.AnonymousAuthenticationFilter.doFilter(AnonymousAuthenticationFilter.java:109)
2025-10-01 20:59:31 [http-nio-8080-exec-2] ERROR FileManagerService:19 - org.springframework.security.web.FilterChainProxy$VirtualFilterChain.doFilter(FilterChainProxy.java:346)
2025-10-01 20:59:31 [http-nio-8080-exec-2] ERROR FileManagerService:19 - org.springframework.security.web.servletapi.SecurityContextHolderAwareRequestFilter.doFilter(SecurityContextHolderAwareRequestFilter.java:149)
2025-10-01 20:59:31 [http-nio-8080-exec-2] ERROR FileManagerService:19 - org.springframework.security.web.FilterChainProxy$VirtualFilterChain.doFilter(FilterChainProxy.java:346)
2025-10-01 20:59:31 [http-nio-8080-exec-2] ERROR FileManagerService:19 - org.springframework.security.web.savedrequest.RequestCacheAwareFilter.doFilter(RequestCacheAwareFilter.java:63)
2025-10-01 20:59:31 [http-nio-8080-exec-2] ERROR FileManagerService:19 - org.springframework.security.web.FilterChainProxy$VirtualFilterChain.doFilter(FilterChainProxy.java:346)
2025-10-01 20:59:31 [http-nio-8080-exec-2] ERROR FileManagerService:19 - maas.bcap.security.JwtAuthFilter.doFilterInternal(JwtAuthFilter.java:70)
2025-10-01 20:59:31 [http-nio-8080-exec-2] ERROR FileManagerService:19 - org.springframework.web.filter.OncePerRequestFilter.doFilter(OncePerRequestFilter.java:117)
2025-10-01 20:59:31 [http-nio-8080-exec-2] ERROR FileManagerService:19 - org.springframework.security.web.FilterChainProxy$VirtualFilterChain.doFilter(FilterChainProxy.java:346)
2025-10-01 20:59:31 [http-nio-8080-exec-2] ERROR FileManagerService:19 - org.springframework.security.web.authentication.logout.LogoutFilter.doFilter(LogoutFilter.java:103)
2025-10-01 20:59:31 [http-nio-8080-exec-2] ERROR FileManagerService:19 - org.springframework.security.web.authentication.logout.LogoutFilter.doFilter(LogoutFilter.java:89)
2025-10-01 20:59:31 [http-nio-8080-exec-2] ERROR FileManagerService:19 - org.springframework.security.web.FilterChainProxy$VirtualFilterChain.doFilter(FilterChainProxy.java:346)
2025-10-01 20:59:31 [http-nio-8080-exec-2] ERROR FileManagerService:19 - org.springframework.web.filter.CorsFilter.doFilterInternal(CorsFilter.java:91)
2025-10-01 20:59:31 [http-nio-8080-exec-2] ERROR FileManagerService:19 - org.springframework.web.filter.OncePerRequestFilter.doFilter(OncePerRequestFilter.java:117)
2025-10-01 20:59:31 [http-nio-8080-exec-2] ERROR FileManagerService:19 - org.springframework.security.web.FilterChainProxy$VirtualFilterChain.doFilter(FilterChainProxy.java:346)
2025-10-01 20:59:31 [http-nio-8080-exec-2] ERROR FileManagerService:19 - org.springframework.security.web.header.HeaderWriterFilter.doHeadersAfter(HeaderWriterFilter.java:90)
2025-10-01 20:59:31 [http-nio-8080-exec-2] ERROR FileManagerService:19 - org.springframework.security.web.header.HeaderWriterFilter.doFilterInternal(HeaderWriterFilter.java:75)
2025-10-01 20:59:31 [http-nio-8080-exec-2] ERROR FileManagerService:19 - org.springframework.web.filter.OncePerRequestFilter.doFilter(OncePerRequestFilter.java:117)
2025-10-01 20:59:31 [http-nio-8080-exec-2] ERROR FileManagerService:19 - org.springframework.security.web.FilterChainProxy$VirtualFilterChain.doFilter(FilterChainProxy.java:346)
2025-10-01 20:59:31 [http-nio-8080-exec-2] ERROR FileManagerService:19 - org.springframework.security.web.context.SecurityContextPersistenceFilter.doFilter(SecurityContextPersistenceFilter.java:112)
2025-10-01 20:59:31 [http-nio-8080-exec-2] ERROR FileManagerService:19 - org.springframework.security.web.context.SecurityContextPersistenceFilter.doFilter(SecurityContextPersistenceFilter.java:82)
2025-10-01 20:59:31 [http-nio-8080-exec-2] ERROR FileManagerService:19 - org.springframework.security.web.FilterChainProxy$VirtualFilterChain.doFilter(FilterChainProxy.java:346)
2025-10-01 20:59:31 [http-nio-8080-exec-2] ERROR FileManagerService:19 - org.springframework.security.web.context.request.async.WebAsyncManagerIntegrationFilter.doFilterInternal(WebAsyncManagerIntegrationFilter.java:55)
2025-10-01 20:59:31 [http-nio-8080-exec-2] ERROR FileManagerService:19 - org.springframework.web.filter.OncePerRequestFilter.doFilter(OncePerRequestFilter.java:117)
2025-10-01 20:59:31 [http-nio-8080-exec-2] ERROR FileManagerService:19 - org.springframework.security.web.FilterChainProxy$VirtualFilterChain.doFilter(FilterChainProxy.java:346)
2025-10-01 20:59:31 [http-nio-8080-exec-2] ERROR FileManagerService:19 - org.springframework.security.web.session.DisableEncodeUrlFilter.doFilterInternal(DisableEncodeUrlFilter.java:42)
2025-10-01 20:59:31 [http-nio-8080-exec-2] ERROR FileManagerService:19 - org.springframework.web.filter.OncePerRequestFilter.doFilter(OncePerRequestFilter.java:117)
2025-10-01 20:59:31 [http-nio-8080-exec-2] ERROR FileManagerService:19 - org.springframework.security.web.FilterChainProxy$VirtualFilterChain.doFilter(FilterChainProxy.java:346)
2025-10-01 20:59:31 [http-nio-8080-exec-2] ERROR FileManagerService:19 - org.springframework.security.web.FilterChainProxy.doFilterInternal(FilterChainProxy.java:221)
2025-10-01 20:59:31 [http-nio-8080-exec-2] ERROR FileManagerService:19 - org.springframework.security.web.FilterChainProxy.doFilter(FilterChainProxy.java:186)
2025-10-01 20:59:31 [http-nio-8080-exec-2] ERROR FileManagerService:19 - org.springframework.web.filter.DelegatingFilterProxy.invokeDelegate(DelegatingFilterProxy.java:354)
2025-10-01 20:59:31 [http-nio-8080-exec-2] ERROR FileManagerService:19 - org.springframework.web.filter.DelegatingFilterProxy.doFilter(DelegatingFilterProxy.java:267)
2025-10-01 20:59:31 [http-nio-8080-exec-2] ERROR FileManagerService:19 - org.apache.catalina.core.ApplicationFilterChain.internalDoFilter(ApplicationFilterChain.java:178)
2025-10-01 20:59:31 [http-nio-8080-exec-2] ERROR FileManagerService:19 - org.apache.catalina.core.ApplicationFilterChain.doFilter(ApplicationFilterChain.java:153)
2025-10-01 20:59:31 [http-nio-8080-exec-2] ERROR FileManagerService:19 - org.springframework.web.filter.RequestContextFilter.doFilterInternal(RequestContextFilter.java:100)
2025-10-01 20:59:31 [http-nio-8080-exec-2] ERROR FileManagerService:19 - org.springframework.web.filter.OncePerRequestFilter.doFilter(OncePerRequestFilter.java:117)
2025-10-01 20:59:31 [http-nio-8080-exec-2] ERROR FileManagerService:19 - org.apache.catalina.core.ApplicationFilterChain.internalDoFilter(ApplicationFilterChain.java:178)
2025-10-01 20:59:31 [http-nio-8080-exec-2] ERROR FileManagerService:19 - org.apache.catalina.core.ApplicationFilterChain.doFilter(ApplicationFilterChain.java:153)
2025-10-01 20:59:31 [http-nio-8080-exec-2] ERROR FileManagerService:19 - org.springframework.web.filter.FormContentFilter.doFilterInternal(FormContentFilter.java:93)
2025-10-01 20:59:31 [http-nio-8080-exec-2] ERROR FileManagerService:19 - org.springframework.web.filter.OncePerRequestFilter.doFilter(OncePerRequestFilter.java:117)
2025-10-01 20:59:31 [http-nio-8080-exec-2] ERROR FileManagerService:19 - org.apache.catalina.core.ApplicationFilterChain.internalDoFilter(ApplicationFilterChain.java:178)
2025-10-01 20:59:31 [http-nio-8080-exec-2] ERROR FileManagerService:19 - org.apache.catalina.core.ApplicationFilterChain.doFilter(ApplicationFilterChain.java:153)
2025-10-01 20:59:31 [http-nio-8080-exec-2] ERROR FileManagerService:19 - org.springframework.web.filter.CharacterEncodingFilter.doFilterInternal(CharacterEncodingFilter.java:201)
2025-10-01 20:59:31 [http-nio-8080-exec-2] ERROR FileManagerService:19 - org.springframework.web.filter.OncePerRequestFilter.doFilter(OncePerRequestFilter.java:117)
2025-10-01 20:59:31 [http-nio-8080-exec-2] ERROR FileManagerService:19 - org.apache.catalina.core.ApplicationFilterChain.internalDoFilter(ApplicationFilterChain.java:178)
2025-10-01 20:59:31 [http-nio-8080-exec-2] ERROR FileManagerService:19 - org.apache.catalina.core.ApplicationFilterChain.doFilter(ApplicationFilterChain.java:153)
2025-10-01 20:59:31 [http-nio-8080-exec-2] ERROR FileManagerService:19 - org.apache.catalina.core.StandardWrapperValve.invoke(StandardWrapperValve.java:168)
2025-10-01 20:59:31 [http-nio-8080-exec-2] ERROR FileManagerService:19 - org.apache.catalina.core.StandardContextValve.invoke(StandardContextValve.java:90)
2025-10-01 20:59:31 [http-nio-8080-exec-2] ERROR FileManagerService:19 - org.apache.catalina.authenticator.AuthenticatorBase.invoke(AuthenticatorBase.java:481)
2025-10-01 20:59:31 [http-nio-8080-exec-2] ERROR FileManagerService:19 - org.apache.catalina.core.StandardHostValve.invoke(StandardHostValve.java:130)
2025-10-01 20:59:31 [http-nio-8080-exec-2] ERROR FileManagerService:19 - org.apache.catalina.valves.ErrorReportValve.invoke(ErrorReportValve.java:93)
2025-10-01 20:59:31 [http-nio-8080-exec-2] ERROR FileManagerService:19 - org.apache.catalina.core.StandardEngineValve.invoke(StandardEngineValve.java:74)
2025-10-01 20:59:31 [http-nio-8080-exec-2] ERROR FileManagerService:19 - org.apache.catalina.connector.CoyoteAdapter.service(CoyoteAdapter.java:342)
2025-10-01 20:59:31 [http-nio-8080-exec-2] ERROR FileManagerService:19 - org.apache.coyote.http11.Http11Processor.service(Http11Processor.java:390)
2025-10-01 20:59:31 [http-nio-8080-exec-2] ERROR FileManagerService:19 - org.apache.coyote.AbstractProcessorLight.process(AbstractProcessorLight.java:63)
2025-10-01 20:59:31 [http-nio-8080-exec-2] ERROR FileManagerService:19 - org.apache.coyote.AbstractProtocol$ConnectionHandler.process(AbstractProtocol.java:928)
2025-10-01 20:59:31 [http-nio-8080-exec-2] ERROR FileManagerService:19 - org.apache.tomcat.util.net.NioEndpoint$SocketProcessor.doRun(NioEndpoint.java:1794)
2025-10-01 20:59:31 [http-nio-8080-exec-2] ERROR FileManagerService:19 - org.apache.tomcat.util.net.SocketProcessorBase.run(SocketProcessorBase.java:52)
2025-10-01 20:59:31 [http-nio-8080-exec-2] ERROR FileManagerService:19 - org.apache.tomcat.util.threads.ThreadPoolExecutor.runWorker(ThreadPoolExecutor.java:1191)
2025-10-01 20:59:31 [http-nio-8080-exec-2] ERROR FileManagerService:19 - org.apache.tomcat.util.threads.ThreadPoolExecutor$Worker.run(ThreadPoolExecutor.java:659)
2025-10-01 20:59:31 [http-nio-8080-exec-2] ERROR FileManagerService:19 - org.apache.tomcat.util.threads.TaskThread$WrappingRunnable.run(TaskThread.java:61)
2025-10-01 20:59:31 [http-nio-8080-exec-2] ERROR FileManagerService:19 - java.base/java.lang.Thread.run(Thread.java:1583)
2025-10-01 20:59:31 [http-nio-8080-exec-2] ERROR [dispatcherServlet]:175 - Servlet.service() for servlet [dispatcherServlet] in context with path [] threw exception [Request processing failed; nested exception is java.lang.IllegalAccessException: module java.base does not open java.util to unnamed module @5fcd892a] with root cause
java.lang.IllegalAccessException: module java.base does not open java.util to unnamed module @5fcd892a
	at java.lang.invoke.MethodHandles.privateLookupIn(MethodHandles.java:287) ~[?:?]
	at mti.com.telegram.util.TelegramUtil.getPacketSize(TelegramUtil.java:333) ~[classes/:?]
	at mti.com.telegram.util.TelegramUtil.getPacketSize(TelegramUtil.java:375) ~[classes/:?]
	at mti.com.telegram.util.TelegramUtil.getPacketSize(TelegramUtil.java:389) ~[classes/:?]
	at mti.com.telegram.util.TelegramUtil.getPacketSize(TelegramUtil.java:389) ~[classes/:?]
	at mti.com.telegram.mapping.ByteEncoder.convertObjectToBytes(ByteEncoder.java:32) ~[classes/:?]
	at mti.com.telegram.util.InterfaceTelegram.interfaceTuxedo(InterfaceTelegram.java:26) ~[classes/:?]
	at maas.bcap.common.ServiceSupport.tuxedoTransaction(ServiceSupport.java:63) ~[classes/:?]
	at maas.bcap.service.FileManagerService.interfaceTuxedo(FileManagerService.java:81) ~[classes/:?]
	at maas.bcap.service.FileManagerService.saveFilesToDevonC(FileManagerService.java:34) ~[classes/:?]
	at maas.bcap.service.FileUploadService.registerNewFiles(FileUploadService.java:136) ~[classes/:?]
	at maas.bcap.service.FileUploadService.upload(FileUploadService.java:77) ~[classes/:?]
	at maas.bcap.controller.FileManagerController.upload(FileManagerController.java:47) ~[classes/:?]
	at jdk.internal.reflect.DirectMethodHandleAccessor.invoke(DirectMethodHandleAccessor.java:103) ~[?:?]
	at java.lang.reflect.Method.invoke(Method.java:580) ~[?:?]
	at org.springframework.web.method.support.InvocableHandlerMethod.doInvoke(InvocableHandlerMethod.java:205) ~[spring-web-5.3.31.jar:5.3.31]
	at org.springframework.web.method.support.InvocableHandlerMethod.invokeForRequest(InvocableHandlerMethod.java:150) ~[spring-web-5.3.31.jar:5.3.31]
	at org.springframework.web.servlet.mvc.method.annotation.ServletInvocableHandlerMethod.invokeAndHandle(ServletInvocableHandlerMethod.java:117) ~[spring-webmvc-5.3.31.jar:5.3.31]
	at org.springframework.web.servlet.mvc.method.annotation.RequestMappingHandlerAdapter.invokeHandlerMethod(RequestMappingHandlerAdapter.java:895) ~[spring-webmvc-5.3.31.jar:5.3.31]
	at org.springframework.web.servlet.mvc.method.annotation.RequestMappingHandlerAdapter.handleInternal(RequestMappingHandlerAdapter.java:808) ~[spring-webmvc-5.3.31.jar:5.3.31]
	at org.springframework.web.servlet.mvc.method.AbstractHandlerMethodAdapter.handle(AbstractHandlerMethodAdapter.java:87) ~[spring-webmvc-5.3.31.jar:5.3.31]
	at org.springframework.web.servlet.DispatcherServlet.doDispatch(DispatcherServlet.java:1072) ~[spring-webmvc-5.3.31.jar:5.3.31]
	at org.springframework.web.servlet.DispatcherServlet.doService(DispatcherServlet.java:965) ~[spring-webmvc-5.3.31.jar:5.3.31]
	at org.springframework.web.servlet.FrameworkServlet.processRequest(FrameworkServlet.java:1006) ~[spring-webmvc-5.3.31.jar:5.3.31]
	at org.springframework.web.servlet.FrameworkServlet.doPost(FrameworkServlet.java:909) ~[spring-webmvc-5.3.31.jar:5.3.31]
	at javax.servlet.http.HttpServlet.service(HttpServlet.java:555) ~[tomcat-embed-core-9.0.83.jar:4.0.FR]
	at org.springframework.web.servlet.FrameworkServlet.service(FrameworkServlet.java:883) ~[spring-webmvc-5.3.31.jar:5.3.31]
	at javax.servlet.http.HttpServlet.service(HttpServlet.java:623) ~[tomcat-embed-core-9.0.83.jar:4.0.FR]
	at org.apache.catalina.core.ApplicationFilterChain.internalDoFilter(ApplicationFilterChain.java:209) ~[tomcat-embed-core-9.0.83.jar:9.0.83]
	at org.apache.catalina.core.ApplicationFilterChain.doFilter(ApplicationFilterChain.java:153) ~[tomcat-embed-core-9.0.83.jar:9.0.83]
	at org.apache.tomcat.websocket.server.WsFilter.doFilter(WsFilter.java:51) ~[tomcat-embed-websocket-9.0.83.jar:9.0.83]
	at org.apache.catalina.core.ApplicationFilterChain.internalDoFilter(ApplicationFilterChain.java:178) ~[tomcat-embed-core-9.0.83.jar:9.0.83]
	at org.apache.catalina.core.ApplicationFilterChain.doFilter(ApplicationFilterChain.java:153) ~[tomcat-embed-core-9.0.83.jar:9.0.83]
	at org.springframework.web.filter.OncePerRequestFilter.doFilter(OncePerRequestFilter.java:111) ~[spring-web-5.3.31.jar:5.3.31]
	at org.apache.catalina.core.ApplicationFilterChain.internalDoFilter(ApplicationFilterChain.java:178) ~[tomcat-embed-core-9.0.83.jar:9.0.83]
	at org.apache.catalina.core.ApplicationFilterChain.doFilter(ApplicationFilterChain.java:153) ~[tomcat-embed-core-9.0.83.jar:9.0.83]
	at org.springframework.security.web.FilterChainProxy$VirtualFilterChain.doFilter(FilterChainProxy.java:337) ~[spring-security-web-5.7.11.jar:5.7.11]
	at org.springframework.security.web.access.intercept.AuthorizationFilter.doFilter(AuthorizationFilter.java:96) ~[spring-security-web-5.7.11.jar:5.7.11]
	at org.springframework.security.web.FilterChainProxy$VirtualFilterChain.doFilter(FilterChainProxy.java:346) ~[spring-security-web-5.7.11.jar:5.7.11]
	at org.springframework.security.web.access.ExceptionTranslationFilter.doFilter(ExceptionTranslationFilter.java:122) ~[spring-security-web-5.7.11.jar:5.7.11]
	at org.springframework.security.web.access.ExceptionTranslationFilter.doFilter(ExceptionTranslationFilter.java:116) ~[spring-security-web-5.7.11.jar:5.7.11]
	at org.springframework.security.web.FilterChainProxy$VirtualFilterChain.doFilter(FilterChainProxy.java:346) ~[spring-security-web-5.7.11.jar:5.7.11]
	at org.springframework.security.web.session.SessionManagementFilter.doFilter(SessionManagementFilter.java:126) ~[spring-security-web-5.7.11.jar:5.7.11]
	at org.springframework.security.web.session.SessionManagementFilter.doFilter(SessionManagementFilter.java:81) ~[spring-security-web-5.7.11.jar:5.7.11]
	at org.springframework.security.web.FilterChainProxy$VirtualFilterChain.doFilter(FilterChainProxy.java:346) ~[spring-security-web-5.7.11.jar:5.7.11]
	at org.springframework.security.web.authentication.AnonymousAuthenticationFilter.doFilter(AnonymousAuthenticationFilter.java:109) ~[spring-security-web-5.7.11.jar:5.7.11]
	at org.springframework.security.web.FilterChainProxy$VirtualFilterChain.doFilter(FilterChainProxy.java:346) ~[spring-security-web-5.7.11.jar:5.7.11]
	at org.springframework.security.web.servletapi.SecurityContextHolderAwareRequestFilter.doFilter(SecurityContextHolderAwareRequestFilter.java:149) ~[spring-security-web-5.7.11.jar:5.7.11]
	at org.springframework.security.web.FilterChainProxy$VirtualFilterChain.doFilter(FilterChainProxy.java:346) ~[spring-security-web-5.7.11.jar:5.7.11]
	at org.springframework.security.web.savedrequest.RequestCacheAwareFilter.doFilter(RequestCacheAwareFilter.java:63) ~[spring-security-web-5.7.11.jar:5.7.11]
	at org.springframework.security.web.FilterChainProxy$VirtualFilterChain.doFilter(FilterChainProxy.java:346) ~[spring-security-web-5.7.11.jar:5.7.11]
	at maas.bcap.security.JwtAuthFilter.doFilterInternal(JwtAuthFilter.java:70) ~[classes/:?]
	at org.springframework.web.filter.OncePerRequestFilter.doFilter(OncePerRequestFilter.java:117) ~[spring-web-5.3.31.jar:5.3.31]
	at org.springframework.security.web.FilterChainProxy$VirtualFilterChain.doFilter(FilterChainProxy.java:346) ~[spring-security-web-5.7.11.jar:5.7.11]
	at org.springframework.security.web.authentication.logout.LogoutFilter.doFilter(LogoutFilter.java:103) ~[spring-security-web-5.7.11.jar:5.7.11]
	at org.springframework.security.web.authentication.logout.LogoutFilter.doFilter(LogoutFilter.java:89) ~[spring-security-web-5.7.11.jar:5.7.11]
	at org.springframework.security.web.FilterChainProxy$VirtualFilterChain.doFilter(FilterChainProxy.java:346) ~[spring-security-web-5.7.11.jar:5.7.11]
	at org.springframework.web.filter.CorsFilter.doFilterInternal(CorsFilter.java:91) ~[spring-web-5.3.31.jar:5.3.31]
	at org.springframework.web.filter.OncePerRequestFilter.doFilter(OncePerRequestFilter.java:117) ~[spring-web-5.3.31.jar:5.3.31]
	at org.springframework.security.web.FilterChainProxy$VirtualFilterChain.doFilter(FilterChainProxy.java:346) ~[spring-security-web-5.7.11.jar:5.7.11]
	at org.springframework.security.web.header.HeaderWriterFilter.doHeadersAfter(HeaderWriterFilter.java:90) ~[spring-security-web-5.7.11.jar:5.7.11]
	at org.springframework.security.web.header.HeaderWriterFilter.doFilterInternal(HeaderWriterFilter.java:75) ~[spring-security-web-5.7.11.jar:5.7.11]
	at org.springframework.web.filter.OncePerRequestFilter.doFilter(OncePerRequestFilter.java:117) ~[spring-web-5.3.31.jar:5.3.31]
	at org.springframework.security.web.FilterChainProxy$VirtualFilterChain.doFilter(FilterChainProxy.java:346) ~[spring-security-web-5.7.11.jar:5.7.11]
	at org.springframework.security.web.context.SecurityContextPersistenceFilter.doFilter(SecurityContextPersistenceFilter.java:112) ~[spring-security-web-5.7.11.jar:5.7.11]
	at org.springframework.security.web.context.SecurityContextPersistenceFilter.doFilter(SecurityContextPersistenceFilter.java:82) ~[spring-security-web-5.7.11.jar:5.7.11]
	at org.springframework.security.web.FilterChainProxy$VirtualFilterChain.doFilter(FilterChainProxy.java:346) ~[spring-security-web-5.7.11.jar:5.7.11]
	at org.springframework.security.web.context.request.async.WebAsyncManagerIntegrationFilter.doFilterInternal(WebAsyncManagerIntegrationFilter.java:55) ~[spring-security-web-5.7.11.jar:5.7.11]
	at org.springframework.web.filter.OncePerRequestFilter.doFilter(OncePerRequestFilter.java:117) ~[spring-web-5.3.31.jar:5.3.31]
	at org.springframework.security.web.FilterChainProxy$VirtualFilterChain.doFilter(FilterChainProxy.java:346) ~[spring-security-web-5.7.11.jar:5.7.11]
	at org.springframework.security.web.session.DisableEncodeUrlFilter.doFilterInternal(DisableEncodeUrlFilter.java:42) ~[spring-security-web-5.7.11.jar:5.7.11]
	at org.springframework.web.filter.OncePerRequestFilter.doFilter(OncePerRequestFilter.java:117) ~[spring-web-5.3.31.jar:5.3.31]
	at org.springframework.security.web.FilterChainProxy$VirtualFilterChain.doFilter(FilterChainProxy.java:346) ~[spring-security-web-5.7.11.jar:5.7.11]
	at org.springframework.security.web.FilterChainProxy.doFilterInternal(FilterChainProxy.java:221) ~[spring-security-web-5.7.11.jar:5.7.11]
	at org.springframework.security.web.FilterChainProxy.doFilter(FilterChainProxy.java:186) ~[spring-security-web-5.7.11.jar:5.7.11]
	at org.springframework.web.filter.DelegatingFilterProxy.invokeDelegate(DelegatingFilterProxy.java:354) ~[spring-web-5.3.31.jar:5.3.31]
	at org.springframework.web.filter.DelegatingFilterProxy.doFilter(DelegatingFilterProxy.java:267) ~[spring-web-5.3.31.jar:5.3.31]
	at org.apache.catalina.core.ApplicationFilterChain.internalDoFilter(ApplicationFilterChain.java:178) ~[tomcat-embed-core-9.0.83.jar:9.0.83]
	at org.apache.catalina.core.ApplicationFilterChain.doFilter(ApplicationFilterChain.java:153) ~[tomcat-embed-core-9.0.83.jar:9.0.83]
	at org.springframework.web.filter.RequestContextFilter.doFilterInternal(RequestContextFilter.java:100) ~[spring-web-5.3.31.jar:5.3.31]
	at org.springframework.web.filter.OncePerRequestFilter.doFilter(OncePerRequestFilter.java:117) ~[spring-web-5.3.31.jar:5.3.31]
	at org.apache.catalina.core.ApplicationFilterChain.internalDoFilter(ApplicationFilterChain.java:178) ~[tomcat-embed-core-9.0.83.jar:9.0.83]
	at org.apache.catalina.core.ApplicationFilterChain.doFilter(ApplicationFilterChain.java:153) ~[tomcat-embed-core-9.0.83.jar:9.0.83]
	at org.springframework.web.filter.FormContentFilter.doFilterInternal(FormContentFilter.java:93) ~[spring-web-5.3.31.jar:5.3.31]
	at org.springframework.web.filter.OncePerRequestFilter.doFilter(OncePerRequestFilter.java:117) ~[spring-web-5.3.31.jar:5.3.31]
	at org.apache.catalina.core.ApplicationFilterChain.internalDoFilter(ApplicationFilterChain.java:178) ~[tomcat-embed-core-9.0.83.jar:9.0.83]
	at org.apache.catalina.core.ApplicationFilterChain.doFilter(ApplicationFilterChain.java:153) ~[tomcat-embed-core-9.0.83.jar:9.0.83]
	at org.springframework.web.filter.CharacterEncodingFilter.doFilterInternal(CharacterEncodingFilter.java:201) ~[spring-web-5.3.31.jar:5.3.31]
	at org.springframework.web.filter.OncePerRequestFilter.doFilter(OncePerRequestFilter.java:117) ~[spring-web-5.3.31.jar:5.3.31]
	at org.apache.catalina.core.ApplicationFilterChain.internalDoFilter(ApplicationFilterChain.java:178) ~[tomcat-embed-core-9.0.83.jar:9.0.83]
	at org.apache.catalina.core.ApplicationFilterChain.doFilter(ApplicationFilterChain.java:153) ~[tomcat-embed-core-9.0.83.jar:9.0.83]
	at org.apache.catalina.core.StandardWrapperValve.invoke(StandardWrapperValve.java:168) ~[tomcat-embed-core-9.0.83.jar:9.0.83]
	at org.apache.catalina.core.StandardContextValve.invoke(StandardContextValve.java:90) ~[tomcat-embed-core-9.0.83.jar:9.0.83]
	at org.apache.catalina.authenticator.AuthenticatorBase.invoke(AuthenticatorBase.java:481) ~[tomcat-embed-core-9.0.83.jar:9.0.83]
	at org.apache.catalina.core.StandardHostValve.invoke(StandardHostValve.java:130) ~[tomcat-embed-core-9.0.83.jar:9.0.83]
	at org.apache.catalina.valves.ErrorReportValve.invoke(ErrorReportValve.java:93) ~[tomcat-embed-core-9.0.83.jar:9.0.83]
	at org.apache.catalina.core.StandardEngineValve.invoke(StandardEngineValve.java:74) ~[tomcat-embed-core-9.0.83.jar:9.0.83]
	at org.apache.catalina.connector.CoyoteAdapter.service(CoyoteAdapter.java:342) ~[tomcat-embed-core-9.0.83.jar:9.0.83]
	at org.apache.coyote.http11.Http11Processor.service(Http11Processor.java:390) ~[tomcat-embed-core-9.0.83.jar:9.0.83]
	at org.apache.coyote.AbstractProcessorLight.process(AbstractProcessorLight.java:63) ~[tomcat-embed-core-9.0.83.jar:9.0.83]
	at org.apache.coyote.AbstractProtocol$ConnectionHandler.process(AbstractProtocol.java:928) ~[tomcat-embed-core-9.0.83.jar:9.0.83]
	at org.apache.tomcat.util.net.NioEndpoint$SocketProcessor.doRun(NioEndpoint.java:1794) ~[tomcat-embed-core-9.0.83.jar:9.0.83]
	at org.apache.tomcat.util.net.SocketProcessorBase.run(SocketProcessorBase.java:52) ~[tomcat-embed-core-9.0.83.jar:9.0.83]
	at org.apache.tomcat.util.threads.ThreadPoolExecutor.runWorker(ThreadPoolExecutor.java:1191) ~[tomcat-embed-core-9.0.83.jar:9.0.83]
	at org.apache.tomcat.util.threads.ThreadPoolExecutor$Worker.run(ThreadPoolExecutor.java:659) ~[tomcat-embed-core-9.0.83.jar:9.0.83]
	at org.apache.tomcat.util.threads.TaskThread$WrappingRunnable.run(TaskThread.java:61) ~[tomcat-embed-core-9.0.83.jar:9.0.83]
	at java.lang.Thread.run(Thread.java:1583) ~[?:?]
