2024-11-13 14:45:16 [main] INFO  BcapApplication:50 - Starting BcapApplication using Java 21.0.3 with PID 24432 (E:\LeWork\OracleTuxedo\bcap-be\target\classes started by drucc in E:\LeWork\OracleTuxedo\bcap-be)
2024-11-13 14:45:16 [main] DEBUG BcapApplication:51 - Running with Spring Boot v3.3.4, Spring v6.1.13
2024-11-13 14:45:16 [main] INFO  BcapApplication:654 - No active profile set, falling back to 1 default profile: "default"
2024-11-13 14:45:16 [main] DEBUG SpringApplication:687 - Loading source class maas.bcap.BcapApplication
2024-11-13 14:45:16 [main] DEBUG AnnotationConfigServletWebServerApplicationContext:672 - Refreshing org.springframework.boot.web.servlet.context.AnnotationConfigServletWebServerApplicationContext@6ca0256d
2024-11-13 14:45:16 [main] DEBUG DefaultListableBeanFactory:225 - Creating shared instance of singleton bean 'org.springframework.context.annotation.internalConfigurationAnnotationProcessor'
2024-11-13 14:45:16 [main] DEBUG DefaultListableBeanFactory:225 - Creating shared instance of singleton bean 'org.springframework.boot.autoconfigure.internalCachingMetadataReaderFactory'
2024-11-13 14:45:16 [main] DEBUG ClassPathBeanDefinitionScanner:476 - Identified candidate component class: file [E:\LeWork\OracleTuxedo\bcap-be\target\classes\maas\bcap\common\ServiceSupport.class]
2024-11-13 14:45:16 [main] DEBUG ClassPathBeanDefinitionScanner:476 - Identified candidate component class: file [E:\LeWork\OracleTuxedo\bcap-be\target\classes\maas\bcap\configuration\WebConfig.class]
2024-11-13 14:45:16 [main] DEBUG ClassPathBeanDefinitionScanner:476 - Identified candidate component class: file [E:\LeWork\OracleTuxedo\bcap-be\target\classes\maas\bcap\controller\AuthController.class]
2024-11-13 14:45:16 [main] DEBUG ClassPathBeanDefinitionScanner:476 - Identified candidate component class: file [E:\LeWork\OracleTuxedo\bcap-be\target\classes\maas\bcap\controller\ExampleController.class]
2024-11-13 14:45:16 [main] DEBUG ClassPathBeanDefinitionScanner:476 - Identified candidate component class: file [E:\LeWork\OracleTuxedo\bcap-be\target\classes\maas\bcap\controller\MessageController.class]
2024-11-13 14:45:16 [main] DEBUG ClassPathBeanDefinitionScanner:476 - Identified candidate component class: file [E:\LeWork\OracleTuxedo\bcap-be\target\classes\maas\bcap\module\ac\ac01\SAC01F995R.class]
2024-11-13 14:45:16 [main] DEBUG ClassPathBeanDefinitionScanner:476 - Identified candidate component class: file [E:\LeWork\OracleTuxedo\bcap-be\target\classes\maas\bcap\module\ac\ac02\sac02f452r\SAC02F452R.class]
2024-11-13 14:45:16 [main] DEBUG ClassPathBeanDefinitionScanner:476 - Identified candidate component class: file [E:\LeWork\OracleTuxedo\bcap-be\target\classes\maas\bcap\module\ac\ac02\sac02f531u\SAC02F531U.class]
2024-11-13 14:45:16 [main] DEBUG ClassPathBeanDefinitionScanner:476 - Identified candidate component class: file [E:\LeWork\OracleTuxedo\bcap-be\target\classes\maas\bcap\module\ac\ac04\sac04v125r\SAC04V125R.class]
2024-11-13 14:45:16 [main] DEBUG ClassPathBeanDefinitionScanner:476 - Identified candidate component class: file [E:\LeWork\OracleTuxedo\bcap-be\target\classes\maas\bcap\module\ac\ac04\sac04v126r\SAC04V126R.class]
2024-11-13 14:45:16 [main] DEBUG ClassPathBeanDefinitionScanner:476 - Identified candidate component class: file [E:\LeWork\OracleTuxedo\bcap-be\target\classes\maas\bcap\module\ac\ac04\sac04v127u\SAC04V127U.class]
2024-11-13 14:45:16 [main] DEBUG ClassPathBeanDefinitionScanner:476 - Identified candidate component class: file [E:\LeWork\OracleTuxedo\bcap-be\target\classes\maas\bcap\module\ac\ac04\sac04v227u\SAC04V227U.class]
2024-11-13 14:45:16 [main] DEBUG ClassPathBeanDefinitionScanner:476 - Identified candidate component class: file [E:\LeWork\OracleTuxedo\bcap-be\target\classes\maas\bcap\module\ac\ac04\sac04v228r\SAC04V228R.class]
2024-11-13 14:45:17 [main] DEBUG ClassPathBeanDefinitionScanner:476 - Identified candidate component class: file [E:\LeWork\OracleTuxedo\bcap-be\target\classes\maas\bcap\module\ac\ac06\sac06f244r\SAC06F244R.class]
2024-11-13 14:45:17 [main] DEBUG ClassPathBeanDefinitionScanner:476 - Identified candidate component class: file [E:\LeWork\OracleTuxedo\bcap-be\target\classes\maas\bcap\module\ac\ac06\sac06f245r\SAC06F245R.class]
2024-11-13 14:45:17 [main] DEBUG ClassPathBeanDefinitionScanner:476 - Identified candidate component class: file [E:\LeWork\OracleTuxedo\bcap-be\target\classes\maas\bcap\module\ac\ac06\sac06v610r\SAC06V610R.class]
2024-11-13 14:45:17 [main] DEBUG ClassPathBeanDefinitionScanner:476 - Identified candidate component class: file [E:\LeWork\OracleTuxedo\bcap-be\target\classes\maas\bcap\module\az\az01\saz01f111r\SAZ01F111R.class]
2024-11-13 14:45:17 [main] DEBUG ClassPathBeanDefinitionScanner:476 - Identified candidate component class: file [E:\LeWork\OracleTuxedo\bcap-be\target\classes\maas\bcap\module\az\az01\saz01f112r\SAZ01F112R.class]
2024-11-13 14:45:17 [main] DEBUG ClassPathBeanDefinitionScanner:476 - Identified candidate component class: file [E:\LeWork\OracleTuxedo\bcap-be\target\classes\maas\bcap\module\az\az01\saz01f121r\SAZ01F121R.class]
2024-11-13 14:45:17 [main] DEBUG ClassPathBeanDefinitionScanner:476 - Identified candidate component class: file [E:\LeWork\OracleTuxedo\bcap-be\target\classes\maas\bcap\module\az\az01\saz01f122r\SAZ01F122R.class]
2024-11-13 14:45:17 [main] DEBUG ClassPathBeanDefinitionScanner:476 - Identified candidate component class: file [E:\LeWork\OracleTuxedo\bcap-be\target\classes\maas\bcap\module\az\az01\saz01f123r\SAZ01F123R.class]
2024-11-13 14:45:17 [main] DEBUG ClassPathBeanDefinitionScanner:476 - Identified candidate component class: file [E:\LeWork\OracleTuxedo\bcap-be\target\classes\maas\bcap\module\az\az02\saz02f110r\SAZ02F110R.class]
2024-11-13 14:45:17 [main] DEBUG ClassPathBeanDefinitionScanner:476 - Identified candidate component class: file [E:\LeWork\OracleTuxedo\bcap-be\target\classes\maas\bcap\module\az\az02\saz02f112r\SAZ02F112R.class]
2024-11-13 14:45:17 [main] DEBUG ClassPathBeanDefinitionScanner:476 - Identified candidate component class: file [E:\LeWork\OracleTuxedo\bcap-be\target\classes\maas\bcap\module\az\az02\saz02f113r\SAZ02F113R.class]
2024-11-13 14:45:17 [main] DEBUG ClassPathBeanDefinitionScanner:476 - Identified candidate component class: file [E:\LeWork\OracleTuxedo\bcap-be\target\classes\maas\bcap\module\az\az02\saz02f114r\SAZ02F114R.class]
2024-11-13 14:45:17 [main] DEBUG ClassPathBeanDefinitionScanner:476 - Identified candidate component class: file [E:\LeWork\OracleTuxedo\bcap-be\target\classes\maas\bcap\module\az\az02\saz02f116r\SAZ02F116R.class]
2024-11-13 14:45:17 [main] DEBUG ClassPathBeanDefinitionScanner:476 - Identified candidate component class: file [E:\LeWork\OracleTuxedo\bcap-be\target\classes\maas\bcap\module\az\az02\saz02f120r\SAZ02F120R.class]
2024-11-13 14:45:17 [main] DEBUG ClassPathBeanDefinitionScanner:476 - Identified candidate component class: file [E:\LeWork\OracleTuxedo\bcap-be\target\classes\maas\bcap\module\az\az02\saz02f123r\SAZ02F123R.class]
2024-11-13 14:45:17 [main] DEBUG ClassPathBeanDefinitionScanner:476 - Identified candidate component class: file [E:\LeWork\OracleTuxedo\bcap-be\target\classes\maas\bcap\module\az\az02\saz02f132r\SAZ02F132R.class]
2024-11-13 14:45:17 [main] DEBUG ClassPathBeanDefinitionScanner:476 - Identified candidate component class: file [E:\LeWork\OracleTuxedo\bcap-be\target\classes\maas\bcap\module\az\az02\saz02f172r\SAZ02F172R.class]
2024-11-13 14:45:17 [main] DEBUG ClassPathBeanDefinitionScanner:476 - Identified candidate component class: file [E:\LeWork\OracleTuxedo\bcap-be\target\classes\maas\bcap\module\az\az02\saz02f173r\SAZ02F173R.class]
2024-11-13 14:45:17 [main] DEBUG ClassPathBeanDefinitionScanner:476 - Identified candidate component class: file [E:\LeWork\OracleTuxedo\bcap-be\target\classes\maas\bcap\module\az\az02\saz02f175r\SAZ02F175R.class]
2024-11-13 14:45:17 [main] DEBUG ClassPathBeanDefinitionScanner:476 - Identified candidate component class: file [E:\LeWork\OracleTuxedo\bcap-be\target\classes\maas\bcap\module\az\az02\saz02f176r\SAZ02F176R.class]
2024-11-13 14:45:17 [main] DEBUG ClassPathBeanDefinitionScanner:476 - Identified candidate component class: file [E:\LeWork\OracleTuxedo\bcap-be\target\classes\maas\bcap\module\az\az03\saz03f010r\SAZ03F010R.class]
2024-11-13 14:45:17 [main] DEBUG ClassPathBeanDefinitionScanner:476 - Identified candidate component class: file [E:\LeWork\OracleTuxedo\bcap-be\target\classes\maas\bcap\module\az\az03\saz03v701u\SAZ03V701U.class]
2024-11-13 14:45:17 [main] DEBUG ClassPathBeanDefinitionScanner:476 - Identified candidate component class: file [E:\LeWork\OracleTuxedo\bcap-be\target\classes\maas\bcap\module\az\az05\saz05f030r\SAZ05F030R.class]
2024-11-13 14:45:17 [main] DEBUG ClassPathBeanDefinitionScanner:476 - Identified candidate component class: file [E:\LeWork\OracleTuxedo\bcap-be\target\classes\maas\bcap\module\ed\ed03\sed03f075r\SED03F075R.class]
2024-11-13 14:45:17 [main] DEBUG ClassPathBeanDefinitionScanner:476 - Identified candidate component class: file [E:\LeWork\OracleTuxedo\bcap-be\target\classes\maas\bcap\module\ed\ed03\sed03f107r\SED03F107R.class]
2024-11-13 14:45:17 [main] DEBUG ClassPathBeanDefinitionScanner:476 - Identified candidate component class: file [E:\LeWork\OracleTuxedo\bcap-be\target\classes\maas\bcap\module\ed\ed05\sed05f480r\SED05F480R.class]
2024-11-13 14:45:17 [main] DEBUG ClassPathBeanDefinitionScanner:476 - Identified candidate component class: file [E:\LeWork\OracleTuxedo\bcap-be\target\classes\maas\bcap\module\mc\mc02\smc02f042r\SMC02F042R.class]
2024-11-13 14:45:17 [main] DEBUG ClassPathBeanDefinitionScanner:476 - Identified candidate component class: file [E:\LeWork\OracleTuxedo\bcap-be\target\classes\maas\bcap\module\mc\mc02\smc02v051u\SMC02V051U.class]
2024-11-13 14:45:17 [main] DEBUG ClassPathBeanDefinitionScanner:476 - Identified candidate component class: file [E:\LeWork\OracleTuxedo\bcap-be\target\classes\maas\bcap\module\mc\mc05\smc05f111r\SMC05F111R.class]
2024-11-13 14:45:17 [main] DEBUG ClassPathBeanDefinitionScanner:476 - Identified candidate component class: file [E:\LeWork\OracleTuxedo\bcap-be\target\classes\maas\bcap\module\mc\mc05\smc05f112r\SMC05F112R.class]
2024-11-13 14:45:17 [main] DEBUG ClassPathBeanDefinitionScanner:476 - Identified candidate component class: file [E:\LeWork\OracleTuxedo\bcap-be\target\classes\maas\bcap\module\mc\mc05\smc05f216r\SMC05F216R.class]
2024-11-13 14:45:17 [main] DEBUG ClassPathBeanDefinitionScanner:476 - Identified candidate component class: file [E:\LeWork\OracleTuxedo\bcap-be\target\classes\maas\bcap\module\mc\mc07\smc07v005r\SMC07V005R.class]
2024-11-13 14:45:17 [main] DEBUG ClassPathBeanDefinitionScanner:476 - Identified candidate component class: file [E:\LeWork\OracleTuxedo\bcap-be\target\classes\maas\bcap\module\mc\mc15\smc15v016u\SMC15V016U.class]
2024-11-13 14:45:17 [main] DEBUG ClassPathBeanDefinitionScanner:476 - Identified candidate component class: file [E:\LeWork\OracleTuxedo\bcap-be\target\classes\maas\bcap\module\mc\mc15\smc15v018u\SMC15V018U.class]
2024-11-13 14:45:17 [main] DEBUG ClassPathBeanDefinitionScanner:476 - Identified candidate component class: file [E:\LeWork\OracleTuxedo\bcap-be\target\classes\maas\bcap\module\mt\mt01\smt01f009c\SMT01F009C.class]
2024-11-13 14:45:17 [main] DEBUG ClassPathBeanDefinitionScanner:476 - Identified candidate component class: file [E:\LeWork\OracleTuxedo\bcap-be\target\classes\maas\bcap\module\mt\mt02\smt02f002c\SMT02F002C.class]
2024-11-13 14:45:17 [main] DEBUG ClassPathBeanDefinitionScanner:476 - Identified candidate component class: file [E:\LeWork\OracleTuxedo\bcap-be\target\classes\maas\bcap\module\mt\mt02\smt02f003u\SMT02F003U.class]
2024-11-13 14:45:17 [main] DEBUG ClassPathBeanDefinitionScanner:476 - Identified candidate component class: file [E:\LeWork\OracleTuxedo\bcap-be\target\classes\maas\bcap\module\mt\mt03\smt03f010r\SMT03F010R.class]
2024-11-13 14:45:17 [main] DEBUG ClassPathBeanDefinitionScanner:476 - Identified candidate component class: file [E:\LeWork\OracleTuxedo\bcap-be\target\classes\maas\bcap\module\mt\mt03\smt03f080r\SMT03F080R.class]
2024-11-13 14:45:17 [main] DEBUG ClassPathBeanDefinitionScanner:476 - Identified candidate component class: file [E:\LeWork\OracleTuxedo\bcap-be\target\classes\maas\bcap\service\AuthService.class]
2024-11-13 14:45:17 [main] DEBUG ClassPathBeanDefinitionScanner:476 - Identified candidate component class: file [E:\LeWork\OracleTuxedo\bcap-be\target\classes\maas\bcap\service\ExampleService.class]
2024-11-13 14:45:17 [main] DEBUG ClassPathBeanDefinitionScanner:476 - Identified candidate component class: file [E:\LeWork\OracleTuxedo\bcap-be\target\classes\maas\bcap\service\MessageService.class]
2024-11-13 14:45:17 [main] DEBUG DefaultListableBeanFactory:225 - Creating shared instance of singleton bean 'propertySourcesPlaceholderConfigurer'
2024-11-13 14:45:18 [main] DEBUG DefaultListableBeanFactory:225 - Creating shared instance of singleton bean 'org.springframework.boot.sql.init.dependency.DatabaseInitializationDependencyConfigurer$DependsOnDatabaseInitializationPostProcessor'
2024-11-13 14:45:18 [main] DEBUG DefaultListableBeanFactory:225 - Creating shared instance of singleton bean 'org.springframework.context.event.internalEventListenerProcessor'
2024-11-13 14:45:18 [main] DEBUG DefaultListableBeanFactory:225 - Creating shared instance of singleton bean 'preserveErrorControllerTargetClassPostProcessor'
2024-11-13 14:45:18 [main] DEBUG DefaultListableBeanFactory:225 - Creating shared instance of singleton bean 'forceAutoProxyCreatorToUseClassProxying'
2024-11-13 14:45:18 [main] DEBUG DefaultListableBeanFactory:225 - Creating shared instance of singleton bean 'org.springframework.context.event.internalEventListenerFactory'
2024-11-13 14:45:18 [main] DEBUG DefaultListableBeanFactory:225 - Creating shared instance of singleton bean 'org.springframework.context.annotation.internalAutowiredAnnotationProcessor'
2024-11-13 14:45:18 [main] DEBUG DefaultListableBeanFactory:225 - Creating shared instance of singleton bean 'org.springframework.context.annotation.internalCommonAnnotationProcessor'
2024-11-13 14:45:18 [main] DEBUG DefaultListableBeanFactory:225 - Creating shared instance of singleton bean 'org.springframework.boot.context.properties.ConfigurationPropertiesBindingPostProcessor'
2024-11-13 14:45:18 [main] DEBUG DefaultListableBeanFactory:225 - Creating shared instance of singleton bean 'org.springframework.boot.context.internalConfigurationPropertiesBinder'
2024-11-13 14:45:18 [main] DEBUG DefaultListableBeanFactory:225 - Creating shared instance of singleton bean 'org.springframework.aop.config.internalAutoProxyCreator'
2024-11-13 14:45:18 [main] DEBUG DefaultListableBeanFactory:225 - Creating shared instance of singleton bean 'webServerFactoryCustomizerBeanPostProcessor'
2024-11-13 14:45:18 [main] DEBUG DefaultListableBeanFactory:225 - Creating shared instance of singleton bean 'errorPageRegistrarBeanPostProcessor'
2024-11-13 14:45:18 [main] DEBUG UiApplicationContextUtils:86 - Unable to locate ThemeSource with name 'themeSource': using default [org.springframework.ui.context.support.ResourceBundleThemeSource@20134094]
2024-11-13 14:45:18 [main] DEBUG DefaultListableBeanFactory:225 - Creating shared instance of singleton bean 'tomcatServletWebServerFactory'
2024-11-13 14:45:18 [main] DEBUG DefaultListableBeanFactory:225 - Creating shared instance of singleton bean 'org.springframework.boot.autoconfigure.web.servlet.ServletWebServerFactoryConfiguration$EmbeddedTomcat'
2024-11-13 14:45:18 [main] DEBUG DefaultListableBeanFactory:225 - Creating shared instance of singleton bean 'websocketServletWebServerCustomizer'
2024-11-13 14:45:18 [main] DEBUG DefaultListableBeanFactory:225 - Creating shared instance of singleton bean 'org.springframework.boot.autoconfigure.websocket.servlet.WebSocketServletAutoConfiguration$TomcatWebSocketConfiguration'
2024-11-13 14:45:18 [main] DEBUG DefaultListableBeanFactory:225 - Creating shared instance of singleton bean 'servletWebServerFactoryCustomizer'
2024-11-13 14:45:18 [main] DEBUG DefaultListableBeanFactory:225 - Creating shared instance of singleton bean 'org.springframework.boot.autoconfigure.web.servlet.ServletWebServerFactoryAutoConfiguration'
2024-11-13 14:45:18 [main] DEBUG DefaultListableBeanFactory:225 - Creating shared instance of singleton bean 'server-org.springframework.boot.autoconfigure.web.ServerProperties'
2024-11-13 14:45:18 [main] DEBUG DefaultListableBeanFactory:225 - Creating shared instance of singleton bean 'org.springframework.boot.context.properties.BoundConfigurationProperties'
2024-11-13 14:45:18 [main] DEBUG DefaultListableBeanFactory:945 - Autowiring by type from bean name 'servletWebServerFactoryCustomizer' via factory method to bean named 'server-org.springframework.boot.autoconfigure.web.ServerProperties'
2024-11-13 14:45:18 [main] DEBUG DefaultListableBeanFactory:225 - Creating shared instance of singleton bean 'sslBundleRegistry'
2024-11-13 14:45:18 [main] DEBUG DefaultListableBeanFactory:225 - Creating shared instance of singleton bean 'org.springframework.boot.autoconfigure.ssl.SslAutoConfiguration'
2024-11-13 14:45:18 [main] DEBUG DefaultListableBeanFactory:225 - Creating shared instance of singleton bean 'spring.ssl-org.springframework.boot.autoconfigure.ssl.SslProperties'
2024-11-13 14:45:18 [main] DEBUG DefaultListableBeanFactory:945 - Autowiring by type from bean name 'org.springframework.boot.autoconfigure.ssl.SslAutoConfiguration' via constructor to bean named 'spring.ssl-org.springframework.boot.autoconfigure.ssl.SslProperties'
2024-11-13 14:45:18 [main] DEBUG DefaultListableBeanFactory:225 - Creating shared instance of singleton bean 'sslPropertiesSslBundleRegistrar'
2024-11-13 14:45:18 [main] DEBUG DefaultListableBeanFactory:225 - Creating shared instance of singleton bean 'fileWatcher'
2024-11-13 14:45:18 [main] DEBUG DefaultListableBeanFactory:945 - Autowiring by type from bean name 'sslPropertiesSslBundleRegistrar' via factory method to bean named 'fileWatcher'
2024-11-13 14:45:18 [main] DEBUG DefaultListableBeanFactory:225 - Creating shared instance of singleton bean 'tomcatServletWebServerFactoryCustomizer'
2024-11-13 14:45:18 [main] DEBUG DefaultListableBeanFactory:945 - Autowiring by type from bean name 'tomcatServletWebServerFactoryCustomizer' via factory method to bean named 'server-org.springframework.boot.autoconfigure.web.ServerProperties'
2024-11-13 14:45:18 [main] DEBUG DefaultListableBeanFactory:225 - Creating shared instance of singleton bean 'tomcatWebServerFactoryCustomizer'
2024-11-13 14:45:18 [main] DEBUG DefaultListableBeanFactory:225 - Creating shared instance of singleton bean 'org.springframework.boot.autoconfigure.web.embedded.EmbeddedWebServerFactoryCustomizerAutoConfiguration$TomcatWebServerFactoryCustomizerConfiguration'
2024-11-13 14:45:18 [main] DEBUG DefaultListableBeanFactory:945 - Autowiring by type from bean name 'tomcatWebServerFactoryCustomizer' via factory method to bean named 'environment'
2024-11-13 14:45:18 [main] DEBUG DefaultListableBeanFactory:945 - Autowiring by type from bean name 'tomcatWebServerFactoryCustomizer' via factory method to bean named 'server-org.springframework.boot.autoconfigure.web.ServerProperties'
2024-11-13 14:45:18 [main] DEBUG DefaultListableBeanFactory:225 - Creating shared instance of singleton bean 'localeCharsetMappingsCustomizer'
2024-11-13 14:45:18 [main] DEBUG DefaultListableBeanFactory:225 - Creating shared instance of singleton bean 'org.springframework.boot.autoconfigure.web.servlet.HttpEncodingAutoConfiguration'
2024-11-13 14:45:18 [main] DEBUG DefaultListableBeanFactory:945 - Autowiring by type from bean name 'org.springframework.boot.autoconfigure.web.servlet.HttpEncodingAutoConfiguration' via constructor to bean named 'server-org.springframework.boot.autoconfigure.web.ServerProperties'
2024-11-13 14:45:18 [main] DEBUG DefaultListableBeanFactory:225 - Creating shared instance of singleton bean 'errorPageCustomizer'
2024-11-13 14:45:18 [main] DEBUG DefaultListableBeanFactory:225 - Creating shared instance of singleton bean 'org.springframework.boot.autoconfigure.web.servlet.error.ErrorMvcAutoConfiguration'
2024-11-13 14:45:18 [main] DEBUG DefaultListableBeanFactory:945 - Autowiring by type from bean name 'org.springframework.boot.autoconfigure.web.servlet.error.ErrorMvcAutoConfiguration' via constructor to bean named 'server-org.springframework.boot.autoconfigure.web.ServerProperties'
2024-11-13 14:45:18 [main] DEBUG DefaultListableBeanFactory:225 - Creating shared instance of singleton bean 'dispatcherServletRegistration'
2024-11-13 14:45:18 [main] DEBUG DefaultListableBeanFactory:225 - Creating shared instance of singleton bean 'org.springframework.boot.autoconfigure.web.servlet.DispatcherServletAutoConfiguration$DispatcherServletRegistrationConfiguration'
2024-11-13 14:45:18 [main] DEBUG DefaultListableBeanFactory:225 - Creating shared instance of singleton bean 'dispatcherServlet'
2024-11-13 14:45:18 [main] DEBUG DefaultListableBeanFactory:225 - Creating shared instance of singleton bean 'org.springframework.boot.autoconfigure.web.servlet.DispatcherServletAutoConfiguration$DispatcherServletConfiguration'
2024-11-13 14:45:18 [main] DEBUG DefaultListableBeanFactory:225 - Creating shared instance of singleton bean 'spring.mvc-org.springframework.boot.autoconfigure.web.servlet.WebMvcProperties'
2024-11-13 14:45:18 [main] DEBUG DefaultListableBeanFactory:945 - Autowiring by type from bean name 'dispatcherServlet' via factory method to bean named 'spring.mvc-org.springframework.boot.autoconfigure.web.servlet.WebMvcProperties'
2024-11-13 14:45:18 [main] DEBUG DefaultListableBeanFactory:945 - Autowiring by type from bean name 'dispatcherServletRegistration' via factory method to bean named 'dispatcherServlet'
2024-11-13 14:45:18 [main] DEBUG DefaultListableBeanFactory:945 - Autowiring by type from bean name 'dispatcherServletRegistration' via factory method to bean named 'spring.mvc-org.springframework.boot.autoconfigure.web.servlet.WebMvcProperties'
2024-11-13 14:45:18 [main] DEBUG DefaultListableBeanFactory:225 - Creating shared instance of singleton bean 'multipartConfigElement'
2024-11-13 14:45:18 [main] DEBUG DefaultListableBeanFactory:225 - Creating shared instance of singleton bean 'org.springframework.boot.autoconfigure.web.servlet.MultipartAutoConfiguration'
2024-11-13 14:45:18 [main] DEBUG DefaultListableBeanFactory:225 - Creating shared instance of singleton bean 'spring.servlet.multipart-org.springframework.boot.autoconfigure.web.servlet.MultipartProperties'
2024-11-13 14:45:18 [main] DEBUG DefaultListableBeanFactory:945 - Autowiring by type from bean name 'org.springframework.boot.autoconfigure.web.servlet.MultipartAutoConfiguration' via constructor to bean named 'spring.servlet.multipart-org.springframework.boot.autoconfigure.web.servlet.MultipartProperties'
2024-11-13 14:45:18 [main] DEBUG DefaultListableBeanFactory:945 - Autowiring by type from bean name 'errorPageCustomizer' via factory method to bean named 'dispatcherServletRegistration'
2024-11-13 14:45:18 [main] DEBUG TomcatServletWebServerFactory:81 - Code archive: C:\Users\drucc\.m2\repository\org\springframework\boot\spring-boot\3.3.4\spring-boot-3.3.4.jar
2024-11-13 14:45:18 [main] DEBUG TomcatServletWebServerFactory:125 - Code archive: C:\Users\drucc\.m2\repository\org\springframework\boot\spring-boot\3.3.4\spring-boot-3.3.4.jar
2024-11-13 14:45:18 [main] DEBUG TomcatServletWebServerFactory:149 - None of the document roots [src/main/webapp, public, static] point to a directory and will be ignored.
2024-11-13 14:45:18 [main] INFO  TomcatWebServer:111 - Tomcat initialized with port 8080 (http)
2024-11-13 14:45:18 [main] DEBUG ServletWebServerApplicationContext:290 - Published root WebApplicationContext as ServletContext attribute with name [org.springframework.web.context.WebApplicationContext.ROOT]
2024-11-13 14:45:18 [main] INFO  ServletWebServerApplicationContext:296 - Root WebApplicationContext: initialization completed in 1784 ms
2024-11-13 14:45:18 [main] DEBUG DefaultListableBeanFactory:225 - Creating shared instance of singleton bean 'requestContextFilter'
2024-11-13 14:45:18 [main] DEBUG DefaultListableBeanFactory:225 - Creating shared instance of singleton bean 'formContentFilter'
2024-11-13 14:45:18 [main] DEBUG DefaultListableBeanFactory:225 - Creating shared instance of singleton bean 'org.springframework.boot.autoconfigure.web.servlet.WebMvcAutoConfiguration'
2024-11-13 14:45:18 [main] DEBUG DefaultListableBeanFactory:225 - Creating shared instance of singleton bean 'characterEncodingFilter'
2024-11-13 14:45:18 [main] DEBUG ServletContextInitializerBeans:235 - Mapping filters: characterEncodingFilter urls=[/*] order=-2147483648, formContentFilter urls=[/*] order=-9900, requestContextFilter urls=[/*] order=-105
2024-11-13 14:45:18 [main] DEBUG ServletContextInitializerBeans:235 - Mapping servlets: dispatcherServlet urls=[/]
2024-11-13 14:45:18 [main] DEBUG OrderedRequestContextFilter:240 - Filter 'requestContextFilter' configured for use
2024-11-13 14:45:18 [main] DEBUG OrderedCharacterEncodingFilter:240 - Filter 'characterEncodingFilter' configured for use
2024-11-13 14:45:18 [main] DEBUG OrderedFormContentFilter:240 - Filter 'formContentFilter' configured for use
2024-11-13 14:45:18 [main] DEBUG DefaultListableBeanFactory:225 - Creating shared instance of singleton bean 'bcapApplication'
2024-11-13 14:45:18 [main] DEBUG DefaultListableBeanFactory:225 - Creating shared instance of singleton bean 'serviceSupport'
2024-11-13 14:45:18 [main] DEBUG DefaultListableBeanFactory:225 - Creating shared instance of singleton bean 'webConfig'
2024-11-13 14:45:18 [main] DEBUG DefaultListableBeanFactory:225 - Creating shared instance of singleton bean 'authController'
2024-11-13 14:45:18 [main] DEBUG DefaultListableBeanFactory:225 - Creating shared instance of singleton bean 'authService'
2024-11-13 14:45:18 [main] DEBUG DefaultListableBeanFactory:225 - Creating shared instance of singleton bean 'SAZ03V701U'
2024-11-13 14:45:18 [main] DEBUG DefaultListableBeanFactory:225 - Creating shared instance of singleton bean 'exampleController'
2024-11-13 14:45:18 [main] DEBUG DefaultListableBeanFactory:225 - Creating shared instance of singleton bean 'exampleService'
2024-11-13 14:45:18 [main] DEBUG PropertySourcesPropertyResolver:115 - Found key 'aes.secret.key' in PropertySource 'environmentProperties' with value of type String
2024-11-13 14:45:18 [main] DEBUG DefaultListableBeanFactory:225 - Creating shared instance of singleton bean 'SED03F107R'
2024-11-13 14:45:18 [main] DEBUG DefaultListableBeanFactory:225 - Creating shared instance of singleton bean 'SAC02F452R'
2024-11-13 14:45:18 [main] DEBUG DefaultListableBeanFactory:225 - Creating shared instance of singleton bean 'messageController'
2024-11-13 14:45:18 [main] DEBUG DefaultListableBeanFactory:225 - Creating shared instance of singleton bean 'messageService'
2024-11-13 14:45:18 [main] DEBUG PropertySourcesPropertyResolver:115 - Found key 'aes.secret.key' in PropertySource 'environmentProperties' with value of type String
2024-11-13 14:45:18 [main] DEBUG DefaultListableBeanFactory:225 - Creating shared instance of singleton bean 'SAC01F995R'
2024-11-13 14:45:18 [main] DEBUG DefaultListableBeanFactory:225 - Creating shared instance of singleton bean 'SAC02F531U'
2024-11-13 14:45:18 [main] DEBUG DefaultListableBeanFactory:225 - Creating shared instance of singleton bean 'SAC04V125R'
2024-11-13 14:45:18 [main] DEBUG DefaultListableBeanFactory:225 - Creating shared instance of singleton bean 'SAC04V126R'
2024-11-13 14:45:18 [main] DEBUG DefaultListableBeanFactory:225 - Creating shared instance of singleton bean 'SAC04V127U'
2024-11-13 14:45:18 [main] DEBUG DefaultListableBeanFactory:225 - Creating shared instance of singleton bean 'SAC04V227U'
2024-11-13 14:45:18 [main] DEBUG DefaultListableBeanFactory:225 - Creating shared instance of singleton bean 'SAC04V228R'
2024-11-13 14:45:18 [main] DEBUG DefaultListableBeanFactory:225 - Creating shared instance of singleton bean 'SAC06F244R'
2024-11-13 14:45:18 [main] DEBUG DefaultListableBeanFactory:225 - Creating shared instance of singleton bean 'SAC06F245R'
2024-11-13 14:45:18 [main] DEBUG DefaultListableBeanFactory:225 - Creating shared instance of singleton bean 'SAC06V610R'
2024-11-13 14:45:18 [main] DEBUG DefaultListableBeanFactory:225 - Creating shared instance of singleton bean 'SAZ01F111R'
2024-11-13 14:45:18 [main] DEBUG DefaultListableBeanFactory:225 - Creating shared instance of singleton bean 'SAZ01F112R'
2024-11-13 14:45:18 [main] DEBUG DefaultListableBeanFactory:225 - Creating shared instance of singleton bean 'SAZ01F121R'
2024-11-13 14:45:18 [main] DEBUG DefaultListableBeanFactory:225 - Creating shared instance of singleton bean 'SAZ01F122R'
2024-11-13 14:45:18 [main] DEBUG DefaultListableBeanFactory:225 - Creating shared instance of singleton bean 'SAZ01F123R'
2024-11-13 14:45:18 [main] DEBUG DefaultListableBeanFactory:225 - Creating shared instance of singleton bean 'SAZ02F110R'
2024-11-13 14:45:18 [main] DEBUG DefaultListableBeanFactory:225 - Creating shared instance of singleton bean 'SAZ02F112R'
2024-11-13 14:45:18 [main] DEBUG DefaultListableBeanFactory:225 - Creating shared instance of singleton bean 'SAZ02F113R'
2024-11-13 14:45:18 [main] DEBUG DefaultListableBeanFactory:225 - Creating shared instance of singleton bean 'SAZ02F114R'
2024-11-13 14:45:18 [main] DEBUG DefaultListableBeanFactory:225 - Creating shared instance of singleton bean 'SAZ02F116R'
2024-11-13 14:45:18 [main] DEBUG DefaultListableBeanFactory:225 - Creating shared instance of singleton bean 'SAZ02F120R'
2024-11-13 14:45:18 [main] DEBUG DefaultListableBeanFactory:225 - Creating shared instance of singleton bean 'SAZ02F123R'
2024-11-13 14:45:18 [main] DEBUG DefaultListableBeanFactory:225 - Creating shared instance of singleton bean 'SAZ02F132R'
2024-11-13 14:45:18 [main] DEBUG DefaultListableBeanFactory:225 - Creating shared instance of singleton bean 'SAZ02F172R'
2024-11-13 14:45:18 [main] DEBUG DefaultListableBeanFactory:225 - Creating shared instance of singleton bean 'SAZ02F173R'
2024-11-13 14:45:18 [main] DEBUG DefaultListableBeanFactory:225 - Creating shared instance of singleton bean 'SAZ02F175R'
2024-11-13 14:45:18 [main] DEBUG DefaultListableBeanFactory:225 - Creating shared instance of singleton bean 'SAZ02F176R'
2024-11-13 14:45:18 [main] DEBUG DefaultListableBeanFactory:225 - Creating shared instance of singleton bean 'SAZ03F010R'
2024-11-13 14:45:18 [main] DEBUG DefaultListableBeanFactory:225 - Creating shared instance of singleton bean 'SAZ05F030R'
2024-11-13 14:45:18 [main] DEBUG DefaultListableBeanFactory:225 - Creating shared instance of singleton bean 'SED03F075R'
2024-11-13 14:45:18 [main] DEBUG DefaultListableBeanFactory:225 - Creating shared instance of singleton bean 'SED05F480R'
2024-11-13 14:45:18 [main] DEBUG DefaultListableBeanFactory:225 - Creating shared instance of singleton bean 'SMC02F042R'
2024-11-13 14:45:18 [main] DEBUG DefaultListableBeanFactory:225 - Creating shared instance of singleton bean 'SMC02V051U'
2024-11-13 14:45:18 [main] DEBUG DefaultListableBeanFactory:225 - Creating shared instance of singleton bean 'SMC05F111R'
2024-11-13 14:45:18 [main] DEBUG DefaultListableBeanFactory:225 - Creating shared instance of singleton bean 'SMC05F112R'
2024-11-13 14:45:18 [main] DEBUG DefaultListableBeanFactory:225 - Creating shared instance of singleton bean 'SMC05F216R'
2024-11-13 14:45:18 [main] DEBUG DefaultListableBeanFactory:225 - Creating shared instance of singleton bean 'SMC07V005R'
2024-11-13 14:45:18 [main] DEBUG DefaultListableBeanFactory:225 - Creating shared instance of singleton bean 'SMC15V016U'
2024-11-13 14:45:18 [main] DEBUG DefaultListableBeanFactory:225 - Creating shared instance of singleton bean 'SMC15V018U'
2024-11-13 14:45:18 [main] DEBUG DefaultListableBeanFactory:225 - Creating shared instance of singleton bean 'SMT01F009C'
2024-11-13 14:45:18 [main] DEBUG DefaultListableBeanFactory:225 - Creating shared instance of singleton bean 'SMT02F002C'
2024-11-13 14:45:18 [main] DEBUG DefaultListableBeanFactory:225 - Creating shared instance of singleton bean 'SMT02F003U'
2024-11-13 14:45:18 [main] DEBUG DefaultListableBeanFactory:225 - Creating shared instance of singleton bean 'SMT03F010R'
2024-11-13 14:45:18 [main] DEBUG DefaultListableBeanFactory:225 - Creating shared instance of singleton bean 'SMT03F080R'
2024-11-13 14:45:18 [main] DEBUG DefaultListableBeanFactory:225 - Creating shared instance of singleton bean 'corsConfigurer'
2024-11-13 14:45:18 [main] DEBUG DefaultListableBeanFactory:225 - Creating shared instance of singleton bean 'org.springframework.boot.autoconfigure.AutoConfigurationPackages'
2024-11-13 14:45:18 [main] DEBUG DefaultListableBeanFactory:225 - Creating shared instance of singleton bean 'org.springframework.boot.autoconfigure.context.PropertyPlaceholderAutoConfiguration'
2024-11-13 14:45:18 [main] DEBUG DefaultListableBeanFactory:225 - Creating shared instance of singleton bean 'org.springframework.boot.context.properties.EnableConfigurationPropertiesRegistrar.methodValidationExcludeFilter'
2024-11-13 14:45:18 [main] DEBUG DefaultListableBeanFactory:225 - Creating shared instance of singleton bean 'org.springframework.boot.autoconfigure.websocket.servlet.WebSocketServletAutoConfiguration'
2024-11-13 14:45:18 [main] DEBUG DefaultListableBeanFactory:225 - Creating shared instance of singleton bean 'org.springframework.boot.autoconfigure.web.servlet.DispatcherServletAutoConfiguration'
2024-11-13 14:45:18 [main] DEBUG DefaultListableBeanFactory:225 - Creating shared instance of singleton bean 'org.springframework.boot.autoconfigure.task.TaskExecutorConfigurations$ThreadPoolTaskExecutorBuilderConfiguration'
2024-11-13 14:45:18 [main] DEBUG DefaultListableBeanFactory:225 - Creating shared instance of singleton bean 'threadPoolTaskExecutorBuilder'
2024-11-13 14:45:18 [main] DEBUG DefaultListableBeanFactory:225 - Creating shared instance of singleton bean 'spring.task.execution-org.springframework.boot.autoconfigure.task.TaskExecutionProperties'
2024-11-13 14:45:18 [main] DEBUG DefaultListableBeanFactory:945 - Autowiring by type from bean name 'threadPoolTaskExecutorBuilder' via factory method to bean named 'spring.task.execution-org.springframework.boot.autoconfigure.task.TaskExecutionProperties'
2024-11-13 14:45:18 [main] DEBUG DefaultListableBeanFactory:225 - Creating shared instance of singleton bean 'org.springframework.boot.autoconfigure.task.TaskExecutorConfigurations$TaskExecutorBuilderConfiguration'
2024-11-13 14:45:18 [main] DEBUG DefaultListableBeanFactory:225 - Creating shared instance of singleton bean 'taskExecutorBuilder'
2024-11-13 14:45:18 [main] DEBUG DefaultListableBeanFactory:945 - Autowiring by type from bean name 'taskExecutorBuilder' via factory method to bean named 'spring.task.execution-org.springframework.boot.autoconfigure.task.TaskExecutionProperties'
2024-11-13 14:45:18 [main] DEBUG DefaultListableBeanFactory:225 - Creating shared instance of singleton bean 'org.springframework.boot.autoconfigure.task.TaskExecutorConfigurations$SimpleAsyncTaskExecutorBuilderConfiguration'
2024-11-13 14:45:18 [main] DEBUG DefaultListableBeanFactory:945 - Autowiring by type from bean name 'org.springframework.boot.autoconfigure.task.TaskExecutorConfigurations$SimpleAsyncTaskExecutorBuilderConfiguration' via constructor to bean named 'spring.task.execution-org.springframework.boot.autoconfigure.task.TaskExecutionProperties'
2024-11-13 14:45:18 [main] DEBUG DefaultListableBeanFactory:225 - Creating shared instance of singleton bean 'simpleAsyncTaskExecutorBuilder'
2024-11-13 14:45:18 [main] DEBUG DefaultListableBeanFactory:225 - Creating shared instance of singleton bean 'org.springframework.boot.autoconfigure.task.TaskExecutorConfigurations$TaskExecutorConfiguration'
2024-11-13 14:45:18 [main] DEBUG DefaultListableBeanFactory:225 - Creating shared instance of singleton bean 'org.springframework.boot.autoconfigure.task.TaskExecutionAutoConfiguration'
2024-11-13 14:45:18 [main] DEBUG DefaultListableBeanFactory:225 - Creating shared instance of singleton bean 'org.springframework.boot.autoconfigure.web.servlet.error.ErrorMvcAutoConfiguration$WhitelabelErrorViewConfiguration'
2024-11-13 14:45:18 [main] DEBUG DefaultListableBeanFactory:225 - Creating shared instance of singleton bean 'error'
2024-11-13 14:45:18 [main] DEBUG DefaultListableBeanFactory:225 - Creating shared instance of singleton bean 'beanNameViewResolver'
2024-11-13 14:45:18 [main] DEBUG DefaultListableBeanFactory:225 - Creating shared instance of singleton bean 'org.springframework.boot.autoconfigure.web.servlet.error.ErrorMvcAutoConfiguration$DefaultErrorViewResolverConfiguration'
2024-11-13 14:45:18 [main] DEBUG DefaultListableBeanFactory:225 - Creating shared instance of singleton bean 'spring.web-org.springframework.boot.autoconfigure.web.WebProperties'
2024-11-13 14:45:18 [main] DEBUG DefaultListableBeanFactory:945 - Autowiring by type from bean name 'org.springframework.boot.autoconfigure.web.servlet.error.ErrorMvcAutoConfiguration$DefaultErrorViewResolverConfiguration' via constructor to bean named 'org.springframework.boot.web.servlet.context.AnnotationConfigServletWebServerApplicationContext@6ca0256d'
2024-11-13 14:45:18 [main] DEBUG DefaultListableBeanFactory:945 - Autowiring by type from bean name 'org.springframework.boot.autoconfigure.web.servlet.error.ErrorMvcAutoConfiguration$DefaultErrorViewResolverConfiguration' via constructor to bean named 'spring.web-org.springframework.boot.autoconfigure.web.WebProperties'
2024-11-13 14:45:18 [main] DEBUG DefaultListableBeanFactory:225 - Creating shared instance of singleton bean 'conventionErrorViewResolver'
2024-11-13 14:45:18 [main] DEBUG DefaultListableBeanFactory:225 - Creating shared instance of singleton bean 'errorAttributes'
2024-11-13 14:45:18 [main] DEBUG DefaultListableBeanFactory:225 - Creating shared instance of singleton bean 'basicErrorController'
2024-11-13 14:45:18 [main] DEBUG DefaultListableBeanFactory:945 - Autowiring by type from bean name 'basicErrorController' via factory method to bean named 'errorAttributes'
2024-11-13 14:45:18 [main] DEBUG DefaultListableBeanFactory:225 - Creating shared instance of singleton bean 'org.springframework.boot.autoconfigure.web.servlet.WebMvcAutoConfiguration$EnableWebMvcConfiguration'
2024-11-13 14:45:18 [main] DEBUG DefaultListableBeanFactory:945 - Autowiring by type from bean name 'org.springframework.boot.autoconfigure.web.servlet.WebMvcAutoConfiguration$EnableWebMvcConfiguration' via constructor to bean named 'spring.mvc-org.springframework.boot.autoconfigure.web.servlet.WebMvcProperties'
2024-11-13 14:45:18 [main] DEBUG DefaultListableBeanFactory:945 - Autowiring by type from bean name 'org.springframework.boot.autoconfigure.web.servlet.WebMvcAutoConfiguration$EnableWebMvcConfiguration' via constructor to bean named 'spring.web-org.springframework.boot.autoconfigure.web.WebProperties'
2024-11-13 14:45:18 [main] DEBUG DefaultListableBeanFactory:945 - Autowiring by type from bean name 'org.springframework.boot.autoconfigure.web.servlet.WebMvcAutoConfiguration$EnableWebMvcConfiguration' via constructor to bean named 'org.springframework.beans.factory.support.DefaultListableBeanFactory@581d969c'
2024-11-13 14:45:18 [main] DEBUG DefaultListableBeanFactory:225 - Creating shared instance of singleton bean 'org.springframework.boot.autoconfigure.web.servlet.WebMvcAutoConfiguration$WebMvcAutoConfigurationAdapter'
2024-11-13 14:45:18 [main] DEBUG DefaultListableBeanFactory:945 - Autowiring by type from bean name 'org.springframework.boot.autoconfigure.web.servlet.WebMvcAutoConfiguration$WebMvcAutoConfigurationAdapter' via constructor to bean named 'spring.web-org.springframework.boot.autoconfigure.web.WebProperties'
2024-11-13 14:45:18 [main] DEBUG DefaultListableBeanFactory:945 - Autowiring by type from bean name 'org.springframework.boot.autoconfigure.web.servlet.WebMvcAutoConfiguration$WebMvcAutoConfigurationAdapter' via constructor to bean named 'spring.mvc-org.springframework.boot.autoconfigure.web.servlet.WebMvcProperties'
2024-11-13 14:45:18 [main] DEBUG DefaultListableBeanFactory:945 - Autowiring by type from bean name 'org.springframework.boot.autoconfigure.web.servlet.WebMvcAutoConfiguration$WebMvcAutoConfigurationAdapter' via constructor to bean named 'org.springframework.beans.factory.support.DefaultListableBeanFactory@581d969c'
2024-11-13 14:45:18 [main] DEBUG DefaultListableBeanFactory:225 - Creating shared instance of singleton bean 'welcomePageHandlerMapping'
2024-11-13 14:45:18 [main] DEBUG DefaultListableBeanFactory:225 - Creating shared instance of singleton bean 'mvcConversionService'
2024-11-13 14:45:18 [main] DEBUG DefaultListableBeanFactory:225 - Creating shared instance of singleton bean 'mvcResourceUrlProvider'
2024-11-13 14:45:18 [main] DEBUG DefaultListableBeanFactory:945 - Autowiring by type from bean name 'welcomePageHandlerMapping' via factory method to bean named 'org.springframework.boot.web.servlet.context.AnnotationConfigServletWebServerApplicationContext@6ca0256d'
2024-11-13 14:45:18 [main] DEBUG DefaultListableBeanFactory:945 - Autowiring by type from bean name 'welcomePageHandlerMapping' via factory method to bean named 'mvcConversionService'
2024-11-13 14:45:18 [main] DEBUG DefaultListableBeanFactory:945 - Autowiring by type from bean name 'welcomePageHandlerMapping' via factory method to bean named 'mvcResourceUrlProvider'
2024-11-13 14:45:18 [main] DEBUG DefaultListableBeanFactory:225 - Creating shared instance of singleton bean 'welcomePageNotAcceptableHandlerMapping'
2024-11-13 14:45:18 [main] DEBUG DefaultListableBeanFactory:945 - Autowiring by type from bean name 'welcomePageNotAcceptableHandlerMapping' via factory method to bean named 'org.springframework.boot.web.servlet.context.AnnotationConfigServletWebServerApplicationContext@6ca0256d'
2024-11-13 14:45:18 [main] DEBUG DefaultListableBeanFactory:945 - Autowiring by type from bean name 'welcomePageNotAcceptableHandlerMapping' via factory method to bean named 'mvcConversionService'
2024-11-13 14:45:18 [main] DEBUG DefaultListableBeanFactory:945 - Autowiring by type from bean name 'welcomePageNotAcceptableHandlerMapping' via factory method to bean named 'mvcResourceUrlProvider'
2024-11-13 14:45:18 [main] DEBUG DefaultListableBeanFactory:225 - Creating shared instance of singleton bean 'localeResolver'
2024-11-13 14:45:18 [main] DEBUG DefaultListableBeanFactory:225 - Creating shared instance of singleton bean 'themeResolver'
2024-11-13 14:45:18 [main] DEBUG DefaultListableBeanFactory:225 - Creating shared instance of singleton bean 'flashMapManager'
2024-11-13 14:45:18 [main] DEBUG DefaultListableBeanFactory:225 - Creating shared instance of singleton bean 'mvcValidator'
2024-11-13 14:45:18 [main] DEBUG DefaultListableBeanFactory:225 - Creating shared instance of singleton bean 'mvcContentNegotiationManager'
2024-11-13 14:45:18 [main] DEBUG DefaultListableBeanFactory:225 - Creating shared instance of singleton bean 'requestMappingHandlerMapping'
2024-11-13 14:45:18 [main] DEBUG DefaultListableBeanFactory:945 - Autowiring by type from bean name 'requestMappingHandlerMapping' via factory method to bean named 'mvcContentNegotiationManager'
2024-11-13 14:45:18 [main] DEBUG DefaultListableBeanFactory:945 - Autowiring by type from bean name 'requestMappingHandlerMapping' via factory method to bean named 'mvcConversionService'
2024-11-13 14:45:18 [main] DEBUG DefaultListableBeanFactory:945 - Autowiring by type from bean name 'requestMappingHandlerMapping' via factory method to bean named 'mvcResourceUrlProvider'
2024-11-13 14:45:18 [main] DEBUG Mappings:294 - 
	m.b.c.AuthController:
	{POST [/auth/logout]}: logout(HttpServletRequest)
	{POST [/auth/login]}: login(HttpServletRequest,LoginInDto)
2024-11-13 14:45:18 [main] DEBUG Mappings:294 - 
	m.b.c.ExampleController:
	{POST [/example/logout]}: logout(HttpServletRequest)
	{POST [/example/login]}: login(HttpServletRequest,LoginInDto)
	{GET [/example/test]}: getMethodName(HttpServletRequest)
	{POST [/example/list-of-edc]}: getListOfEDC(HttpServletRequest,ExampleInDto)
	{GET [/example/call-logging]}: callRemoteAPI()
	{POST [/example/process]}: decryptAndEncrypt(DecryptionInDto)
	{POST [/example/decrypt]}: decryptData(DecryptionInDto)
	{POST [/example/message]}: messageTransferWithoutEncryption(HttpServletRequest,String)
2024-11-13 14:45:18 [main] DEBUG Mappings:294 - 
	m.b.c.MessageController:
	
2024-11-13 14:45:18 [main] DEBUG Mappings:294 - 
	o.s.b.a.w.s.e.BasicErrorController:
	{ [/error]}: error(HttpServletRequest)
	{ [/error], produces [text/html]}: errorHtml(HttpServletRequest,HttpServletResponse)
2024-11-13 14:45:18 [main] DEBUG RequestMappingHandlerMapping:366 - 12 mappings in 'requestMappingHandlerMapping'
2024-11-13 14:45:18 [main] DEBUG DefaultListableBeanFactory:225 - Creating shared instance of singleton bean 'mvcPatternParser'
2024-11-13 14:45:18 [main] DEBUG DefaultListableBeanFactory:225 - Creating shared instance of singleton bean 'mvcUrlPathHelper'
2024-11-13 14:45:18 [main] DEBUG DefaultListableBeanFactory:225 - Creating shared instance of singleton bean 'mvcPathMatcher'
2024-11-13 14:45:18 [main] DEBUG DefaultListableBeanFactory:225 - Creating shared instance of singleton bean 'viewControllerHandlerMapping'
2024-11-13 14:45:18 [main] DEBUG DefaultListableBeanFactory:945 - Autowiring by type from bean name 'viewControllerHandlerMapping' via factory method to bean named 'mvcConversionService'
2024-11-13 14:45:18 [main] DEBUG DefaultListableBeanFactory:945 - Autowiring by type from bean name 'viewControllerHandlerMapping' via factory method to bean named 'mvcResourceUrlProvider'
2024-11-13 14:45:18 [main] DEBUG DefaultListableBeanFactory:225 - Creating shared instance of singleton bean 'beanNameHandlerMapping'
2024-11-13 14:45:18 [main] DEBUG DefaultListableBeanFactory:945 - Autowiring by type from bean name 'beanNameHandlerMapping' via factory method to bean named 'mvcConversionService'
2024-11-13 14:45:18 [main] DEBUG DefaultListableBeanFactory:945 - Autowiring by type from bean name 'beanNameHandlerMapping' via factory method to bean named 'mvcResourceUrlProvider'
2024-11-13 14:45:18 [main] DEBUG Mappings:86 - 'beanNameHandlerMapping' {}
2024-11-13 14:45:18 [main] DEBUG DefaultListableBeanFactory:225 - Creating shared instance of singleton bean 'routerFunctionMapping'
2024-11-13 14:45:18 [main] DEBUG DefaultListableBeanFactory:945 - Autowiring by type from bean name 'routerFunctionMapping' via factory method to bean named 'mvcConversionService'
2024-11-13 14:45:18 [main] DEBUG DefaultListableBeanFactory:945 - Autowiring by type from bean name 'routerFunctionMapping' via factory method to bean named 'mvcResourceUrlProvider'
2024-11-13 14:45:18 [main] DEBUG DefaultListableBeanFactory:225 - Creating shared instance of singleton bean 'messageConverters'
2024-11-13 14:45:18 [main] DEBUG DefaultListableBeanFactory:225 - Creating shared instance of singleton bean 'org.springframework.boot.autoconfigure.http.HttpMessageConvertersAutoConfiguration'
2024-11-13 14:45:18 [main] DEBUG DefaultListableBeanFactory:225 - Creating shared instance of singleton bean 'stringHttpMessageConverter'
2024-11-13 14:45:18 [main] DEBUG DefaultListableBeanFactory:225 - Creating shared instance of singleton bean 'org.springframework.boot.autoconfigure.http.HttpMessageConvertersAutoConfiguration$StringHttpMessageConverterConfiguration'
2024-11-13 14:45:18 [main] DEBUG DefaultListableBeanFactory:945 - Autowiring by type from bean name 'stringHttpMessageConverter' via factory method to bean named 'environment'
2024-11-13 14:45:18 [main] DEBUG DefaultListableBeanFactory:225 - Creating shared instance of singleton bean 'mappingJackson2HttpMessageConverter'
2024-11-13 14:45:18 [main] DEBUG DefaultListableBeanFactory:225 - Creating shared instance of singleton bean 'org.springframework.boot.autoconfigure.http.JacksonHttpMessageConvertersConfiguration$MappingJackson2HttpMessageConverterConfiguration'
2024-11-13 14:45:18 [main] DEBUG DefaultListableBeanFactory:225 - Creating shared instance of singleton bean 'jacksonObjectMapper'
2024-11-13 14:45:18 [main] DEBUG DefaultListableBeanFactory:225 - Creating shared instance of singleton bean 'org.springframework.boot.autoconfigure.jackson.JacksonAutoConfiguration$JacksonObjectMapperConfiguration'
2024-11-13 14:45:18 [main] DEBUG DefaultListableBeanFactory:225 - Creating shared instance of singleton bean 'org.springframework.boot.autoconfigure.jackson.JacksonAutoConfiguration$JacksonObjectMapperBuilderConfiguration'
2024-11-13 14:45:18 [main] DEBUG DefaultListableBeanFactory:225 - Creating shared instance of singleton bean 'standardJacksonObjectMapperBuilderCustomizer'
2024-11-13 14:45:18 [main] DEBUG DefaultListableBeanFactory:225 - Creating shared instance of singleton bean 'org.springframework.boot.autoconfigure.jackson.JacksonAutoConfiguration$Jackson2ObjectMapperBuilderCustomizerConfiguration'
2024-11-13 14:45:18 [main] DEBUG DefaultListableBeanFactory:225 - Creating shared instance of singleton bean 'spring.jackson-org.springframework.boot.autoconfigure.jackson.JacksonProperties'
2024-11-13 14:45:18 [main] DEBUG DefaultListableBeanFactory:945 - Autowiring by type from bean name 'standardJacksonObjectMapperBuilderCustomizer' via factory method to bean named 'spring.jackson-org.springframework.boot.autoconfigure.jackson.JacksonProperties'
2024-11-13 14:45:18 [main] DEBUG DefaultListableBeanFactory:225 - Creating shared instance of singleton bean 'parameterNamesModule'
2024-11-13 14:45:18 [main] DEBUG DefaultListableBeanFactory:225 - Creating shared instance of singleton bean 'org.springframework.boot.autoconfigure.jackson.JacksonAutoConfiguration$ParameterNamesModuleConfiguration'
2024-11-13 14:45:18 [main] DEBUG DefaultListableBeanFactory:225 - Creating shared instance of singleton bean 'jsonMixinModule'
2024-11-13 14:45:18 [main] DEBUG DefaultListableBeanFactory:225 - Creating shared instance of singleton bean 'org.springframework.boot.autoconfigure.jackson.JacksonAutoConfiguration$JacksonMixinConfiguration'
2024-11-13 14:45:18 [main] DEBUG DefaultListableBeanFactory:225 - Creating shared instance of singleton bean 'jsonMixinModuleEntries'
2024-11-13 14:45:18 [main] DEBUG DefaultListableBeanFactory:945 - Autowiring by type from bean name 'jsonMixinModuleEntries' via factory method to bean named 'org.springframework.boot.web.servlet.context.AnnotationConfigServletWebServerApplicationContext@6ca0256d'
2024-11-13 14:45:18 [main] DEBUG AutoConfigurationPackages:213 - @EnableAutoConfiguration was declared on a class in the package 'maas.bcap'. Automatic @Repository and @Entity scanning is enabled.
2024-11-13 14:45:18 [main] DEBUG DefaultListableBeanFactory:945 - Autowiring by type from bean name 'jsonMixinModule' via factory method to bean named 'org.springframework.boot.web.servlet.context.AnnotationConfigServletWebServerApplicationContext@6ca0256d'
2024-11-13 14:45:18 [main] DEBUG DefaultListableBeanFactory:945 - Autowiring by type from bean name 'jsonMixinModule' via factory method to bean named 'jsonMixinModuleEntries'
2024-11-13 14:45:18 [main] DEBUG DefaultListableBeanFactory:225 - Creating shared instance of singleton bean 'jsonComponentModule'
2024-11-13 14:45:18 [main] DEBUG DefaultListableBeanFactory:225 - Creating shared instance of singleton bean 'org.springframework.boot.autoconfigure.jackson.JacksonAutoConfiguration'
2024-11-13 14:45:18 [main] DEBUG DefaultListableBeanFactory:945 - Autowiring by type from bean name 'jacksonObjectMapperBuilder' via factory method to bean named 'org.springframework.boot.web.servlet.context.AnnotationConfigServletWebServerApplicationContext@6ca0256d'
2024-11-13 14:45:18 [main] DEBUG DefaultListableBeanFactory:945 - Autowiring by type from bean name 'jacksonObjectMapperBuilder' via factory method to bean named 'standardJacksonObjectMapperBuilderCustomizer'
2024-11-13 14:45:18 [main] DEBUG DefaultListableBeanFactory:945 - Autowiring by type from bean name 'jacksonObjectMapper' via factory method to bean named 'jacksonObjectMapperBuilder'
2024-11-13 14:45:18 [main] DEBUG DefaultListableBeanFactory:945 - Autowiring by type from bean name 'mappingJackson2HttpMessageConverter' via factory method to bean named 'jacksonObjectMapper'
2024-11-13 14:45:18 [main] DEBUG DefaultListableBeanFactory:225 - Creating shared instance of singleton bean 'resourceHandlerMapping'
2024-11-13 14:45:18 [main] DEBUG DefaultListableBeanFactory:945 - Autowiring by type from bean name 'resourceHandlerMapping' via factory method to bean named 'mvcContentNegotiationManager'
2024-11-13 14:45:18 [main] DEBUG DefaultListableBeanFactory:945 - Autowiring by type from bean name 'resourceHandlerMapping' via factory method to bean named 'mvcConversionService'
2024-11-13 14:45:18 [main] DEBUG DefaultListableBeanFactory:945 - Autowiring by type from bean name 'resourceHandlerMapping' via factory method to bean named 'mvcResourceUrlProvider'
2024-11-13 14:45:18 [main] DEBUG Mappings:176 - 'resourceHandlerMapping' {/webjars/**=ResourceHttpRequestHandler [classpath [META-INF/resources/webjars/]], /**=ResourceHttpRequestHandler [classpath [META-INF/resources/], classpath [resources/], classpath [static/], classpath [public/], ServletContext [/]]}
2024-11-13 14:45:18 [main] DEBUG DefaultListableBeanFactory:225 - Creating shared instance of singleton bean 'defaultServletHandlerMapping'
2024-11-13 14:45:18 [main] DEBUG DefaultListableBeanFactory:225 - Creating shared instance of singleton bean 'requestMappingHandlerAdapter'
2024-11-13 14:45:18 [main] DEBUG DefaultListableBeanFactory:945 - Autowiring by type from bean name 'requestMappingHandlerAdapter' via factory method to bean named 'mvcContentNegotiationManager'
2024-11-13 14:45:18 [main] DEBUG DefaultListableBeanFactory:945 - Autowiring by type from bean name 'requestMappingHandlerAdapter' via factory method to bean named 'mvcConversionService'
2024-11-13 14:45:18 [main] DEBUG DefaultListableBeanFactory:945 - Autowiring by type from bean name 'requestMappingHandlerAdapter' via factory method to bean named 'mvcValidator'
2024-11-13 14:45:18 [main] DEBUG DefaultListableBeanFactory:225 - Creating shared instance of singleton bean 'applicationTaskExecutor'
2024-11-13 14:45:18 [main] DEBUG DefaultListableBeanFactory:945 - Autowiring by type from bean name 'applicationTaskExecutor' via factory method to bean named 'taskExecutorBuilder'
2024-11-13 14:45:18 [main] DEBUG ThreadPoolTaskExecutor:264 - Initializing ExecutorService 'applicationTaskExecutor'
2024-11-13 14:45:18 [main] DEBUG RequestMappingHandlerAdapter:634 - ControllerAdvice beans: 0 @ModelAttribute, 0 @InitBinder, 1 RequestBodyAdvice, 1 ResponseBodyAdvice
2024-11-13 14:45:18 [main] DEBUG DefaultListableBeanFactory:225 - Creating shared instance of singleton bean 'handlerFunctionAdapter'
2024-11-13 14:45:18 [main] DEBUG DefaultListableBeanFactory:225 - Creating shared instance of singleton bean 'mvcUriComponentsContributor'
2024-11-13 14:45:18 [main] DEBUG DefaultListableBeanFactory:945 - Autowiring by type from bean name 'mvcUriComponentsContributor' via factory method to bean named 'mvcConversionService'
2024-11-13 14:45:18 [main] DEBUG DefaultListableBeanFactory:945 - Autowiring by type from bean name 'mvcUriComponentsContributor' via factory method to bean named 'requestMappingHandlerAdapter'
2024-11-13 14:45:18 [main] DEBUG DefaultListableBeanFactory:225 - Creating shared instance of singleton bean 'httpRequestHandlerAdapter'
2024-11-13 14:45:18 [main] DEBUG DefaultListableBeanFactory:225 - Creating shared instance of singleton bean 'simpleControllerHandlerAdapter'
2024-11-13 14:45:18 [main] DEBUG DefaultListableBeanFactory:225 - Creating shared instance of singleton bean 'handlerExceptionResolver'
2024-11-13 14:45:18 [main] DEBUG DefaultListableBeanFactory:945 - Autowiring by type from bean name 'handlerExceptionResolver' via factory method to bean named 'mvcContentNegotiationManager'
2024-11-13 14:45:19 [main] DEBUG ExceptionHandlerExceptionResolver:305 - ControllerAdvice beans: 0 @ExceptionHandler, 1 ResponseBodyAdvice
2024-11-13 14:45:19 [main] DEBUG DefaultListableBeanFactory:225 - Creating shared instance of singleton bean 'mvcViewResolver'
2024-11-13 14:45:19 [main] DEBUG DefaultListableBeanFactory:945 - Autowiring by type from bean name 'mvcViewResolver' via factory method to bean named 'mvcContentNegotiationManager'
2024-11-13 14:45:19 [main] DEBUG DefaultListableBeanFactory:225 - Creating shared instance of singleton bean 'viewNameTranslator'
2024-11-13 14:45:19 [main] DEBUG DefaultListableBeanFactory:225 - Creating shared instance of singleton bean 'defaultViewResolver'
2024-11-13 14:45:19 [main] DEBUG DefaultListableBeanFactory:225 - Creating shared instance of singleton bean 'viewResolver'
2024-11-13 14:45:19 [main] DEBUG DefaultListableBeanFactory:945 - Autowiring by type from bean name 'viewResolver' via factory method to bean named 'org.springframework.beans.factory.support.DefaultListableBeanFactory@581d969c'
2024-11-13 14:45:19 [main] DEBUG DefaultListableBeanFactory:225 - Creating shared instance of singleton bean 'viewResolver'
2024-11-13 14:45:19 [main] DEBUG DefaultListableBeanFactory:225 - Creating shared instance of singleton bean 'org.springframework.boot.autoconfigure.aop.AopAutoConfiguration$ClassProxyingConfiguration'
2024-11-13 14:45:19 [main] DEBUG DefaultListableBeanFactory:225 - Creating shared instance of singleton bean 'org.springframework.boot.autoconfigure.aop.AopAutoConfiguration'
2024-11-13 14:45:19 [main] DEBUG DefaultListableBeanFactory:225 - Creating shared instance of singleton bean 'org.springframework.boot.autoconfigure.availability.ApplicationAvailabilityAutoConfiguration'
2024-11-13 14:45:19 [main] DEBUG DefaultListableBeanFactory:225 - Creating shared instance of singleton bean 'applicationAvailability'
2024-11-13 14:45:19 [main] DEBUG DefaultListableBeanFactory:225 - Creating shared instance of singleton bean 'org.springframework.boot.autoconfigure.context.ConfigurationPropertiesAutoConfiguration'
2024-11-13 14:45:19 [main] DEBUG DefaultListableBeanFactory:225 - Creating shared instance of singleton bean 'org.springframework.boot.autoconfigure.context.LifecycleAutoConfiguration'
2024-11-13 14:45:19 [main] DEBUG DefaultListableBeanFactory:225 - Creating shared instance of singleton bean 'lifecycleProcessor'
2024-11-13 14:45:19 [main] DEBUG DefaultListableBeanFactory:225 - Creating shared instance of singleton bean 'spring.lifecycle-org.springframework.boot.autoconfigure.context.LifecycleProperties'
2024-11-13 14:45:19 [main] DEBUG DefaultListableBeanFactory:945 - Autowiring by type from bean name 'lifecycleProcessor' via factory method to bean named 'spring.lifecycle-org.springframework.boot.autoconfigure.context.LifecycleProperties'
2024-11-13 14:45:19 [main] DEBUG DefaultListableBeanFactory:225 - Creating shared instance of singleton bean 'org.springframework.boot.autoconfigure.http.JacksonHttpMessageConvertersConfiguration'
2024-11-13 14:45:19 [main] DEBUG DefaultListableBeanFactory:225 - Creating shared instance of singleton bean 'org.springframework.boot.autoconfigure.info.ProjectInfoAutoConfiguration'
2024-11-13 14:45:19 [main] DEBUG DefaultListableBeanFactory:225 - Creating shared instance of singleton bean 'spring.info-org.springframework.boot.autoconfigure.info.ProjectInfoProperties'
2024-11-13 14:45:19 [main] DEBUG DefaultListableBeanFactory:945 - Autowiring by type from bean name 'org.springframework.boot.autoconfigure.info.ProjectInfoAutoConfiguration' via constructor to bean named 'spring.info-org.springframework.boot.autoconfigure.info.ProjectInfoProperties'
2024-11-13 14:45:19 [main] DEBUG DefaultListableBeanFactory:225 - Creating shared instance of singleton bean 'org.springframework.boot.autoconfigure.security.servlet.SpringBootWebSecurityConfiguration'
2024-11-13 14:45:19 [main] DEBUG DefaultListableBeanFactory:225 - Creating shared instance of singleton bean 'org.springframework.boot.autoconfigure.security.servlet.SecurityAutoConfiguration'
2024-11-13 14:45:19 [main] DEBUG DefaultListableBeanFactory:225 - Creating shared instance of singleton bean 'authenticationEventPublisher'
2024-11-13 14:45:19 [main] DEBUG DefaultListableBeanFactory:945 - Autowiring by type from bean name 'authenticationEventPublisher' via factory method to bean named 'org.springframework.boot.web.servlet.context.AnnotationConfigServletWebServerApplicationContext@6ca0256d'
2024-11-13 14:45:19 [main] DEBUG DefaultListableBeanFactory:225 - Creating shared instance of singleton bean 'spring.security-org.springframework.boot.autoconfigure.security.SecurityProperties'
2024-11-13 14:45:19 [main] DEBUG DefaultListableBeanFactory:225 - Creating shared instance of singleton bean 'org.springframework.boot.autoconfigure.sql.init.SqlInitializationAutoConfiguration'
2024-11-13 14:45:19 [main] DEBUG DefaultListableBeanFactory:225 - Creating shared instance of singleton bean 'spring.sql.init-org.springframework.boot.autoconfigure.sql.init.SqlInitializationProperties'
2024-11-13 14:45:19 [main] DEBUG DefaultListableBeanFactory:225 - Creating shared instance of singleton bean 'org.springframework.boot.autoconfigure.task.TaskSchedulingConfigurations$ThreadPoolTaskSchedulerBuilderConfiguration'
2024-11-13 14:45:19 [main] DEBUG DefaultListableBeanFactory:225 - Creating shared instance of singleton bean 'threadPoolTaskSchedulerBuilder'
2024-11-13 14:45:19 [main] DEBUG DefaultListableBeanFactory:225 - Creating shared instance of singleton bean 'spring.task.scheduling-org.springframework.boot.autoconfigure.task.TaskSchedulingProperties'
2024-11-13 14:45:19 [main] DEBUG DefaultListableBeanFactory:945 - Autowiring by type from bean name 'threadPoolTaskSchedulerBuilder' via factory method to bean named 'spring.task.scheduling-org.springframework.boot.autoconfigure.task.TaskSchedulingProperties'
2024-11-13 14:45:19 [main] DEBUG DefaultListableBeanFactory:225 - Creating shared instance of singleton bean 'org.springframework.boot.autoconfigure.task.TaskSchedulingConfigurations$TaskSchedulerBuilderConfiguration'
2024-11-13 14:45:19 [main] DEBUG DefaultListableBeanFactory:225 - Creating shared instance of singleton bean 'taskSchedulerBuilder'
2024-11-13 14:45:19 [main] DEBUG DefaultListableBeanFactory:945 - Autowiring by type from bean name 'taskSchedulerBuilder' via factory method to bean named 'spring.task.scheduling-org.springframework.boot.autoconfigure.task.TaskSchedulingProperties'
2024-11-13 14:45:19 [main] DEBUG DefaultListableBeanFactory:225 - Creating shared instance of singleton bean 'org.springframework.boot.autoconfigure.task.TaskSchedulingConfigurations$SimpleAsyncTaskSchedulerBuilderConfiguration'
2024-11-13 14:45:19 [main] DEBUG DefaultListableBeanFactory:945 - Autowiring by type from bean name 'org.springframework.boot.autoconfigure.task.TaskSchedulingConfigurations$SimpleAsyncTaskSchedulerBuilderConfiguration' via constructor to bean named 'spring.task.scheduling-org.springframework.boot.autoconfigure.task.TaskSchedulingProperties'
2024-11-13 14:45:19 [main] DEBUG DefaultListableBeanFactory:225 - Creating shared instance of singleton bean 'simpleAsyncTaskSchedulerBuilder'
2024-11-13 14:45:19 [main] DEBUG DefaultListableBeanFactory:225 - Creating shared instance of singleton bean 'org.springframework.boot.autoconfigure.task.TaskSchedulingAutoConfiguration'
2024-11-13 14:45:19 [main] DEBUG DefaultListableBeanFactory:225 - Creating shared instance of singleton bean 'org.springframework.boot.autoconfigure.web.client.RestClientAutoConfiguration'
2024-11-13 14:45:19 [main] DEBUG DefaultListableBeanFactory:225 - Creating shared instance of singleton bean 'httpMessageConvertersRestClientCustomizer'
2024-11-13 14:45:19 [main] DEBUG DefaultListableBeanFactory:225 - Creating shared instance of singleton bean 'restClientSsl'
2024-11-13 14:45:19 [main] DEBUG DefaultListableBeanFactory:945 - Autowiring by type from bean name 'restClientSsl' via factory method to bean named 'sslBundleRegistry'
2024-11-13 14:45:19 [main] DEBUG DefaultListableBeanFactory:225 - Creating shared instance of singleton bean 'restClientBuilderConfigurer'
2024-11-13 14:45:19 [main] DEBUG DefaultListableBeanFactory:225 - Creating shared instance of singleton bean 'org.springframework.boot.autoconfigure.web.client.RestTemplateAutoConfiguration'
2024-11-13 14:45:19 [main] DEBUG DefaultListableBeanFactory:225 - Creating shared instance of singleton bean 'org.springframework.boot.autoconfigure.web.embedded.EmbeddedWebServerFactoryCustomizerAutoConfiguration'
2024-11-13 14:45:19 [main] DEBUG DefaultListableBeanFactory:225 - Creating shared instance of singleton bean 'multipartResolver'
2024-11-13 14:45:19 [main] DEBUG DefaultLifecycleProcessor:469 - Starting beans in phase -2147483647
2024-11-13 14:45:19 [main] DEBUG DefaultLifecycleProcessor:291 - Successfully started bean 'springBootLoggingLifecycle'
2024-11-13 14:45:19 [main] DEBUG DefaultLifecycleProcessor:469 - Starting beans in phase 2147481599
2024-11-13 14:45:19 [main] INFO  TomcatWebServer:243 - Tomcat started on port 8080 (http) with context path '/'
2024-11-13 14:45:19 [main] DEBUG DefaultLifecycleProcessor:291 - Successfully started bean 'webServerStartStop'
2024-11-13 14:45:19 [main] DEBUG DefaultLifecycleProcessor:469 - Starting beans in phase 2147482623
2024-11-13 14:45:19 [main] DEBUG DefaultLifecycleProcessor:291 - Successfully started bean 'webServerGracefulShutdown'
2024-11-13 14:45:19 [main] DEBUG DefaultLifecycleProcessor:469 - Starting beans in phase 2147483647
2024-11-13 14:45:19 [main] DEBUG ConditionEvaluationReportLogger:72 - 


============================
CONDITIONS EVALUATION REPORT
============================


Positive matches:
-----------------

   AopAutoConfiguration matched:
      - @ConditionalOnProperty (spring.aop.auto=true) matched (OnPropertyCondition)

   AopAutoConfiguration.ClassProxyingConfiguration matched:
      - @ConditionalOnMissingClass did not find unwanted class 'org.aspectj.weaver.Advice' (OnClassCondition)
      - @ConditionalOnProperty (spring.aop.proxy-target-class=true) matched (OnPropertyCondition)

   ApplicationAvailabilityAutoConfiguration#applicationAvailability matched:
      - @ConditionalOnMissingBean (types: org.springframework.boot.availability.ApplicationAvailability; SearchStrategy: all) did not find any beans (OnBeanCondition)

   DispatcherServletAutoConfiguration matched:
      - @ConditionalOnClass found required class 'org.springframework.web.servlet.DispatcherServlet' (OnClassCondition)
      - found 'session' scope (OnWebApplicationCondition)

   DispatcherServletAutoConfiguration.DispatcherServletConfiguration matched:
      - @ConditionalOnClass found required class 'jakarta.servlet.ServletRegistration' (OnClassCondition)
      - Default DispatcherServlet did not find dispatcher servlet beans (DispatcherServletAutoConfiguration.DefaultDispatcherServletCondition)

   DispatcherServletAutoConfiguration.DispatcherServletRegistrationConfiguration matched:
      - @ConditionalOnClass found required class 'jakarta.servlet.ServletRegistration' (OnClassCondition)
      - DispatcherServlet Registration did not find servlet registration bean (DispatcherServletAutoConfiguration.DispatcherServletRegistrationCondition)

   DispatcherServletAutoConfiguration.DispatcherServletRegistrationConfiguration#dispatcherServletRegistration matched:
      - @ConditionalOnBean (names: dispatcherServlet types: org.springframework.web.servlet.DispatcherServlet; SearchStrategy: all) found bean 'dispatcherServlet' (OnBeanCondition)

   EmbeddedWebServerFactoryCustomizerAutoConfiguration matched:
      - @ConditionalOnWebApplication (required) found 'session' scope (OnWebApplicationCondition)
      - @ConditionalOnWarDeployment the application is not deployed as a WAR file. (OnWarDeploymentCondition)

   EmbeddedWebServerFactoryCustomizerAutoConfiguration.TomcatWebServerFactoryCustomizerConfiguration matched:
      - @ConditionalOnClass found required classes 'org.apache.catalina.startup.Tomcat', 'org.apache.coyote.UpgradeProtocol' (OnClassCondition)

   ErrorMvcAutoConfiguration matched:
      - @ConditionalOnClass found required classes 'jakarta.servlet.Servlet', 'org.springframework.web.servlet.DispatcherServlet' (OnClassCondition)
      - found 'session' scope (OnWebApplicationCondition)

   ErrorMvcAutoConfiguration#basicErrorController matched:
      - @ConditionalOnMissingBean (types: org.springframework.boot.web.servlet.error.ErrorController; SearchStrategy: current) did not find any beans (OnBeanCondition)

   ErrorMvcAutoConfiguration#errorAttributes matched:
      - @ConditionalOnMissingBean (types: org.springframework.boot.web.servlet.error.ErrorAttributes; SearchStrategy: current) did not find any beans (OnBeanCondition)

   ErrorMvcAutoConfiguration.DefaultErrorViewResolverConfiguration#conventionErrorViewResolver matched:
      - @ConditionalOnBean (types: org.springframework.web.servlet.DispatcherServlet; SearchStrategy: all) found bean 'dispatcherServlet'; @ConditionalOnMissingBean (types: org.springframework.boot.autoconfigure.web.servlet.error.ErrorViewResolver; SearchStrategy: all) did not find any beans (OnBeanCondition)

   ErrorMvcAutoConfiguration.WhitelabelErrorViewConfiguration matched:
      - @ConditionalOnProperty (server.error.whitelabel.enabled) matched (OnPropertyCondition)
      - ErrorTemplate Missing did not find error template view (ErrorMvcAutoConfiguration.ErrorTemplateMissingCondition)

   ErrorMvcAutoConfiguration.WhitelabelErrorViewConfiguration#beanNameViewResolver matched:
      - @ConditionalOnMissingBean (types: org.springframework.web.servlet.view.BeanNameViewResolver; SearchStrategy: all) did not find any beans (OnBeanCondition)

   ErrorMvcAutoConfiguration.WhitelabelErrorViewConfiguration#defaultErrorView matched:
      - @ConditionalOnMissingBean (names: error; SearchStrategy: all) did not find any beans (OnBeanCondition)

   GenericCacheConfiguration matched:
      - Cache org.springframework.boot.autoconfigure.cache.GenericCacheConfiguration automatic cache type (CacheCondition)

   HttpEncodingAutoConfiguration matched:
      - @ConditionalOnClass found required class 'org.springframework.web.filter.CharacterEncodingFilter' (OnClassCondition)
      - found 'session' scope (OnWebApplicationCondition)
      - @ConditionalOnProperty (server.servlet.encoding.enabled) matched (OnPropertyCondition)

   HttpEncodingAutoConfiguration#characterEncodingFilter matched:
      - @ConditionalOnMissingBean (types: org.springframework.web.filter.CharacterEncodingFilter; SearchStrategy: all) did not find any beans (OnBeanCondition)

   HttpMessageConvertersAutoConfiguration matched:
      - @ConditionalOnClass found required class 'org.springframework.http.converter.HttpMessageConverter' (OnClassCondition)
      - NoneNestedConditions 0 matched 1 did not; NestedCondition on HttpMessageConvertersAutoConfiguration.NotReactiveWebApplicationCondition.ReactiveWebApplication did not find reactive web application classes (HttpMessageConvertersAutoConfiguration.NotReactiveWebApplicationCondition)

   HttpMessageConvertersAutoConfiguration#messageConverters matched:
      - @ConditionalOnMissingBean (types: org.springframework.boot.autoconfigure.http.HttpMessageConverters; SearchStrategy: all) did not find any beans (OnBeanCondition)

   HttpMessageConvertersAutoConfiguration.StringHttpMessageConverterConfiguration matched:
      - @ConditionalOnClass found required class 'org.springframework.http.converter.StringHttpMessageConverter' (OnClassCondition)

   HttpMessageConvertersAutoConfiguration.StringHttpMessageConverterConfiguration#stringHttpMessageConverter matched:
      - @ConditionalOnMissingBean (types: org.springframework.http.converter.StringHttpMessageConverter; SearchStrategy: all) did not find any beans (OnBeanCondition)

   JacksonAutoConfiguration matched:
      - @ConditionalOnClass found required class 'com.fasterxml.jackson.databind.ObjectMapper' (OnClassCondition)

   JacksonAutoConfiguration.Jackson2ObjectMapperBuilderCustomizerConfiguration matched:
      - @ConditionalOnClass found required class 'org.springframework.http.converter.json.Jackson2ObjectMapperBuilder' (OnClassCondition)

   JacksonAutoConfiguration.JacksonObjectMapperBuilderConfiguration matched:
      - @ConditionalOnClass found required class 'org.springframework.http.converter.json.Jackson2ObjectMapperBuilder' (OnClassCondition)

   JacksonAutoConfiguration.JacksonObjectMapperBuilderConfiguration#jacksonObjectMapperBuilder matched:
      - @ConditionalOnMissingBean (types: org.springframework.http.converter.json.Jackson2ObjectMapperBuilder; SearchStrategy: all) did not find any beans (OnBeanCondition)

   JacksonAutoConfiguration.JacksonObjectMapperConfiguration matched:
      - @ConditionalOnClass found required class 'org.springframework.http.converter.json.Jackson2ObjectMapperBuilder' (OnClassCondition)

   JacksonAutoConfiguration.JacksonObjectMapperConfiguration#jacksonObjectMapper matched:
      - @ConditionalOnMissingBean (types: com.fasterxml.jackson.databind.ObjectMapper; SearchStrategy: all) did not find any beans (OnBeanCondition)

   JacksonAutoConfiguration.ParameterNamesModuleConfiguration matched:
      - @ConditionalOnClass found required class 'com.fasterxml.jackson.module.paramnames.ParameterNamesModule' (OnClassCondition)

   JacksonAutoConfiguration.ParameterNamesModuleConfiguration#parameterNamesModule matched:
      - @ConditionalOnMissingBean (types: com.fasterxml.jackson.module.paramnames.ParameterNamesModule; SearchStrategy: all) did not find any beans (OnBeanCondition)

   JacksonHttpMessageConvertersConfiguration.MappingJackson2HttpMessageConverterConfiguration matched:
      - @ConditionalOnClass found required class 'com.fasterxml.jackson.databind.ObjectMapper' (OnClassCondition)
      - @ConditionalOnProperty (spring.mvc.converters.preferred-json-mapper=jackson) matched (OnPropertyCondition)
      - @ConditionalOnBean (types: com.fasterxml.jackson.databind.ObjectMapper; SearchStrategy: all) found bean 'jacksonObjectMapper' (OnBeanCondition)

   JacksonHttpMessageConvertersConfiguration.MappingJackson2HttpMessageConverterConfiguration#mappingJackson2HttpMessageConverter matched:
      - @ConditionalOnMissingBean (types: org.springframework.http.converter.json.MappingJackson2HttpMessageConverter ignored: org.springframework.hateoas.server.mvc.TypeConstrainedMappingJackson2HttpMessageConverter,org.springframework.data.rest.webmvc.alps.AlpsJsonHttpMessageConverter; SearchStrategy: all) did not find any beans (OnBeanCondition)

   LifecycleAutoConfiguration#defaultLifecycleProcessor matched:
      - @ConditionalOnMissingBean (names: lifecycleProcessor; SearchStrategy: current) did not find any beans (OnBeanCondition)

   MultipartAutoConfiguration matched:
      - @ConditionalOnClass found required classes 'jakarta.servlet.Servlet', 'org.springframework.web.multipart.support.StandardServletMultipartResolver', 'jakarta.servlet.MultipartConfigElement' (OnClassCondition)
      - found 'session' scope (OnWebApplicationCondition)
      - @ConditionalOnProperty (spring.servlet.multipart.enabled) matched (OnPropertyCondition)

   MultipartAutoConfiguration#multipartConfigElement matched:
      - @ConditionalOnMissingBean (types: jakarta.servlet.MultipartConfigElement; SearchStrategy: all) did not find any beans (OnBeanCondition)

   MultipartAutoConfiguration#multipartResolver matched:
      - @ConditionalOnMissingBean (types: org.springframework.web.multipart.MultipartResolver; SearchStrategy: all) did not find any beans (OnBeanCondition)

   NoOpCacheConfiguration matched:
      - Cache org.springframework.boot.autoconfigure.cache.NoOpCacheConfiguration automatic cache type (CacheCondition)

   PropertyPlaceholderAutoConfiguration#propertySourcesPlaceholderConfigurer matched:
      - @ConditionalOnMissingBean (types: org.springframework.context.support.PropertySourcesPlaceholderConfigurer; SearchStrategy: current) did not find any beans (OnBeanCondition)

   RestClientAutoConfiguration matched:
      - @ConditionalOnClass found required class 'org.springframework.web.client.RestClient' (OnClassCondition)
      - NoneNestedConditions 0 matched 1 did not; NestedCondition on NotReactiveWebApplicationCondition.ReactiveWebApplication did not find reactive web application classes (NotReactiveWebApplicationCondition)

   RestClientAutoConfiguration#httpMessageConvertersRestClientCustomizer matched:
      - @ConditionalOnMissingBean (types: org.springframework.boot.autoconfigure.web.client.HttpMessageConvertersRestClientCustomizer; SearchStrategy: all) did not find any beans (OnBeanCondition)

   RestClientAutoConfiguration#restClientBuilder matched:
      - @ConditionalOnMissingBean (types: org.springframework.web.client.RestClient$Builder; SearchStrategy: all) did not find any beans (OnBeanCondition)

   RestClientAutoConfiguration#restClientBuilderConfigurer matched:
      - @ConditionalOnMissingBean (types: org.springframework.boot.autoconfigure.web.client.RestClientBuilderConfigurer; SearchStrategy: all) did not find any beans (OnBeanCondition)

   RestClientAutoConfiguration#restClientSsl matched:
      - @ConditionalOnBean (types: org.springframework.boot.ssl.SslBundles; SearchStrategy: all) found bean 'sslBundleRegistry'; @ConditionalOnMissingBean (types: org.springframework.boot.autoconfigure.web.client.RestClientSsl; SearchStrategy: all) did not find any beans (OnBeanCondition)

   RestTemplateAutoConfiguration matched:
      - @ConditionalOnClass found required class 'org.springframework.web.client.RestTemplate' (OnClassCondition)
      - NoneNestedConditions 0 matched 1 did not; NestedCondition on NotReactiveWebApplicationCondition.ReactiveWebApplication did not find reactive web application classes (NotReactiveWebApplicationCondition)

   RestTemplateAutoConfiguration#restTemplateBuilder matched:
      - @ConditionalOnMissingBean (types: org.springframework.boot.web.client.RestTemplateBuilder; SearchStrategy: all) did not find any beans (OnBeanCondition)

   SecurityAutoConfiguration matched:
      - @ConditionalOnClass found required class 'org.springframework.security.authentication.DefaultAuthenticationEventPublisher' (OnClassCondition)

   SecurityAutoConfiguration#authenticationEventPublisher matched:
      - @ConditionalOnMissingBean (types: org.springframework.security.authentication.AuthenticationEventPublisher; SearchStrategy: all) did not find any beans (OnBeanCondition)

   ServletWebServerFactoryAutoConfiguration matched:
      - @ConditionalOnClass found required class 'jakarta.servlet.ServletRequest' (OnClassCondition)
      - found 'session' scope (OnWebApplicationCondition)

   ServletWebServerFactoryAutoConfiguration#tomcatServletWebServerFactoryCustomizer matched:
      - @ConditionalOnClass found required class 'org.apache.catalina.startup.Tomcat' (OnClassCondition)

   ServletWebServerFactoryConfiguration.EmbeddedTomcat matched:
      - @ConditionalOnClass found required classes 'jakarta.servlet.Servlet', 'org.apache.catalina.startup.Tomcat', 'org.apache.coyote.UpgradeProtocol' (OnClassCondition)
      - @ConditionalOnMissingBean (types: org.springframework.boot.web.servlet.server.ServletWebServerFactory; SearchStrategy: current) did not find any beans (OnBeanCondition)

   SimpleCacheConfiguration matched:
      - Cache org.springframework.boot.autoconfigure.cache.SimpleCacheConfiguration automatic cache type (CacheCondition)

   SpringBootWebSecurityConfiguration matched:
      - found 'session' scope (OnWebApplicationCondition)

   SqlInitializationAutoConfiguration matched:
      - @ConditionalOnProperty (spring.sql.init.enabled) matched (OnPropertyCondition)
      - NoneNestedConditions 0 matched 1 did not; NestedCondition on SqlInitializationAutoConfiguration.SqlInitializationModeCondition.ModeIsNever @ConditionalOnProperty (spring.sql.init.mode=never) did not find property 'mode' (SqlInitializationAutoConfiguration.SqlInitializationModeCondition)

   SslAutoConfiguration#sslBundleRegistry matched:
      - @ConditionalOnMissingBean (types: org.springframework.boot.ssl.SslBundleRegistry,org.springframework.boot.ssl.SslBundles; SearchStrategy: all) did not find any beans (OnBeanCondition)

   TaskExecutionAutoConfiguration matched:
      - @ConditionalOnClass found required class 'org.springframework.scheduling.concurrent.ThreadPoolTaskExecutor' (OnClassCondition)

   TaskExecutorConfigurations.SimpleAsyncTaskExecutorBuilderConfiguration#simpleAsyncTaskExecutorBuilder matched:
      - @ConditionalOnMissingBean (types: org.springframework.boot.task.SimpleAsyncTaskExecutorBuilder; SearchStrategy: all) did not find any beans (OnBeanCondition)
      - @ConditionalOnThreading found PLATFORM (OnThreadingCondition)

   TaskExecutorConfigurations.TaskExecutorBuilderConfiguration#taskExecutorBuilder matched:
      - @ConditionalOnMissingBean (types: org.springframework.boot.task.TaskExecutorBuilder; SearchStrategy: all) did not find any beans (OnBeanCondition)

   TaskExecutorConfigurations.TaskExecutorConfiguration matched:
      - @ConditionalOnMissingBean (types: java.util.concurrent.Executor; SearchStrategy: all) did not find any beans (OnBeanCondition)

   TaskExecutorConfigurations.TaskExecutorConfiguration#applicationTaskExecutor matched:
      - @ConditionalOnThreading found PLATFORM (OnThreadingCondition)

   TaskExecutorConfigurations.ThreadPoolTaskExecutorBuilderConfiguration#threadPoolTaskExecutorBuilder matched:
      - @ConditionalOnMissingBean (types: org.springframework.boot.task.TaskExecutorBuilder,org.springframework.boot.task.ThreadPoolTaskExecutorBuilder; SearchStrategy: all) did not find any beans (OnBeanCondition)

   TaskSchedulingAutoConfiguration matched:
      - @ConditionalOnClass found required class 'org.springframework.scheduling.concurrent.ThreadPoolTaskScheduler' (OnClassCondition)

   TaskSchedulingConfigurations.SimpleAsyncTaskSchedulerBuilderConfiguration#simpleAsyncTaskSchedulerBuilder matched:
      - @ConditionalOnMissingBean (types: org.springframework.boot.task.SimpleAsyncTaskSchedulerBuilder; SearchStrategy: all) did not find any beans (OnBeanCondition)
      - @ConditionalOnThreading found PLATFORM (OnThreadingCondition)

   TaskSchedulingConfigurations.TaskSchedulerBuilderConfiguration#taskSchedulerBuilder matched:
      - @ConditionalOnMissingBean (types: org.springframework.boot.task.TaskSchedulerBuilder; SearchStrategy: all) did not find any beans (OnBeanCondition)

   TaskSchedulingConfigurations.ThreadPoolTaskSchedulerBuilderConfiguration#threadPoolTaskSchedulerBuilder matched:
      - @ConditionalOnMissingBean (types: org.springframework.boot.task.TaskSchedulerBuilder,org.springframework.boot.task.ThreadPoolTaskSchedulerBuilder; SearchStrategy: all) did not find any beans (OnBeanCondition)

   WebMvcAutoConfiguration matched:
      - @ConditionalOnClass found required classes 'jakarta.servlet.Servlet', 'org.springframework.web.servlet.DispatcherServlet', 'org.springframework.web.servlet.config.annotation.WebMvcConfigurer' (OnClassCondition)
      - found 'session' scope (OnWebApplicationCondition)
      - @ConditionalOnMissingBean (types: org.springframework.web.servlet.config.annotation.WebMvcConfigurationSupport; SearchStrategy: all) did not find any beans (OnBeanCondition)

   WebMvcAutoConfiguration#formContentFilter matched:
      - @ConditionalOnProperty (spring.mvc.formcontent.filter.enabled) matched (OnPropertyCondition)
      - @ConditionalOnMissingBean (types: org.springframework.web.filter.FormContentFilter; SearchStrategy: all) did not find any beans (OnBeanCondition)

   WebMvcAutoConfiguration.EnableWebMvcConfiguration#flashMapManager matched:
      - @ConditionalOnMissingBean (names: flashMapManager; SearchStrategy: all) did not find any beans (OnBeanCondition)

   WebMvcAutoConfiguration.EnableWebMvcConfiguration#localeResolver matched:
      - @ConditionalOnMissingBean (names: localeResolver; SearchStrategy: all) did not find any beans (OnBeanCondition)

   WebMvcAutoConfiguration.EnableWebMvcConfiguration#themeResolver matched:
      - @ConditionalOnMissingBean (names: themeResolver; SearchStrategy: all) did not find any beans (OnBeanCondition)

   WebMvcAutoConfiguration.WebMvcAutoConfigurationAdapter#defaultViewResolver matched:
      - @ConditionalOnMissingBean (types: org.springframework.web.servlet.view.InternalResourceViewResolver; SearchStrategy: all) did not find any beans (OnBeanCondition)

   WebMvcAutoConfiguration.WebMvcAutoConfigurationAdapter#requestContextFilter matched:
      - @ConditionalOnMissingBean (types: org.springframework.web.context.request.RequestContextListener,org.springframework.web.filter.RequestContextFilter; SearchStrategy: all) did not find any beans (OnBeanCondition)

   WebMvcAutoConfiguration.WebMvcAutoConfigurationAdapter#viewResolver matched:
      - @ConditionalOnBean (types: org.springframework.web.servlet.ViewResolver; SearchStrategy: all) found beans 'defaultViewResolver', 'beanNameViewResolver', 'mvcViewResolver'; @ConditionalOnMissingBean (names: viewResolver types: org.springframework.web.servlet.view.ContentNegotiatingViewResolver; SearchStrategy: all) did not find any beans (OnBeanCondition)

   WebSocketServletAutoConfiguration matched:
      - @ConditionalOnClass found required classes 'jakarta.servlet.Servlet', 'jakarta.websocket.server.ServerContainer' (OnClassCondition)
      - found 'session' scope (OnWebApplicationCondition)

   WebSocketServletAutoConfiguration.TomcatWebSocketConfiguration matched:
      - @ConditionalOnClass found required classes 'org.apache.catalina.startup.Tomcat', 'org.apache.tomcat.websocket.server.WsSci' (OnClassCondition)

   WebSocketServletAutoConfiguration.TomcatWebSocketConfiguration#websocketServletWebServerCustomizer matched:
      - @ConditionalOnMissingBean (names: websocketServletWebServerCustomizer; SearchStrategy: all) did not find any beans (OnBeanCondition)


Negative matches:
-----------------

   ActiveMQAutoConfiguration:
      Did not match:
         - @ConditionalOnClass did not find required class 'jakarta.jms.ConnectionFactory' (OnClassCondition)

   AopAutoConfiguration.AspectJAutoProxyingConfiguration:
      Did not match:
         - @ConditionalOnClass did not find required class 'org.aspectj.weaver.Advice' (OnClassCondition)

   ArtemisAutoConfiguration:
      Did not match:
         - @ConditionalOnClass did not find required class 'jakarta.jms.ConnectionFactory' (OnClassCondition)

   BatchAutoConfiguration:
      Did not match:
         - @ConditionalOnClass did not find required class 'org.springframework.batch.core.launch.JobLauncher' (OnClassCondition)

   Cache2kCacheConfiguration:
      Did not match:
         - @ConditionalOnClass did not find required class 'org.cache2k.Cache2kBuilder' (OnClassCondition)

   CacheAutoConfiguration:
      Did not match:
         - @ConditionalOnBean (types: org.springframework.cache.interceptor.CacheAspectSupport; SearchStrategy: all) did not find any beans of type org.springframework.cache.interceptor.CacheAspectSupport (OnBeanCondition)
      Matched:
         - @ConditionalOnClass found required class 'org.springframework.cache.CacheManager' (OnClassCondition)

   CacheAutoConfiguration.CacheManagerEntityManagerFactoryDependsOnPostProcessor:
      Did not match:
         - @ConditionalOnClass did not find required class 'org.springframework.orm.jpa.LocalContainerEntityManagerFactoryBean' (OnClassCondition)
         - Ancestor org.springframework.boot.autoconfigure.cache.CacheAutoConfiguration did not match (ConditionEvaluationReport.AncestorsMatchedCondition)

   CaffeineCacheConfiguration:
      Did not match:
         - @ConditionalOnClass did not find required class 'com.github.benmanes.caffeine.cache.Caffeine' (OnClassCondition)

   CassandraAutoConfiguration:
      Did not match:
         - @ConditionalOnClass did not find required class 'com.datastax.oss.driver.api.core.CqlSession' (OnClassCondition)

   CassandraDataAutoConfiguration:
      Did not match:
         - @ConditionalOnClass did not find required class 'com.datastax.oss.driver.api.core.CqlSession' (OnClassCondition)

   CassandraReactiveDataAutoConfiguration:
      Did not match:
         - @ConditionalOnClass did not find required class 'com.datastax.oss.driver.api.core.CqlSession' (OnClassCondition)

   CassandraReactiveRepositoriesAutoConfiguration:
      Did not match:
         - @ConditionalOnClass did not find required class 'org.springframework.data.cassandra.ReactiveSession' (OnClassCondition)

   CassandraRepositoriesAutoConfiguration:
      Did not match:
         - @ConditionalOnClass did not find required class 'com.datastax.oss.driver.api.core.CqlSession' (OnClassCondition)

   ClientHttpConnectorAutoConfiguration:
      Did not match:
         - @ConditionalOnClass did not find required class 'org.springframework.web.reactive.function.client.WebClient' (OnClassCondition)

   CodecsAutoConfiguration:
      Did not match:
         - @ConditionalOnClass did not find required class 'org.springframework.web.reactive.function.client.WebClient' (OnClassCondition)

   CouchbaseAutoConfiguration:
      Did not match:
         - @ConditionalOnClass did not find required class 'com.couchbase.client.java.Cluster' (OnClassCondition)

   CouchbaseCacheConfiguration:
      Did not match:
         - @ConditionalOnClass did not find required class 'com.couchbase.client.java.Cluster' (OnClassCondition)

   CouchbaseDataAutoConfiguration:
      Did not match:
         - @ConditionalOnClass did not find required class 'com.couchbase.client.java.Bucket' (OnClassCondition)

   CouchbaseReactiveDataAutoConfiguration:
      Did not match:
         - @ConditionalOnClass did not find required class 'com.couchbase.client.java.Cluster' (OnClassCondition)

   CouchbaseReactiveRepositoriesAutoConfiguration:
      Did not match:
         - @ConditionalOnClass did not find required class 'com.couchbase.client.java.Cluster' (OnClassCondition)

   CouchbaseRepositoriesAutoConfiguration:
      Did not match:
         - @ConditionalOnClass did not find required class 'com.couchbase.client.java.Bucket' (OnClassCondition)

   DataSourceAutoConfiguration:
      Did not match:
         - @ConditionalOnClass did not find required class 'org.springframework.jdbc.datasource.embedded.EmbeddedDatabaseType' (OnClassCondition)

   DataSourceInitializationConfiguration:
      Did not match:
         - @ConditionalOnClass did not find required class 'org.springframework.jdbc.datasource.init.DatabasePopulator' (OnClassCondition)

   DataSourceTransactionManagerAutoConfiguration:
      Did not match:
         - @ConditionalOnClass did not find required class 'org.springframework.jdbc.core.JdbcTemplate' (OnClassCondition)

   DispatcherServletAutoConfiguration.DispatcherServletConfiguration#multipartResolver:
      Did not match:
         - @ConditionalOnBean (types: org.springframework.web.multipart.MultipartResolver; SearchStrategy: all) did not find any beans of type org.springframework.web.multipart.MultipartResolver (OnBeanCondition)

   ElasticsearchClientAutoConfiguration:
      Did not match:
         - @ConditionalOnClass did not find required class 'co.elastic.clients.elasticsearch.ElasticsearchClient' (OnClassCondition)

   ElasticsearchDataAutoConfiguration:
      Did not match:
         - @ConditionalOnClass did not find required class 'org.springframework.data.elasticsearch.client.elc.ElasticsearchTemplate' (OnClassCondition)

   ElasticsearchRepositoriesAutoConfiguration:
      Did not match:
         - @ConditionalOnClass did not find required class 'org.springframework.data.elasticsearch.repository.ElasticsearchRepository' (OnClassCondition)

   ElasticsearchRestClientAutoConfiguration:
      Did not match:
         - @ConditionalOnClass did not find required class 'org.elasticsearch.client.RestClientBuilder' (OnClassCondition)

   EmbeddedLdapAutoConfiguration:
      Did not match:
         - @ConditionalOnClass did not find required class 'com.unboundid.ldap.listener.InMemoryDirectoryServer' (OnClassCondition)

   EmbeddedWebServerFactoryCustomizerAutoConfiguration.JettyWebServerFactoryCustomizerConfiguration:
      Did not match:
         - @ConditionalOnClass did not find required classes 'org.eclipse.jetty.server.Server', 'org.eclipse.jetty.util.Loader', 'org.eclipse.jetty.ee10.webapp.WebAppContext' (OnClassCondition)

   EmbeddedWebServerFactoryCustomizerAutoConfiguration.NettyWebServerFactoryCustomizerConfiguration:
      Did not match:
         - @ConditionalOnClass did not find required class 'reactor.netty.http.server.HttpServer' (OnClassCondition)

   EmbeddedWebServerFactoryCustomizerAutoConfiguration.TomcatWebServerFactoryCustomizerConfiguration#tomcatVirtualThreadsProtocolHandlerCustomizer:
      Did not match:
         - @ConditionalOnThreading did not find VIRTUAL (OnThreadingCondition)

   EmbeddedWebServerFactoryCustomizerAutoConfiguration.UndertowWebServerFactoryCustomizerConfiguration:
      Did not match:
         - @ConditionalOnClass did not find required classes 'io.undertow.Undertow', 'org.xnio.SslClientAuthMode' (OnClassCondition)

   ErrorWebFluxAutoConfiguration:
      Did not match:
         - @ConditionalOnClass did not find required class 'org.springframework.web.reactive.config.WebFluxConfigurer' (OnClassCondition)

   FlywayAutoConfiguration:
      Did not match:
         - @ConditionalOnClass did not find required class 'org.flywaydb.core.Flyway' (OnClassCondition)

   FreeMarkerAutoConfiguration:
      Did not match:
         - @ConditionalOnClass did not find required class 'freemarker.template.Configuration' (OnClassCondition)

   GraphQlAutoConfiguration:
      Did not match:
         - @ConditionalOnClass did not find required class 'graphql.GraphQL' (OnClassCondition)

   GraphQlQueryByExampleAutoConfiguration:
      Did not match:
         - @ConditionalOnClass did not find required class 'graphql.GraphQL' (OnClassCondition)

   GraphQlQuerydslAutoConfiguration:
      Did not match:
         - @ConditionalOnClass did not find required class 'com.querydsl.core.Query' (OnClassCondition)

   GraphQlRSocketAutoConfiguration:
      Did not match:
         - @ConditionalOnClass did not find required class 'graphql.GraphQL' (OnClassCondition)

   GraphQlReactiveQueryByExampleAutoConfiguration:
      Did not match:
         - @ConditionalOnClass did not find required class 'graphql.GraphQL' (OnClassCondition)

   GraphQlReactiveQuerydslAutoConfiguration:
      Did not match:
         - @ConditionalOnClass did not find required class 'com.querydsl.core.Query' (OnClassCondition)

   GraphQlWebFluxAutoConfiguration:
      Did not match:
         - @ConditionalOnClass did not find required class 'graphql.GraphQL' (OnClassCondition)

   GraphQlWebFluxSecurityAutoConfiguration:
      Did not match:
         - @ConditionalOnClass did not find required class 'graphql.GraphQL' (OnClassCondition)

   GraphQlWebMvcAutoConfiguration:
      Did not match:
         - @ConditionalOnClass did not find required class 'graphql.GraphQL' (OnClassCondition)

   GraphQlWebMvcSecurityAutoConfiguration:
      Did not match:
         - @ConditionalOnClass did not find required class 'graphql.GraphQL' (OnClassCondition)

   GroovyTemplateAutoConfiguration:
      Did not match:
         - @ConditionalOnClass did not find required class 'groovy.text.markup.MarkupTemplateEngine' (OnClassCondition)

   GsonAutoConfiguration:
      Did not match:
         - @ConditionalOnClass did not find required class 'com.google.gson.Gson' (OnClassCondition)

   GsonHttpMessageConvertersConfiguration:
      Did not match:
         - @ConditionalOnClass did not find required class 'com.google.gson.Gson' (OnClassCondition)

   H2ConsoleAutoConfiguration:
      Did not match:
         - @ConditionalOnClass did not find required class 'org.h2.server.web.JakartaWebServlet' (OnClassCondition)

   HazelcastAutoConfiguration:
      Did not match:
         - @ConditionalOnClass did not find required class 'com.hazelcast.core.HazelcastInstance' (OnClassCondition)

   HazelcastCacheConfiguration:
      Did not match:
         - @ConditionalOnClass did not find required class 'com.hazelcast.core.HazelcastInstance' (OnClassCondition)

   HazelcastJpaDependencyAutoConfiguration:
      Did not match:
         - @ConditionalOnClass did not find required class 'com.hazelcast.core.HazelcastInstance' (OnClassCondition)

   HibernateJpaAutoConfiguration:
      Did not match:
         - @ConditionalOnClass did not find required class 'jakarta.persistence.EntityManager' (OnClassCondition)

   HttpHandlerAutoConfiguration:
      Did not match:
         - @ConditionalOnClass did not find required class 'org.springframework.web.reactive.DispatcherHandler' (OnClassCondition)

   HypermediaAutoConfiguration:
      Did not match:
         - @ConditionalOnClass did not find required class 'org.springframework.hateoas.EntityModel' (OnClassCondition)

   InfinispanCacheConfiguration:
      Did not match:
         - @ConditionalOnClass did not find required class 'org.infinispan.spring.embedded.provider.SpringEmbeddedCacheManager' (OnClassCondition)

   InfluxDbAutoConfiguration:
      Did not match:
         - @ConditionalOnClass did not find required class 'org.influxdb.InfluxDB' (OnClassCondition)

   IntegrationAutoConfiguration:
      Did not match:
         - @ConditionalOnClass did not find required class 'org.springframework.integration.config.EnableIntegration' (OnClassCondition)

   JCacheCacheConfiguration:
      Did not match:
         - @ConditionalOnClass did not find required class 'javax.cache.Caching' (OnClassCondition)

   JacksonHttpMessageConvertersConfiguration.MappingJackson2XmlHttpMessageConverterConfiguration:
      Did not match:
         - @ConditionalOnClass did not find required class 'com.fasterxml.jackson.dataformat.xml.XmlMapper' (OnClassCondition)

   JdbcClientAutoConfiguration:
      Did not match:
         - @ConditionalOnSingleCandidate did not find required type 'org.springframework.jdbc.core.namedparam.NamedParameterJdbcTemplate' (OnBeanCondition)

   JdbcRepositoriesAutoConfiguration:
      Did not match:
         - @ConditionalOnClass did not find required class 'org.springframework.data.jdbc.repository.config.AbstractJdbcConfiguration' (OnClassCondition)

   JdbcTemplateAutoConfiguration:
      Did not match:
         - @ConditionalOnClass did not find required class 'org.springframework.jdbc.core.JdbcTemplate' (OnClassCondition)

   JerseyAutoConfiguration:
      Did not match:
         - @ConditionalOnClass did not find required class 'org.glassfish.jersey.server.spring.SpringComponentProvider' (OnClassCondition)

   JmsAutoConfiguration:
      Did not match:
         - @ConditionalOnClass did not find required class 'jakarta.jms.Message' (OnClassCondition)

   JmxAutoConfiguration:
      Did not match:
         - @ConditionalOnProperty (spring.jmx.enabled=true) did not find property 'enabled' (OnPropertyCondition)
      Matched:
         - @ConditionalOnClass found required class 'org.springframework.jmx.export.MBeanExporter' (OnClassCondition)

   JndiConnectionFactoryAutoConfiguration:
      Did not match:
         - @ConditionalOnClass did not find required class 'org.springframework.jms.core.JmsTemplate' (OnClassCondition)

   JndiDataSourceAutoConfiguration:
      Did not match:
         - @ConditionalOnClass did not find required class 'org.springframework.jdbc.datasource.embedded.EmbeddedDatabaseType' (OnClassCondition)

   JooqAutoConfiguration:
      Did not match:
         - @ConditionalOnClass did not find required class 'org.jooq.DSLContext' (OnClassCondition)

   JpaRepositoriesAutoConfiguration:
      Did not match:
         - @ConditionalOnClass did not find required class 'org.springframework.data.jpa.repository.JpaRepository' (OnClassCondition)

   JsonbAutoConfiguration:
      Did not match:
         - @ConditionalOnClass did not find required class 'jakarta.json.bind.Jsonb' (OnClassCondition)

   JsonbHttpMessageConvertersConfiguration:
      Did not match:
         - @ConditionalOnClass did not find required class 'jakarta.json.bind.Jsonb' (OnClassCondition)

   JtaAutoConfiguration:
      Did not match:
         - @ConditionalOnClass did not find required class 'jakarta.transaction.Transaction' (OnClassCondition)

   KafkaAutoConfiguration:
      Did not match:
         - @ConditionalOnClass did not find required class 'org.springframework.kafka.core.KafkaTemplate' (OnClassCondition)

   LdapAutoConfiguration:
      Did not match:
         - @ConditionalOnClass did not find required class 'org.springframework.ldap.core.ContextSource' (OnClassCondition)

   LdapRepositoriesAutoConfiguration:
      Did not match:
         - @ConditionalOnClass did not find required class 'org.springframework.data.ldap.repository.LdapRepository' (OnClassCondition)

   LiquibaseAutoConfiguration:
      Did not match:
         - @ConditionalOnClass did not find required class 'liquibase.change.DatabaseChange' (OnClassCondition)

   MailSenderAutoConfiguration:
      Did not match:
         - @ConditionalOnClass did not find required class 'jakarta.activation.MimeType' (OnClassCondition)

   MailSenderValidatorAutoConfiguration:
      Did not match:
         - @ConditionalOnSingleCandidate did not find required type 'org.springframework.mail.javamail.JavaMailSenderImpl' (OnBeanCondition)

   MessageSourceAutoConfiguration:
      Did not match:
         - ResourceBundle did not find bundle with basename messages (MessageSourceAutoConfiguration.ResourceBundleCondition)

   MongoAutoConfiguration:
      Did not match:
         - @ConditionalOnClass did not find required class 'com.mongodb.client.MongoClient' (OnClassCondition)

   MongoDataAutoConfiguration:
      Did not match:
         - @ConditionalOnClass did not find required class 'com.mongodb.client.MongoClient' (OnClassCondition)

   MongoReactiveAutoConfiguration:
      Did not match:
         - @ConditionalOnClass did not find required class 'com.mongodb.reactivestreams.client.MongoClient' (OnClassCondition)

   MongoReactiveDataAutoConfiguration:
      Did not match:
         - @ConditionalOnClass did not find required class 'com.mongodb.reactivestreams.client.MongoClient' (OnClassCondition)

   MongoReactiveRepositoriesAutoConfiguration:
      Did not match:
         - @ConditionalOnClass did not find required class 'com.mongodb.reactivestreams.client.MongoClient' (OnClassCondition)

   MongoRepositoriesAutoConfiguration:
      Did not match:
         - @ConditionalOnClass did not find required class 'com.mongodb.client.MongoClient' (OnClassCondition)

   MustacheAutoConfiguration:
      Did not match:
         - @ConditionalOnClass did not find required class 'com.samskivert.mustache.Mustache' (OnClassCondition)

   Neo4jAutoConfiguration:
      Did not match:
         - @ConditionalOnClass did not find required class 'org.neo4j.driver.Driver' (OnClassCondition)

   Neo4jDataAutoConfiguration:
      Did not match:
         - @ConditionalOnClass did not find required class 'org.neo4j.driver.Driver' (OnClassCondition)

   Neo4jReactiveDataAutoConfiguration:
      Did not match:
         - @ConditionalOnClass did not find required class 'org.neo4j.driver.Driver' (OnClassCondition)

   Neo4jReactiveRepositoriesAutoConfiguration:
      Did not match:
         - @ConditionalOnClass did not find required class 'org.neo4j.driver.Driver' (OnClassCondition)

   Neo4jRepositoriesAutoConfiguration:
      Did not match:
         - @ConditionalOnClass did not find required class 'org.neo4j.driver.Driver' (OnClassCondition)

   NettyAutoConfiguration:
      Did not match:
         - @ConditionalOnClass did not find required class 'io.netty.util.NettyRuntime' (OnClassCondition)

   OAuth2AuthorizationServerAutoConfiguration:
      Did not match:
         - @ConditionalOnClass did not find required class 'org.springframework.security.oauth2.server.authorization.OAuth2Authorization' (OnClassCondition)

   OAuth2AuthorizationServerJwtAutoConfiguration:
      Did not match:
         - @ConditionalOnClass did not find required class 'org.springframework.security.oauth2.server.authorization.OAuth2Authorization' (OnClassCondition)

   OAuth2ClientAutoConfiguration:
      Did not match:
         - @ConditionalOnClass did not find required class 'org.springframework.security.config.annotation.web.configuration.EnableWebSecurity' (OnClassCondition)

   OAuth2ResourceServerAutoConfiguration:
      Did not match:
         - @ConditionalOnClass did not find required class 'org.springframework.security.oauth2.server.resource.authentication.BearerTokenAuthenticationToken' (OnClassCondition)

   PersistenceExceptionTranslationAutoConfiguration:
      Did not match:
         - @ConditionalOnClass did not find required class 'org.springframework.dao.annotation.PersistenceExceptionTranslationPostProcessor' (OnClassCondition)

   ProjectInfoAutoConfiguration#buildProperties:
      Did not match:
         - @ConditionalOnResource did not find resource '${spring.info.build.location:classpath:META-INF/build-info.properties}' (OnResourceCondition)

   ProjectInfoAutoConfiguration#gitProperties:
      Did not match:
         - GitResource did not find git info at classpath:git.properties (ProjectInfoAutoConfiguration.GitResourceAvailableCondition)

   PulsarAutoConfiguration:
      Did not match:
         - @ConditionalOnClass did not find required class 'org.apache.pulsar.client.api.PulsarClient' (OnClassCondition)

   PulsarReactiveAutoConfiguration:
      Did not match:
         - @ConditionalOnClass did not find required class 'org.apache.pulsar.client.api.PulsarClient' (OnClassCondition)

   QuartzAutoConfiguration:
      Did not match:
         - @ConditionalOnClass did not find required class 'org.quartz.Scheduler' (OnClassCondition)

   R2dbcAutoConfiguration:
      Did not match:
         - @ConditionalOnClass did not find required class 'io.r2dbc.spi.ConnectionFactory' (OnClassCondition)

   R2dbcDataAutoConfiguration:
      Did not match:
         - @ConditionalOnClass did not find required class 'org.springframework.data.r2dbc.core.R2dbcEntityTemplate' (OnClassCondition)

   R2dbcInitializationConfiguration:
      Did not match:
         - @ConditionalOnClass did not find required classes 'io.r2dbc.spi.ConnectionFactory', 'org.springframework.r2dbc.connection.init.DatabasePopulator' (OnClassCondition)

   R2dbcRepositoriesAutoConfiguration:
      Did not match:
         - @ConditionalOnClass did not find required class 'io.r2dbc.spi.ConnectionFactory' (OnClassCondition)

   R2dbcTransactionManagerAutoConfiguration:
      Did not match:
         - @ConditionalOnClass did not find required class 'org.springframework.r2dbc.connection.R2dbcTransactionManager' (OnClassCondition)

   RSocketGraphQlClientAutoConfiguration:
      Did not match:
         - @ConditionalOnClass did not find required class 'graphql.GraphQL' (OnClassCondition)

   RSocketMessagingAutoConfiguration:
      Did not match:
         - @ConditionalOnClass did not find required class 'io.rsocket.RSocket' (OnClassCondition)

   RSocketRequesterAutoConfiguration:
      Did not match:
         - @ConditionalOnClass did not find required class 'io.rsocket.RSocket' (OnClassCondition)

   RSocketSecurityAutoConfiguration:
      Did not match:
         - @ConditionalOnClass did not find required class 'org.springframework.security.rsocket.core.SecuritySocketAcceptorInterceptor' (OnClassCondition)

   RSocketServerAutoConfiguration:
      Did not match:
         - @ConditionalOnClass did not find required class 'io.rsocket.core.RSocketServer' (OnClassCondition)

   RSocketStrategiesAutoConfiguration:
      Did not match:
         - @ConditionalOnClass did not find required class 'io.netty.buffer.PooledByteBufAllocator' (OnClassCondition)

   RabbitAutoConfiguration:
      Did not match:
         - @ConditionalOnClass did not find required class 'com.rabbitmq.client.Channel' (OnClassCondition)

   ReactiveElasticsearchClientAutoConfiguration:
      Did not match:
         - @ConditionalOnClass did not find required class 'co.elastic.clients.transport.ElasticsearchTransport' (OnClassCondition)

   ReactiveElasticsearchRepositoriesAutoConfiguration:
      Did not match:
         - @ConditionalOnClass did not find required class 'reactor.core.publisher.Mono' (OnClassCondition)

   ReactiveMultipartAutoConfiguration:
      Did not match:
         - @ConditionalOnClass did not find required class 'org.springframework.web.reactive.config.WebFluxConfigurer' (OnClassCondition)

   ReactiveOAuth2ClientAutoConfiguration:
      Did not match:
         - @ConditionalOnClass did not find required class 'reactor.core.publisher.Flux' (OnClassCondition)

   ReactiveOAuth2ResourceServerAutoConfiguration:
      Did not match:
         - @ConditionalOnClass did not find required class 'org.springframework.security.config.annotation.web.reactive.EnableWebFluxSecurity' (OnClassCondition)

   ReactiveSecurityAutoConfiguration:
      Did not match:
         - @ConditionalOnClass did not find required class 'reactor.core.publisher.Flux' (OnClassCondition)

   ReactiveUserDetailsServiceAutoConfiguration:
      Did not match:
         - AnyNestedCondition 0 matched 2 did not; NestedCondition on ReactiveUserDetailsServiceAutoConfiguration.RSocketEnabledOrReactiveWebApplication.ReactiveWebApplicationCondition did not find reactive web application classes; NestedCondition on ReactiveUserDetailsServiceAutoConfiguration.RSocketEnabledOrReactiveWebApplication.RSocketSecurityEnabledCondition @ConditionalOnBean (types: org.springframework.messaging.rsocket.annotation.support.RSocketMessageHandler; SearchStrategy: all) did not find any beans of type org.springframework.messaging.rsocket.annotation.support.RSocketMessageHandler (ReactiveUserDetailsServiceAutoConfiguration.RSocketEnabledOrReactiveWebApplication)
      Matched:
         - @ConditionalOnClass found required class 'org.springframework.security.authentication.ReactiveAuthenticationManager' (OnClassCondition)
         - AnyNestedCondition 1 matched 2 did not; NestedCondition on ReactiveUserDetailsServiceAutoConfiguration.MissingAlternativeOrUserPropertiesConfigured.PasswordConfigured @ConditionalOnProperty (spring.security.user.password) did not find property 'password'; NestedCondition on ReactiveUserDetailsServiceAutoConfiguration.MissingAlternativeOrUserPropertiesConfigured.NameConfigured @ConditionalOnProperty (spring.security.user.name) did not find property 'name'; NestedCondition on ReactiveUserDetailsServiceAutoConfiguration.MissingAlternativeOrUserPropertiesConfigured.MissingAlternative @ConditionalOnMissingClass did not find unwanted classes 'org.springframework.security.oauth2.client.registration.ClientRegistrationRepository', 'org.springframework.security.oauth2.server.resource.introspection.ReactiveOpaqueTokenIntrospector' (ReactiveUserDetailsServiceAutoConfiguration.MissingAlternativeOrUserPropertiesConfigured)

   ReactiveWebServerFactoryAutoConfiguration:
      Did not match:
         - @ConditionalOnWebApplication did not find reactive web application classes (OnWebApplicationCondition)

   ReactorAutoConfiguration:
      Did not match:
         - @ConditionalOnClass did not find required class 'reactor.core.publisher.Hooks' (OnClassCondition)

   RedisAutoConfiguration:
      Did not match:
         - @ConditionalOnClass did not find required class 'org.springframework.data.redis.core.RedisOperations' (OnClassCondition)

   RedisCacheConfiguration:
      Did not match:
         - @ConditionalOnClass did not find required class 'org.springframework.data.redis.connection.RedisConnectionFactory' (OnClassCondition)

   RedisReactiveAutoConfiguration:
      Did not match:
         - @ConditionalOnClass did not find required class 'reactor.core.publisher.Flux' (OnClassCondition)

   RedisRepositoriesAutoConfiguration:
      Did not match:
         - @ConditionalOnClass did not find required class 'org.springframework.data.redis.repository.configuration.EnableRedisRepositories' (OnClassCondition)

   RepositoryRestMvcAutoConfiguration:
      Did not match:
         - @ConditionalOnClass did not find required class 'org.springframework.data.rest.webmvc.config.RepositoryRestMvcConfiguration' (OnClassCondition)

   Saml2RelyingPartyAutoConfiguration:
      Did not match:
         - @ConditionalOnClass did not find required class 'org.springframework.security.saml2.provider.service.registration.RelyingPartyRegistrationRepository' (OnClassCondition)

   SecurityDataConfiguration:
      Did not match:
         - @ConditionalOnClass did not find required class 'org.springframework.security.data.repository.query.SecurityEvaluationContextExtension' (OnClassCondition)

   SecurityFilterAutoConfiguration:
      Did not match:
         - @ConditionalOnClass did not find required class 'org.springframework.security.config.http.SessionCreationPolicy' (OnClassCondition)

   SendGridAutoConfiguration:
      Did not match:
         - @ConditionalOnClass did not find required class 'com.sendgrid.SendGrid' (OnClassCondition)

   ServletWebServerFactoryAutoConfiguration.ForwardedHeaderFilterConfiguration:
      Did not match:
         - @ConditionalOnProperty (server.forward-headers-strategy=framework) did not find property 'server.forward-headers-strategy' (OnPropertyCondition)

   ServletWebServerFactoryConfiguration.EmbeddedJetty:
      Did not match:
         - @ConditionalOnClass did not find required classes 'org.eclipse.jetty.server.Server', 'org.eclipse.jetty.util.Loader', 'org.eclipse.jetty.ee10.webapp.WebAppContext' (OnClassCondition)

   ServletWebServerFactoryConfiguration.EmbeddedUndertow:
      Did not match:
         - @ConditionalOnClass did not find required classes 'io.undertow.Undertow', 'org.xnio.SslClientAuthMode' (OnClassCondition)

   SessionAutoConfiguration:
      Did not match:
         - @ConditionalOnClass did not find required class 'org.springframework.session.Session' (OnClassCondition)

   SpringApplicationAdminJmxAutoConfiguration:
      Did not match:
         - @ConditionalOnProperty (spring.application.admin.enabled=true) did not find property 'enabled' (OnPropertyCondition)

   SpringBootWebSecurityConfiguration.SecurityFilterChainConfiguration:
      Did not match:
         - AllNestedConditions 1 matched 1 did not; NestedCondition on DefaultWebSecurityCondition.Beans @ConditionalOnMissingBean (types: org.springframework.security.web.SecurityFilterChain; SearchStrategy: all) did not find any beans; NestedCondition on DefaultWebSecurityCondition.Classes @ConditionalOnClass did not find required classes 'org.springframework.security.web.SecurityFilterChain', 'org.springframework.security.config.annotation.web.builders.HttpSecurity' (DefaultWebSecurityCondition)

   SpringBootWebSecurityConfiguration.WebSecurityEnablerConfiguration:
      Did not match:
         - @ConditionalOnClass did not find required class 'org.springframework.security.config.annotation.web.configuration.EnableWebSecurity' (OnClassCondition)

   SpringDataWebAutoConfiguration:
      Did not match:
         - @ConditionalOnClass did not find required class 'org.springframework.data.web.PageableHandlerMethodArgumentResolver' (OnClassCondition)

   TaskExecutorConfigurations.SimpleAsyncTaskExecutorBuilderConfiguration#simpleAsyncTaskExecutorBuilderVirtualThreads:
      Did not match:
         - @ConditionalOnMissingBean (types: org.springframework.boot.task.SimpleAsyncTaskExecutorBuilder; SearchStrategy: all) found beans of type 'org.springframework.boot.task.SimpleAsyncTaskExecutorBuilder' simpleAsyncTaskExecutorBuilder (OnBeanCondition)

   TaskExecutorConfigurations.TaskExecutorConfiguration#applicationTaskExecutorVirtualThreads:
      Did not match:
         - @ConditionalOnThreading did not find VIRTUAL (OnThreadingCondition)

   TaskSchedulingAutoConfiguration#scheduledBeanLazyInitializationExcludeFilter:
      Did not match:
         - @ConditionalOnBean (names: org.springframework.context.annotation.internalScheduledAnnotationProcessor; SearchStrategy: all) did not find any beans named org.springframework.context.annotation.internalScheduledAnnotationProcessor (OnBeanCondition)

   TaskSchedulingConfigurations.SimpleAsyncTaskSchedulerBuilderConfiguration#simpleAsyncTaskSchedulerBuilderVirtualThreads:
      Did not match:
         - @ConditionalOnMissingBean (types: org.springframework.boot.task.SimpleAsyncTaskSchedulerBuilder; SearchStrategy: all) found beans of type 'org.springframework.boot.task.SimpleAsyncTaskSchedulerBuilder' simpleAsyncTaskSchedulerBuilder (OnBeanCondition)

   TaskSchedulingConfigurations.TaskSchedulerConfiguration:
      Did not match:
         - @ConditionalOnBean (names: org.springframework.context.annotation.internalScheduledAnnotationProcessor; SearchStrategy: all) did not find any beans named org.springframework.context.annotation.internalScheduledAnnotationProcessor (OnBeanCondition)

   ThymeleafAutoConfiguration:
      Did not match:
         - @ConditionalOnClass did not find required class 'org.thymeleaf.spring6.SpringTemplateEngine' (OnClassCondition)

   TransactionAutoConfiguration:
      Did not match:
         - @ConditionalOnClass did not find required class 'org.springframework.transaction.PlatformTransactionManager' (OnClassCondition)

   TransactionManagerCustomizationAutoConfiguration:
      Did not match:
         - @ConditionalOnClass did not find required class 'org.springframework.transaction.PlatformTransactionManager' (OnClassCondition)

   UserDetailsServiceAutoConfiguration:
      Did not match:
         - @ConditionalOnBean did not find required type 'org.springframework.security.config.annotation.ObjectPostProcessor' (OnBeanCondition)

   ValidationAutoConfiguration:
      Did not match:
         - @ConditionalOnClass did not find required class 'jakarta.validation.executable.ExecutableValidator' (OnClassCondition)

   WebClientAutoConfiguration:
      Did not match:
         - @ConditionalOnClass did not find required class 'org.springframework.web.reactive.function.client.WebClient' (OnClassCondition)

   WebFluxAutoConfiguration:
      Did not match:
         - @ConditionalOnClass did not find required class 'org.springframework.web.reactive.config.WebFluxConfigurer' (OnClassCondition)

   WebMvcAutoConfiguration#hiddenHttpMethodFilter:
      Did not match:
         - @ConditionalOnProperty (spring.mvc.hiddenmethod.filter.enabled) did not find property 'enabled' (OnPropertyCondition)

   WebMvcAutoConfiguration.ProblemDetailsErrorHandlingConfiguration:
      Did not match:
         - @ConditionalOnProperty (spring.mvc.problemdetails.enabled=true) did not find property 'enabled' (OnPropertyCondition)

   WebMvcAutoConfiguration.ResourceChainCustomizerConfiguration:
      Did not match:
         - @ConditionalOnEnabledResourceChain did not find class org.webjars.WebJarAssetLocator (OnEnabledResourceChainCondition)

   WebMvcAutoConfiguration.WebMvcAutoConfigurationAdapter#beanNameViewResolver:
      Did not match:
         - @ConditionalOnMissingBean (types: org.springframework.web.servlet.view.BeanNameViewResolver; SearchStrategy: all) found beans of type 'org.springframework.web.servlet.view.BeanNameViewResolver' beanNameViewResolver (OnBeanCondition)

   WebServiceTemplateAutoConfiguration:
      Did not match:
         - @ConditionalOnClass did not find required class 'org.springframework.oxm.Marshaller' (OnClassCondition)

   WebServicesAutoConfiguration:
      Did not match:
         - @ConditionalOnClass did not find required class 'org.springframework.ws.transport.http.MessageDispatcherServlet' (OnClassCondition)

   WebSessionIdResolverAutoConfiguration:
      Did not match:
         - @ConditionalOnClass did not find required class 'reactor.core.publisher.Mono' (OnClassCondition)

   WebSocketMessagingAutoConfiguration:
      Did not match:
         - @ConditionalOnClass did not find required class 'org.springframework.web.socket.config.annotation.WebSocketMessageBrokerConfigurer' (OnClassCondition)

   WebSocketReactiveAutoConfiguration:
      Did not match:
         - @ConditionalOnWebApplication did not find reactive web application classes (OnWebApplicationCondition)

   WebSocketServletAutoConfiguration.JettyWebSocketConfiguration:
      Did not match:
         - @ConditionalOnClass did not find required class 'org.eclipse.jetty.ee10.websocket.jakarta.server.config.JakartaWebSocketServletContainerInitializer' (OnClassCondition)

   WebSocketServletAutoConfiguration.UndertowWebSocketConfiguration:
      Did not match:
         - @ConditionalOnClass did not find required class 'io.undertow.websockets.jsr.Bootstrap' (OnClassCondition)

   XADataSourceAutoConfiguration:
      Did not match:
         - @ConditionalOnClass did not find required class 'jakarta.transaction.TransactionManager' (OnClassCondition)


Exclusions:
-----------

    None


Unconditional classes:
----------------------

    org.springframework.boot.autoconfigure.context.ConfigurationPropertiesAutoConfiguration

    org.springframework.boot.autoconfigure.ssl.SslAutoConfiguration

    org.springframework.boot.autoconfigure.context.LifecycleAutoConfiguration

    org.springframework.boot.autoconfigure.context.PropertyPlaceholderAutoConfiguration

    org.springframework.boot.autoconfigure.availability.ApplicationAvailabilityAutoConfiguration

    org.springframework.boot.autoconfigure.info.ProjectInfoAutoConfiguration



2024-11-13 14:45:19 [main] INFO  BcapApplication:56 - Started BcapApplication in 2.893 seconds (process running for 3.912)
2024-11-13 14:45:19 [main] DEBUG ApplicationAvailabilityBean:77 - Application availability state LivenessState changed to CORRECT
2024-11-13 14:45:19 [main] DEBUG ApplicationAvailabilityBean:77 - Application availability state ReadinessState changed to ACCEPTING_TRAFFIC
2024-11-13 14:45:19 [main] INFO  BcapApplication:18 - Start Application
2024-11-13 14:45:53 [SpringApplicationShutdownHook] DEBUG ApplicationAvailabilityBean:77 - Application availability state ReadinessState changed from ACCEPTING_TRAFFIC to REFUSING_TRAFFIC
2024-11-13 14:45:53 [SpringApplicationShutdownHook] DEBUG AnnotationConfigServletWebServerApplicationContext:1134 - Closing org.springframework.boot.web.servlet.context.AnnotationConfigServletWebServerApplicationContext@6ca0256d, started on Wed Nov 13 14:45:16 WIB 2024
2024-11-13 14:45:53 [SpringApplicationShutdownHook] DEBUG DefaultLifecycleProcessor:481 - Stopping beans in phase 2147483647
2024-11-13 14:45:53 [SpringApplicationShutdownHook] DEBUG DefaultLifecycleProcessor:350 - Bean 'applicationTaskExecutor' completed its stop procedure
2024-11-13 14:45:53 [SpringApplicationShutdownHook] DEBUG DefaultLifecycleProcessor:481 - Stopping beans in phase 2147482623
2024-11-13 14:45:53 [SpringApplicationShutdownHook] DEBUG DefaultLifecycleProcessor:350 - Bean 'webServerGracefulShutdown' completed its stop procedure
2024-11-13 14:45:53 [SpringApplicationShutdownHook] DEBUG DefaultLifecycleProcessor:481 - Stopping beans in phase 2147481599
2024-11-13 14:45:53 [SpringApplicationShutdownHook] DEBUG DefaultLifecycleProcessor:350 - Bean 'webServerStartStop' completed its stop procedure
2024-11-13 14:45:53 [SpringApplicationShutdownHook] DEBUG DefaultLifecycleProcessor:481 - Stopping beans in phase -2147483647
2024-11-13 14:45:53 [SpringApplicationShutdownHook] DEBUG DefaultLifecycleProcessor:350 - Bean 'springBootLoggingLifecycle' completed its stop procedure
2024-11-13 14:45:53 [SpringApplicationShutdownHook] DEBUG ThreadPoolTaskExecutor:328 - Shutting down ExecutorService 'applicationTaskExecutor'
2024-11-13 14:45:55 [main] INFO  BcapApplication:50 - Starting BcapApplication using Java 21.0.3 with PID 16916 (E:\LeWork\OracleTuxedo\bcap-be\target\classes started by drucc in E:\LeWork\OracleTuxedo\bcap-be)
2024-11-13 14:45:55 [main] INFO  BcapApplication:654 - No active profile set, falling back to 1 default profile: "default"
2024-11-13 14:45:57 [main] INFO  TomcatWebServer:111 - Tomcat initialized with port 8080 (http)
2024-11-13 14:45:57 [main] INFO  ServletWebServerApplicationContext:296 - Root WebApplicationContext: initialization completed in 1392 ms
2024-11-13 14:45:57 [main] INFO  TomcatWebServer:243 - Tomcat started on port 8080 (http) with context path '/'
2024-11-13 14:45:57 [main] INFO  BcapApplication:56 - Started BcapApplication in 2.376 seconds (process running for 3.352)
2024-11-13 14:45:57 [main] INFO  BcapApplication:18 - Start Application
2024-11-13 14:46:21 [http-nio-8080-exec-1] INFO  DispatcherServlet:532 - Initializing Servlet 'dispatcherServlet'
2024-11-13 14:46:21 [http-nio-8080-exec-1] INFO  DispatcherServlet:554 - Completed initialization in 1 ms
2024-11-13 14:47:21 [http-nio-8080-exec-4] INFO  ServiceSupport:79 - EN
2024-11-13 14:47:21 [http-nio-8080-exec-4] INFO  ServiceSupport:55 - TelegramUserDataInput(tx_code=SED03F107R, client_ip_no=0:0:0:0:0:0:0:1, client_mac=null, scrn_id=ED999, op_id=undefined, sync_type=A, async_rspn_yn=0, rspn_svc_code=, ttl_use_flag=0, ttl=0, long_msg_type=1, dst_inst_code=null, fail_knd=null, ap_host_name=null, ap_caller_id=null, lang_type=EN)
2024-11-13 14:47:21 [http-nio-8080-exec-4] INFO  InterfaceTelegram:18 - #################### Interface Tuxedo ####################
2024-11-13 14:47:21 [http-nio-8080-exec-4] INFO  InterfaceTelegram:19 - SED03F107RInVo(prd_tp_cd=EDC, sno=0013000011976476, srl_stat_cd=null, srl_st_cd=null, prd_cd=null, icc_id=null)
2024-11-13 14:47:21 [http-nio-8080-exec-4] INFO  InterfaceTelegram:20 - SED03F107ROutVo(count=0, sno=null, whous_cd=null, rack_no=null, icc_id=null, sim_no=null, srl_stat_cd=null, srl_st_cd=null, srl_loca_cd=null, vend_no=null, prd_cd=null, prd_nm=null)
2024-11-13 14:47:21 [http-nio-8080-exec-4] INFO  InterfaceTelegram:26 - 00000580LeRuccoL202411131447210020000000SED03F107R              MTI S                        LeRuccoL20241113144721002000000020241113144721000525WEB       0:0:0:0:0:0:0:1                             ED999      Nundefined      020241113144721000526                    A000000      00010                                                                        EN                                                                                                                                             D00000077                     EDC  0013000011976476                                   @@
2024-11-13 14:47:21 [http-nio-8080-exec-4] INFO  InterfaceTelegram:27 - TelegramIn(header=TelegramHeader(msg_len=580, gid_sysname=LeRuccoLegion, gid_yyyyymmdd=20241113, gid_hhmmss=144721, gid_seq=002, gid_pid=00000, gid_stat=00, tx_code=SED03F107R, inst_no=MTI, send_rspn_type=S, rspn_svc_code=, ori_global_id=LeRuccoL202411131447210020000000, ori_send_time=20241113144721000525, chnl_id=WEB, client_ip_no=0:0:0:0:0:0:0:1, client_mac=null, scrn_id=ED999, scrn_lock_yn=N, op_id=undefined, xa_begin_flag=0, send_time=20241113144721000526, rspn_time=, sync_type=A, async_rspn_yn=0, call_depth=0, msg_count_no=0, ttl_use_flag=0, ttl_from_time=, ttl=0, long_msg_type=1, err_flag=0, err_src=, err_type=, err_code=, dst_inst_code=, fail_knd=null, ap_host_name=null, ap_caller_id=null, inf_id=, lang_type=EN, reserved=), data=TelegramInData(dataType=D, length=77, reserved=null, data=SED03F107RInVo(prd_tp_cd=EDC, sno=0013000011976476, srl_stat_cd=null, srl_st_cd=null, prd_cd=null, icc_id=null)), tail=@@)
2024-11-13 14:47:22 [http-nio-8080-exec-4] INFO  InterfaceTelegram:45 - TelegramHeader(msg_len=1164, gid_sysname=LeRuccoL, gid_yyyyymmdd=20241113, gid_hhmmss=144721, gid_seq=002, gid_pid=00000, gid_stat=00, tx_code=SED03F107R, inst_no=MTI, send_rspn_type=R, rspn_svc_code=, ori_global_id=LeRuccoL202411131447210020000000, ori_send_time=20241113144721000525, chnl_id=WEB, client_ip_no=0:0:0:0:0:0:0:1, client_mac=, scrn_id=ED999, scrn_lock_yn=N, op_id=undefined, xa_begin_flag=0, send_time=20241113144721000526, rspn_time=20241113144728483337, sync_type=A, async_rspn_yn=0, call_depth=0, msg_count_no=0, ttl_use_flag=0, ttl_from_time=, ttl=0, long_msg_type=1, err_flag=0, err_src=, err_type=, err_code=, dst_inst_code=, fail_knd=, ap_host_name=, ap_caller_id=, inf_id=, lang_type=EN, reserved=)
2024-11-13 14:47:22 [http-nio-8080-exec-4] INFO  InterfaceTelegram:46 - 0
2024-11-13 14:47:22 [http-nio-8080-exec-4] INFO  InterfaceTelegram:50 - With Data
2024-11-13 14:47:22 [http-nio-8080-exec-4] INFO  InterfaceTelegram:52 - out 1
2024-11-13 14:47:22 [http-nio-8080-exec-4] INFO  InterfaceTelegram:54 - out 2
2024-11-13 14:47:22 [http-nio-8080-exec-4] INFO  InterfaceTelegram:56 - TelegramTail(tail=@@)
2024-11-13 14:47:22 [http-nio-8080-exec-4] INFO  InterfaceTelegram:57 - @@
2024-11-13 14:47:22 [http-nio-8080-exec-4] INFO  InterfaceTelegram:61 - ###################### TelegramOutputUserData ######################
2024-11-13 14:47:22 [http-nio-8080-exec-4] INFO  InterfaceTelegram:62 - TelegramHeader(msg_len=1164, gid_sysname=LeRuccoL, gid_yyyyymmdd=20241113, gid_hhmmss=144721, gid_seq=002, gid_pid=00000, gid_stat=00, tx_code=SED03F107R, inst_no=MTI, send_rspn_type=R, rspn_svc_code=, ori_global_id=LeRuccoL202411131447210020000000, ori_send_time=20241113144721000525, chnl_id=WEB, client_ip_no=0:0:0:0:0:0:0:1, client_mac=, scrn_id=ED999, scrn_lock_yn=N, op_id=undefined, xa_begin_flag=0, send_time=20241113144721000526, rspn_time=20241113144728483337, sync_type=A, async_rspn_yn=0, call_depth=0, msg_count_no=0, ttl_use_flag=0, ttl_from_time=, ttl=0, long_msg_type=1, err_flag=0, err_src=, err_type=, err_code=, dst_inst_code=, fail_knd=, ap_host_name=, ap_caller_id=, inf_id=, lang_type=EN, reserved=)
2024-11-13 14:47:22 [http-nio-8080-exec-4] INFO  InterfaceTelegram:63 - TelegramMessage(kind=N, length=425, reserved=, msgAttr=3, msgAlm=0, message=, error_field_name=, error_info=, list=[])
2024-11-13 14:47:22 [http-nio-8080-exec-4] INFO  InterfaceTelegram:64 - SED03F107ROutVo(count=1, sno=0013000011976476, whous_cd=Z900, rack_no=, icc_id=, sim_no=, srl_stat_cd=04, srl_st_cd=01, srl_loca_cd=01, vend_no=E0016, prd_cd=33, prd_nm=EDC Android PAX A920)
2024-11-13 14:47:22 [http-nio-8080-exec-4] INFO  ServiceSupport:65 - TelegramUserDataOutput(header=TelegramHeader(msg_len=1164, gid_sysname=LeRuccoL, gid_yyyyymmdd=20241113, gid_hhmmss=144721, gid_seq=002, gid_pid=00000, gid_stat=00, tx_code=SED03F107R, inst_no=MTI, send_rspn_type=R, rspn_svc_code=, ori_global_id=LeRuccoL202411131447210020000000, ori_send_time=20241113144721000525, chnl_id=WEB, client_ip_no=0:0:0:0:0:0:0:1, client_mac=, scrn_id=ED999, scrn_lock_yn=N, op_id=undefined, xa_begin_flag=0, send_time=20241113144721000526, rspn_time=20241113144728483337, sync_type=A, async_rspn_yn=0, call_depth=0, msg_count_no=0, ttl_use_flag=0, ttl_from_time=, ttl=0, long_msg_type=1, err_flag=0, err_src=, err_type=, err_code=, dst_inst_code=, fail_knd=, ap_host_name=, ap_caller_id=, inf_id=, lang_type=EN, reserved=), message=TelegramMessage(kind=N, length=425, reserved=, msgAttr=3, msgAlm=0, message=, error_field_name=, error_info=, list=[]), output=SED03F107ROutVo(count=1, sno=0013000011976476, whous_cd=Z900, rack_no=, icc_id=, sim_no=, srl_stat_cd=04, srl_st_cd=01, srl_loca_cd=01, vend_no=E0016, prd_cd=33, prd_nm=EDC Android PAX A920), outputList=null)
2024-11-13 14:47:22 [http-nio-8080-exec-4] INFO  ServiceSupport:79 - EN
2024-11-13 14:47:22 [http-nio-8080-exec-4] INFO  ServiceSupport:55 - TelegramUserDataInput(tx_code=SAC02F452R, client_ip_no=0:0:0:0:0:0:0:1, client_mac=null, scrn_id=ED999, op_id=undefined, sync_type=A, async_rspn_yn=0, rspn_svc_code=, ttl_use_flag=0, ttl=0, long_msg_type=1, dst_inst_code=null, fail_knd=null, ap_host_name=null, ap_caller_id=null, lang_type=EN)
2024-11-13 14:47:22 [http-nio-8080-exec-4] INFO  InterfaceTelegram:18 - #################### Interface Tuxedo ####################
2024-11-13 14:47:22 [http-nio-8080-exec-4] INFO  InterfaceTelegram:19 - SAC02F452RInVo(page_no=1, page_size=10, mid=71000204442, auth_no=null, auth_strt_date=20240101, auth_end_date=20240919, pmt_strt_date=null, pmt_end_date=null)
2024-11-13 14:47:22 [http-nio-8080-exec-4] INFO  InterfaceTelegram:20 - SAC02F452ROutVo(tot_cnt=0, sub1Vos=null)
2024-11-13 14:47:22 [http-nio-8080-exec-4] INFO  InterfaceTelegram:26 - 00000585LeRuccoL202411131447220030000000SAC02F452R              MTI S                        LeRuccoL20241113144722003000000020241113144722000813WEB       0:0:0:0:0:0:0:1                             ED999      Nundefined      020241113144722000813                    A000000      00010                                                                        EN                                                                                                                                             D00000082                     00000100001071000204442      2024010120240919                @@
2024-11-13 14:47:22 [http-nio-8080-exec-4] INFO  InterfaceTelegram:27 - TelegramIn(header=TelegramHeader(msg_len=585, gid_sysname=LeRuccoLegion, gid_yyyyymmdd=20241113, gid_hhmmss=144722, gid_seq=003, gid_pid=00000, gid_stat=00, tx_code=SAC02F452R, inst_no=MTI, send_rspn_type=S, rspn_svc_code=, ori_global_id=LeRuccoL202411131447220030000000, ori_send_time=20241113144722000813, chnl_id=WEB, client_ip_no=0:0:0:0:0:0:0:1, client_mac=null, scrn_id=ED999, scrn_lock_yn=N, op_id=undefined, xa_begin_flag=0, send_time=20241113144722000813, rspn_time=, sync_type=A, async_rspn_yn=0, call_depth=0, msg_count_no=0, ttl_use_flag=0, ttl_from_time=, ttl=0, long_msg_type=1, err_flag=0, err_src=, err_type=, err_code=, dst_inst_code=, fail_knd=null, ap_host_name=null, ap_caller_id=null, inf_id=, lang_type=EN, reserved=), data=TelegramInData(dataType=D, length=82, reserved=null, data=SAC02F452RInVo(page_no=1, page_size=10, mid=71000204442, auth_no=null, auth_strt_date=20240101, auth_end_date=20240919, pmt_strt_date=null, pmt_end_date=null)), tail=@@)
2024-11-13 14:47:23 [http-nio-8080-exec-4] INFO  InterfaceTelegram:45 - TelegramHeader(msg_len=2606, gid_sysname=LeRuccoL, gid_yyyyymmdd=20241113, gid_hhmmss=144722, gid_seq=003, gid_pid=00000, gid_stat=00, tx_code=SAC02F452R, inst_no=MTI, send_rspn_type=R, rspn_svc_code=, ori_global_id=LeRuccoL202411131447220030000000, ori_send_time=20241113144722000813, chnl_id=WEB, client_ip_no=0:0:0:0:0:0:0:1, client_mac=, scrn_id=ED999, scrn_lock_yn=N, op_id=undefined, xa_begin_flag=0, send_time=20241113144722000813, rspn_time=20241113144729373871, sync_type=A, async_rspn_yn=0, call_depth=0, msg_count_no=0, ttl_use_flag=0, ttl_from_time=, ttl=0, long_msg_type=1, err_flag=0, err_src=, err_type=, err_code=NAZAP0001, dst_inst_code=, fail_knd=, ap_host_name=, ap_caller_id=, inf_id=, lang_type=EN, reserved=)
2024-11-13 14:47:23 [http-nio-8080-exec-4] INFO  InterfaceTelegram:46 - 0
2024-11-13 14:47:23 [http-nio-8080-exec-4] INFO  InterfaceTelegram:50 - With Data
2024-11-13 14:47:23 [http-nio-8080-exec-4] INFO  InterfaceTelegram:52 - out 1
2024-11-13 14:47:23 [http-nio-8080-exec-4] INFO  InterfaceTelegram:54 - out 2
2024-11-13 14:47:23 [http-nio-8080-exec-4] INFO  InterfaceTelegram:56 - TelegramTail(tail=@@)
2024-11-13 14:47:23 [http-nio-8080-exec-4] INFO  InterfaceTelegram:57 - @@
2024-11-13 14:47:23 [http-nio-8080-exec-4] INFO  InterfaceTelegram:61 - ###################### TelegramOutputUserData ######################
2024-11-13 14:47:23 [http-nio-8080-exec-4] INFO  InterfaceTelegram:62 - TelegramHeader(msg_len=2606, gid_sysname=LeRuccoL, gid_yyyyymmdd=20241113, gid_hhmmss=144722, gid_seq=003, gid_pid=00000, gid_stat=00, tx_code=SAC02F452R, inst_no=MTI, send_rspn_type=R, rspn_svc_code=, ori_global_id=LeRuccoL202411131447220030000000, ori_send_time=20241113144722000813, chnl_id=WEB, client_ip_no=0:0:0:0:0:0:0:1, client_mac=, scrn_id=ED999, scrn_lock_yn=N, op_id=undefined, xa_begin_flag=0, send_time=20241113144722000813, rspn_time=20241113144729373871, sync_type=A, async_rspn_yn=0, call_depth=0, msg_count_no=0, ttl_use_flag=0, ttl_from_time=, ttl=0, long_msg_type=1, err_flag=0, err_src=, err_type=, err_code=NAZAP0001, dst_inst_code=, fail_knd=, ap_host_name=, ap_caller_id=, inf_id=, lang_type=EN, reserved=)
2024-11-13 14:47:23 [http-nio-8080-exec-4] INFO  InterfaceTelegram:63 - TelegramMessage(kind=N, length=425, reserved=, msgAttr=3, msgAlm=0, message=inquiry process success., error_field_name=, error_info=, list=[])
2024-11-13 14:47:23 [http-nio-8080-exec-4] INFO  InterfaceTelegram:64 - SAC02F452ROutVo(tot_cnt=96, sub1Vos=[SAC02F452ROutSub1Vo(auth_date=20240101, pmt_date=20240105, card_no=4259450300373427, auth_no=645138, sale_amt=6589, nonfareamt=0, sale_knd_clcd=05, ins_mcnt=0, sale_pamt=6589, sale_svc_fee=0, sale_tax=0, pwcw_csh_amt=0, dcctrans_yn=N), SAC02F452ROutSub1Vo(auth_date=20240102, pmt_date=20240103, card_no=5379408870000145, auth_no=111310, sale_amt=6000, nonfareamt=0, sale_knd_clcd=15, ins_mcnt=0, sale_pamt=6000, sale_svc_fee=0, sale_tax=0, pwcw_csh_amt=0, dcctrans_yn=N), SAC02F452ROutSub1Vo(auth_date=20240105, pmt_date=20240109, card_no=4215708100006338, auth_no=000089, sale_amt=115000, nonfareamt=0, sale_knd_clcd=05, ins_mcnt=0, sale_pamt=105000, sale_svc_fee=0, sale_tax=0, pwcw_csh_amt=0, dcctrans_yn=), SAC02F452ROutSub1Vo(auth_date=20240108, pmt_date=20240109, card_no=4215708100041160, auth_no=269376, sale_amt=20000, nonfareamt=0, sale_knd_clcd=05, ins_mcnt=0, sale_pamt=20000, sale_svc_fee=0, sale_tax=0, pwcw_csh_amt=0, dcctrans_yn=N), SAC02F452ROutSub1Vo(auth_date=20240108, pmt_date=20240109, card_no=4215708100041160, auth_no=253603, sale_amt=25000, nonfareamt=0, sale_knd_clcd=05, ins_mcnt=0, sale_pamt=25000, sale_svc_fee=0, sale_tax=0, pwcw_csh_amt=0, dcctrans_yn=N), SAC02F452ROutSub1Vo(auth_date=20240221, pmt_date=20240222, card_no=4485580000080033, auth_no=112993, sale_amt=6535, nonfareamt=0, sale_knd_clcd=05, ins_mcnt=0, sale_pamt=6535, sale_svc_fee=0, sale_tax=0, pwcw_csh_amt=0, dcctrans_yn=N), SAC02F452ROutSub1Vo(auth_date=20240221, pmt_date=20240222, card_no=4485580000080033, auth_no=112992, sale_amt=2305, nonfareamt=0, sale_knd_clcd=05, ins_mcnt=0, sale_pamt=2305, sale_svc_fee=0, sale_tax=0, pwcw_csh_amt=0, dcctrans_yn=N), SAC02F452ROutSub1Vo(auth_date=20240223, pmt_date=20240225, card_no=4485580000080033, auth_no=111151, sale_amt=6250, nonfareamt=0, sale_knd_clcd=05, ins_mcnt=0, sale_pamt=6250, sale_svc_fee=0, sale_tax=0, pwcw_csh_amt=0, dcctrans_yn=N), SAC02F452ROutSub1Vo(auth_date=20240223, pmt_date=20240225, card_no=4485580000080033, auth_no=111150, sale_amt=3200, nonfareamt=0, sale_knd_clcd=05, ins_mcnt=0, sale_pamt=3200, sale_svc_fee=0, sale_tax=0, pwcw_csh_amt=0, dcctrans_yn=N), SAC02F452ROutSub1Vo(auth_date=20240227, pmt_date=20240229, card_no=4485580000080033, auth_no=111206, sale_amt=6589, nonfareamt=0, sale_knd_clcd=05, ins_mcnt=0, sale_pamt=6589, sale_svc_fee=0, sale_tax=0, pwcw_csh_amt=0, dcctrans_yn=N)])
2024-11-13 14:47:23 [http-nio-8080-exec-4] INFO  ServiceSupport:65 - TelegramUserDataOutput(header=TelegramHeader(msg_len=2606, gid_sysname=LeRuccoL, gid_yyyyymmdd=20241113, gid_hhmmss=144722, gid_seq=003, gid_pid=00000, gid_stat=00, tx_code=SAC02F452R, inst_no=MTI, send_rspn_type=R, rspn_svc_code=, ori_global_id=LeRuccoL202411131447220030000000, ori_send_time=20241113144722000813, chnl_id=WEB, client_ip_no=0:0:0:0:0:0:0:1, client_mac=, scrn_id=ED999, scrn_lock_yn=N, op_id=undefined, xa_begin_flag=0, send_time=20241113144722000813, rspn_time=20241113144729373871, sync_type=A, async_rspn_yn=0, call_depth=0, msg_count_no=0, ttl_use_flag=0, ttl_from_time=, ttl=0, long_msg_type=1, err_flag=0, err_src=, err_type=, err_code=NAZAP0001, dst_inst_code=, fail_knd=, ap_host_name=, ap_caller_id=, inf_id=, lang_type=EN, reserved=), message=TelegramMessage(kind=N, length=425, reserved=, msgAttr=3, msgAlm=0, message=inquiry process success., error_field_name=, error_info=, list=[]), output=SAC02F452ROutVo(tot_cnt=96, sub1Vos=[SAC02F452ROutSub1Vo(auth_date=20240101, pmt_date=20240105, card_no=4259450300373427, auth_no=645138, sale_amt=6589, nonfareamt=0, sale_knd_clcd=05, ins_mcnt=0, sale_pamt=6589, sale_svc_fee=0, sale_tax=0, pwcw_csh_amt=0, dcctrans_yn=N), SAC02F452ROutSub1Vo(auth_date=20240102, pmt_date=20240103, card_no=5379408870000145, auth_no=111310, sale_amt=6000, nonfareamt=0, sale_knd_clcd=15, ins_mcnt=0, sale_pamt=6000, sale_svc_fee=0, sale_tax=0, pwcw_csh_amt=0, dcctrans_yn=N), SAC02F452ROutSub1Vo(auth_date=20240105, pmt_date=20240109, card_no=4215708100006338, auth_no=000089, sale_amt=115000, nonfareamt=0, sale_knd_clcd=05, ins_mcnt=0, sale_pamt=105000, sale_svc_fee=0, sale_tax=0, pwcw_csh_amt=0, dcctrans_yn=), SAC02F452ROutSub1Vo(auth_date=20240108, pmt_date=20240109, card_no=4215708100041160, auth_no=269376, sale_amt=20000, nonfareamt=0, sale_knd_clcd=05, ins_mcnt=0, sale_pamt=20000, sale_svc_fee=0, sale_tax=0, pwcw_csh_amt=0, dcctrans_yn=N), SAC02F452ROutSub1Vo(auth_date=20240108, pmt_date=20240109, card_no=4215708100041160, auth_no=253603, sale_amt=25000, nonfareamt=0, sale_knd_clcd=05, ins_mcnt=0, sale_pamt=25000, sale_svc_fee=0, sale_tax=0, pwcw_csh_amt=0, dcctrans_yn=N), SAC02F452ROutSub1Vo(auth_date=20240221, pmt_date=20240222, card_no=4485580000080033, auth_no=112993, sale_amt=6535, nonfareamt=0, sale_knd_clcd=05, ins_mcnt=0, sale_pamt=6535, sale_svc_fee=0, sale_tax=0, pwcw_csh_amt=0, dcctrans_yn=N), SAC02F452ROutSub1Vo(auth_date=20240221, pmt_date=20240222, card_no=4485580000080033, auth_no=112992, sale_amt=2305, nonfareamt=0, sale_knd_clcd=05, ins_mcnt=0, sale_pamt=2305, sale_svc_fee=0, sale_tax=0, pwcw_csh_amt=0, dcctrans_yn=N), SAC02F452ROutSub1Vo(auth_date=20240223, pmt_date=20240225, card_no=4485580000080033, auth_no=111151, sale_amt=6250, nonfareamt=0, sale_knd_clcd=05, ins_mcnt=0, sale_pamt=6250, sale_svc_fee=0, sale_tax=0, pwcw_csh_amt=0, dcctrans_yn=N), SAC02F452ROutSub1Vo(auth_date=20240223, pmt_date=20240225, card_no=4485580000080033, auth_no=111150, sale_amt=3200, nonfareamt=0, sale_knd_clcd=05, ins_mcnt=0, sale_pamt=3200, sale_svc_fee=0, sale_tax=0, pwcw_csh_amt=0, dcctrans_yn=N), SAC02F452ROutSub1Vo(auth_date=20240227, pmt_date=20240229, card_no=4485580000080033, auth_no=111206, sale_amt=6589, nonfareamt=0, sale_knd_clcd=05, ins_mcnt=0, sale_pamt=6589, sale_svc_fee=0, sale_tax=0, pwcw_csh_amt=0, dcctrans_yn=N)]), outputList=null)
2024-11-13 14:49:06 [main] INFO  BcapApplication:50 - Starting BcapApplication using Java 21.0.3 with PID 15420 (E:\LeWork\OracleTuxedo\bcap-be\target\classes started by drucc in E:\LeWork\OracleTuxedo\bcap-be)
2024-11-13 14:49:06 [main] INFO  BcapApplication:654 - No active profile set, falling back to 1 default profile: "default"
2024-11-13 14:49:08 [main] INFO  TomcatWebServer:111 - Tomcat initialized with port 8080 (http)
2024-11-13 14:49:08 [main] INFO  ServletWebServerApplicationContext:296 - Root WebApplicationContext: initialization completed in 1580 ms
2024-11-13 14:49:08 [main] INFO  TomcatWebServer:243 - Tomcat started on port 8080 (http) with context path '/'
2024-11-13 14:49:08 [main] INFO  BcapApplication:56 - Started BcapApplication in 2.727 seconds (process running for 3.699)
2024-11-13 14:49:08 [main] INFO  BcapApplication:18 - Start Application
2024-11-13 14:49:13 [http-nio-8080-exec-1] INFO  DispatcherServlet:532 - Initializing Servlet 'dispatcherServlet'
2024-11-13 14:49:13 [http-nio-8080-exec-1] INFO  DispatcherServlet:554 - Completed initialization in 1 ms
2024-11-13 14:49:13 [http-nio-8080-exec-1] INFO  ExampleService:55 - original message [00000817BCAP    202411131449131460000000SMC03F054R              BCAPS                        BCAP    20241113144913146000000020241113623000      WEB       172.16.20.11                                WMC0302500 N1787130271     020241113623000                          A000000      00010                                                                        EN                                                                                                                                             D00000314                     20220101202412117071000638409                                                                                                                                                                                                                                                                00000020@@]
2024-11-13 14:49:13 [http-nio-8080-exec-1] INFO  ExampleService:61 - request to tuxedo [00000817BCAP    202411131449131460000000SMC03F054R              BCAPS                        BCAP    20241113144913146000000020241113623000      WEB       172.16.20.11                                WMC0302500 N1787130271     020241113623000                          A000000      00010                                                                        EN                                                                                                                                             D00000314                     20220101202412117071000638409                                                                                                                                                                                                                                                                00000020@@]
2024-11-13 14:49:13 [http-nio-8080-exec-1] INFO  ExampleService:62 - response from tuxedo [00001028BCAP    202411131449131460000000SMC03F054R              BCAPR                        BCAP    20241113144913146000000020241113623000      WEB       172.16.20.11                                WMC0302500 N1787130271     020241113623000      20241113144919648882A00  00        011COREPAREPFPA0017                                                        EN                                                                                                                                             E00000525                     10Error encountered when looking up service parameter table. Tx Code [SMC03F054R], Inst No [BCAP], SQLIO Error Number [1403], SQLIO Error Message [ORA-01403: no data found
                                                                                                                                  BCAP    202411131449131460000000 : SLCFPROXY->LcfTranParamInfo.c->SvcParamInfo_Assign->LINE:[122]   01Error encountered when looking up service parameter table. Tx Code [%s], Inst No [%s], SQLIO Error N@@]
2024-11-13 14:51:40 [main] INFO  BcapApplication:50 - Starting BcapApplication using Java 21.0.3 with PID 18500 (E:\LeWork\OracleTuxedo\bcap-be\target\classes started by drucc in E:\LeWork\OracleTuxedo\bcap-be)
2024-11-13 14:51:40 [main] INFO  BcapApplication:654 - No active profile set, falling back to 1 default profile: "default"
2024-11-13 14:51:41 [main] INFO  TomcatWebServer:111 - Tomcat initialized with port 8080 (http)
2024-11-13 14:51:41 [main] INFO  ServletWebServerApplicationContext:296 - Root WebApplicationContext: initialization completed in 1576 ms
2024-11-13 14:51:42 [main] INFO  TomcatWebServer:243 - Tomcat started on port 8080 (http) with context path '/'
2024-11-13 14:51:42 [main] INFO  BcapApplication:56 - Started BcapApplication in 2.654 seconds (process running for 3.645)
2024-11-13 14:51:42 [main] INFO  BcapApplication:18 - Start Application
2024-11-13 14:51:47 [http-nio-8080-exec-1] INFO  DispatcherServlet:532 - Initializing Servlet 'dispatcherServlet'
2024-11-13 14:51:47 [http-nio-8080-exec-1] INFO  DispatcherServlet:554 - Completed initialization in 1 ms
2024-11-13 14:51:47 [http-nio-8080-exec-1] INFO  ExampleService:55 - original message [00000817BCAP    202411131451471850000000SMC03F054R              BCAPS                        BCAP    20241113145147185000000020241113379000      WEB       172.16.20.11                                WMC0302500 N1787130271     020241113379000                          A000000      00010                                                                        EN                                                                                                                                             D00000314                     20220101202412117071000638409                                                                                                                                                                                                                                                                00000020@@]
2024-11-13 14:51:47 [http-nio-8080-exec-1] INFO  ExampleService:61 - request to tuxedo [00000817BCAP    202411131451471850000000SMC03F054R              BCAPS                        BCAP    20241113145147185000000020241113379000      WEB       172.16.20.11                                WMC0302500 N1787130271     020241113379000                          A000000      00010                                                                        EN                                                                                                                                             D00000314                     20220101202412117071000638409                                                                                                                                                                                                                                                                00000020@@]
2024-11-13 14:51:47 [http-nio-8080-exec-1] INFO  ExampleService:62 - response from tuxedo [00001028BCAP    202411131451471850000000SMC03F054R              BCAPR                        BCAP    20241113145147185000000020241113379000      WEB       172.16.20.11                                WMC0302500 N1787130271     020241113379000      20241113145153378788A00  00        011COREPAREPFPA0017                                                        EN                                                                                                                                             E00000525                     10Error encountered when looking up service parameter table. Tx Code [SMC03F054R], Inst No [BCAP], SQLIO Error Number [1403], SQLIO Error Message [ORA-01403: no data found
                                                                                                                                  BCAP    202411131451471850000000 : SLCFPROXY->LcfTranParamInfo.c->SvcParamInfo_Assign->LINE:[122]   01Error encountered when looking up service parameter table. Tx Code [%s], Inst No [%s], SQLIO Error N@@]
2024-11-13 14:53:30 [main] INFO  BcapApplication:50 - Starting BcapApplication using Java 21.0.3 with PID 2704 (E:\LeWork\OracleTuxedo\bcap-be\target\classes started by drucc in E:\LeWork\OracleTuxedo\bcap-be)
2024-11-13 14:53:30 [main] INFO  BcapApplication:654 - No active profile set, falling back to 1 default profile: "default"
2024-11-13 14:53:31 [main] INFO  TomcatWebServer:111 - Tomcat initialized with port 8080 (http)
2024-11-13 14:53:32 [main] INFO  ServletWebServerApplicationContext:296 - Root WebApplicationContext: initialization completed in 1381 ms
2024-11-13 14:53:32 [main] INFO  TomcatWebServer:243 - Tomcat started on port 8080 (http) with context path '/'
2024-11-13 14:53:32 [main] INFO  BcapApplication:56 - Started BcapApplication in 2.556 seconds (process running for 3.56)
2024-11-13 14:53:32 [main] INFO  BcapApplication:18 - Start Application
2024-11-13 14:53:58 [http-nio-8080-exec-1] INFO  DispatcherServlet:532 - Initializing Servlet 'dispatcherServlet'
2024-11-13 14:53:58 [http-nio-8080-exec-1] INFO  DispatcherServlet:554 - Completed initialization in 1 ms
2024-11-13 14:53:58 [http-nio-8080-exec-1] INFO  ExampleService:55 - original message [00000817BCAP    202411131453585620000000SMC03F054R              BCAPS                        BCAP    20241113145358562000000020241113487000      WEB       172.16.20.11                                WMC0302500 N1787130271     020241113487000                          A000000      00010                                                                        EN                                                                                                                                             D00000314                     20220101202412117071000638409                                                                                                                                                                                                                                                                00000020@@]
2024-11-13 14:53:58 [http-nio-8080-exec-1] INFO  ExampleService:61 - request to tuxedo [00000817BCAP    202411131453585620000000SMC03F054R              BCAPS                        BCAP    20241113145358562000000020241113487000      WEB       172.16.20.11                                WMC0302500 N1787130271     020241113487000                          A000000      00010                                                                        EN                                                                                                                                             D00000314                     20220101202412117071000638409                                                                                                                                                                                                                                                                00000020@@]
2024-11-13 14:53:58 [http-nio-8080-exec-1] INFO  ExampleService:62 - response from tuxedo [00001028BCAP    202411131453585620000000SMC03F054R              BCAPR                        BCAP    20241113145358562000000020241113487000      WEB       172.16.20.11                                WMC0302500 N1787130271     020241113487000      20241113145404487040A00  00        011COREPAREPFPA0017                                                        EN                                                                                                                                             E00000525                     10Error encountered when looking up service parameter table. Tx Code [SMC03F054R], Inst No [BCAP], SQLIO Error Number [1403], SQLIO Error Message [ORA-01403: no data found
                                                                                                                                  BCAP    202411131453585620000000 : SLCFPROXY->LcfTranParamInfo.c->SvcParamInfo_Assign->LINE:[122]   01Error encountered when looking up service parameter table. Tx Code [%s], Inst No [%s], SQLIO Error N@@]
2024-11-13 14:56:27 [http-nio-8080-exec-3] INFO  ExampleService:55 - original message [00000817BCAP    202411131456274080000000SMC03F054R              BCAPS                        BCAP    20241113145627408000000020241113863000      WEB       172.16.20.11                                WMC0302500 N1787130271     020241113863000                          A000000      00010                                                                        EN                                                                                                                                             D00000314                     20220101202412117071000638409                                                                                                                                                                                                                                                                00000020@@]
2024-11-13 14:56:28 [http-nio-8080-exec-3] INFO  ExampleService:61 - request to tuxedo [00000817BCAP    202411131456274080000000SMC03F054R              BCAPS                        BCAP    20241113145627408000000020241113863000      WEB       172.16.20.11                                WMC0302500 N1787130271     020241113863000                          A000000      00010                                                                        EN                                                                                                                                             D00000314                     20220101202412117071000638409                                                                                                                                                                                                                                                                00000020@@]
2024-11-13 14:56:28 [http-nio-8080-exec-3] INFO  ExampleService:62 - response from tuxedo [00001028BCAP    202411131456274080000000SMC03F054R              BCAPR                        BCAP    20241113145627408000000020241113863000      WEB       172.16.20.11                                WMC0302500 N1787130271     020241113863000      20241113145633726350A00  00        011COREPAREPFPA0017                                                        EN                                                                                                                                             E00000525                     10Error encountered when looking up service parameter table. Tx Code [SMC03F054R], Inst No [BCAP], SQLIO Error Number [1403], SQLIO Error Message [ORA-01403: no data found
                                                                                                                                  BCAP    202411131456274080000000 : SLCFPROXY->LcfTranParamInfo.c->SvcParamInfo_Assign->LINE:[122]   01Error encountered when looking up service parameter table. Tx Code [%s], Inst No [%s], SQLIO Error N@@]
2024-11-13 14:56:47 [http-nio-8080-exec-5] INFO  ExampleService:55 - original message [00000817BCAP    202411131456476150000000SMC03F054R              BCAPS                        BCAP    20241113145647615000000020241113179000      WEB       172.16.20.11                                WMC0302500 N1787130271     020241113179000                          A000000      00010                                                                        EN                                                                                                                                             D00000314                     20220101202412117071000638409                                                                                                                                                                                                                                                                00000020@@]
2024-11-13 14:56:47 [http-nio-8080-exec-5] INFO  ExampleService:61 - request to tuxedo [00000817BCAP    202411131456476150000000SMC03F054R              BCAPS                        BCAP    20241113145647615000000020241113179000      WEB       172.16.20.11                                WMC0302500 N1787130271     020241113179000                          A000000      00010                                                                        EN                                                                                                                                             D00000314                     20220101202412117071000638409                                                                                                                                                                                                                                                                00000020@@]
2024-11-13 14:56:47 [http-nio-8080-exec-5] INFO  ExampleService:62 - response from tuxedo [00001028BCAP    202411131456476150000000SMC03F054R              BCAPR                        BCAP    20241113145647615000000020241113179000      WEB       172.16.20.11                                WMC0302500 N1787130271     020241113179000      20241113145653053389A00  00        011COREPAREPFPA0017                                                        EN                                                                                                                                             E00000525                     10Error encountered when looking up service parameter table. Tx Code [SMC03F054R], Inst No [BCAP], SQLIO Error Number [1403], SQLIO Error Message [ORA-01403: no data found
                                                                                                                                  BCAP    202411131456476150000000 : SLCFPROXY->LcfTranParamInfo.c->SvcParamInfo_Assign->LINE:[122]   01Error encountered when looking up service parameter table. Tx Code [%s], Inst No [%s], SQLIO Error N@@]
2024-11-13 14:57:40 [http-nio-8080-exec-7] INFO  ExampleService:55 - original message [00000813                                SMC03F054R              MTI S                                                                            UNIT      192.168.1.89                    0CDD2494CF5F                           020241112162112550                         00000      00000                                                                        EN                                                                                                                                              00000000                     20220101202412117071000638409                                                                                                                                                                                                                                                                000020]
2024-11-13 14:57:41 [http-nio-8080-exec-7] INFO  ExampleService:61 - request to tuxedo [00000813                                SMC03F054R              MTI S                                                                            UNIT      192.168.1.89                    0CDD2494CF5F                           020241112162112550                         00000      00000                                                                        EN                                                                                                                                              00000000                     20220101202412117071000638409                                                                                                                                                                                                                                                                000020]
2024-11-13 14:57:41 [http-nio-8080-exec-7] INFO  ExampleService:62 - response from tuxedo [00002970devaps01202411131457460012008600SMC03F054R              MTI R                        devaps0120241113145746001200860020241112162112550   UNIT      192.168.1.89                    0CDD2494CF5F                           020241112162112550   20241113145746852282  0  00        000       NAZAP0005                                                        EN                                                                                                                                             N00000525                     30The Transaction Successfully Ended.                                                                                                                                                                                                                                                                                                                                                                             01The Transaction Successfully Ended.                                                                 D00001933                     20220101202412117071000638409                                                                                                                                                                                                                                                                    20       120000057850           12023112020231120707100063840920231120BMC02V080U                                                                  20240901                                                                                                                                                                              1Online Onboarding - MY                                                                                                                                                                                                                                                                                                                                                                                                                                                                                                                                                                                                                                                                                                                                                                                                                                                                                                                                                                                                                  1batch          bmc02v080u 20231120093941253848batch          bmc02v080u 20231120093941257864 Online Onboarding - MY                                                                                                                                                                                  @@]
2024-11-13 14:57:44 [http-nio-8080-exec-9] INFO  ExampleService:55 - original message [00000813                                SMC03F054R              MTI S                                                                            UNIT      192.168.1.89                    0CDD2494CF5F                           020241112162112550                         00000      00000                                                                        EN                                                                                                                                              00000000                     20220101202412117071000638409                                                                                                                                                                                                                                                                000020]
2024-11-13 14:57:44 [http-nio-8080-exec-9] INFO  ExampleService:61 - request to tuxedo [00000813                                SMC03F054R              MTI S                                                                            UNIT      192.168.1.89                    0CDD2494CF5F                           020241112162112550                         00000      00000                                                                        EN                                                                                                                                              00000000                     20220101202412117071000638409                                                                                                                                                                                                                                                                000020]
2024-11-13 14:57:44 [http-nio-8080-exec-9] INFO  ExampleService:62 - response from tuxedo [00002970devaps01202411131457490012008700SMC03F054R              MTI R                        devaps0120241113145749001200870020241112162112550   UNIT      192.168.1.89                    0CDD2494CF5F                           020241112162112550   20241113145750025988  0  00        000       NAZAP0005                                                        EN                                                                                                                                             N00000525                     30The Transaction Successfully Ended.                                                                                                                                                                                                                                                                                                                                                                             01The Transaction Successfully Ended.                                                                 D00001933                     20220101202412117071000638409                                                                                                                                                                                                                                                                    20       120000057850           12023112020231120707100063840920231120BMC02V080U                                                                  20240901                                                                                                                                                                              1Online Onboarding - MY                                                                                                                                                                                                                                                                                                                                                                                                                                                                                                                                                                                                                                                                                                                                                                                                                                                                                                                                                                                                                  1batch          bmc02v080u 20231120093941253848batch          bmc02v080u 20231120093941257864 Online Onboarding - MY                                                                                                                                                                                  @@]
2024-11-13 14:57:46 [http-nio-8080-exec-1] INFO  ExampleService:55 - original message [00000813                                SMC03F054R              MTI S                                                                            UNIT      192.168.1.89                    0CDD2494CF5F                           020241112162112550                         00000      00000                                                                        EN                                                                                                                                              00000000                     20220101202412117071000638409                                                                                                                                                                                                                                                                000020]
2024-11-13 14:57:46 [http-nio-8080-exec-1] INFO  ExampleService:61 - request to tuxedo [00000813                                SMC03F054R              MTI S                                                                            UNIT      192.168.1.89                    0CDD2494CF5F                           020241112162112550                         00000      00000                                                                        EN                                                                                                                                              00000000                     20220101202412117071000638409                                                                                                                                                                                                                                                                000020]
2024-11-13 14:57:46 [http-nio-8080-exec-1] INFO  ExampleService:62 - response from tuxedo [00002970devaps01202411131457520012008800SMC03F054R              MTI R                        devaps0120241113145752001200880020241112162112550   UNIT      192.168.1.89                    0CDD2494CF5F                           020241112162112550   20241113145752221337  0  00        000       NAZAP0005                                                        EN                                                                                                                                             N00000525                     30The Transaction Successfully Ended.                                                                                                                                                                                                                                                                                                                                                                             01The Transaction Successfully Ended.                                                                 D00001933                     20220101202412117071000638409                                                                                                                                                                                                                                                                    20       120000057850           12023112020231120707100063840920231120BMC02V080U                                                                  20240901                                                                                                                                                                              1Online Onboarding - MY                                                                                                                                                                                                                                                                                                                                                                                                                                                                                                                                                                                                                                                                                                                                                                                                                                                                                                                                                                                                                  1batch          bmc02v080u 20231120093941253848batch          bmc02v080u 20231120093941257864 Online Onboarding - MY                                                                                                                                                                                  @@]
2024-11-13 14:57:54 [http-nio-8080-exec-3] INFO  ExampleService:55 - original message [00000813                                SMC03F054R              MTI S                                                                            UNIT      192.168.1.89                    0CDD2494CF5F                           020241112162112550                         00000      00000                                                                        EN                                                                                                                                              00000000                     20220101202412117071000638409                                                                                                                                                                                                                                                                000020]
2024-11-13 14:57:54 [http-nio-8080-exec-3] INFO  ExampleService:61 - request to tuxedo [00000813                                SMC03F054R              MTI S                                                                            UNIT      192.168.1.89                    0CDD2494CF5F                           020241112162112550                         00000      00000                                                                        EN                                                                                                                                              00000000                     20220101202412117071000638409                                                                                                                                                                                                                                                                000020]
2024-11-13 14:57:54 [http-nio-8080-exec-3] INFO  ExampleService:62 - response from tuxedo [00002970devaps01202411131457590012008900SMC03F054R              MTI R                        devaps0120241113145759001200890020241112162112550   UNIT      192.168.1.89                    0CDD2494CF5F                           020241112162112550   20241113145759859597  0  00        000       NAZAP0005                                                        EN                                                                                                                                             N00000525                     30The Transaction Successfully Ended.                                                                                                                                                                                                                                                                                                                                                                             01The Transaction Successfully Ended.                                                                 D00001933                     20220101202412117071000638409                                                                                                                                                                                                                                                                    20       120000057850           12023112020231120707100063840920231120BMC02V080U                                                                  20240901                                                                                                                                                                              1Online Onboarding - MY                                                                                                                                                                                                                                                                                                                                                                                                                                                                                                                                                                                                                                                                                                                                                                                                                                                                                                                                                                                                                  1batch          bmc02v080u 20231120093941253848batch          bmc02v080u 20231120093941257864 Online Onboarding - MY                                                                                                                                                                                  @@]
2024-11-13 14:58:13 [http-nio-8080-exec-5] INFO  ExampleService:55 - original message [00000817BCAP    202411131458139430000000SMC03F054R              BCAPS                        BCAP    20241113145813943000000020241113253000      WEB       172.16.20.11                                WMC0302500 N1787130271     020241113253000                          A000000      00010                                                                        EN                                                                                                                                             D00000314                     20220101202412117071000638409                                                                                                                                                                                                                                                                00000020@@]
2024-11-13 14:58:13 [http-nio-8080-exec-5] INFO  ExampleService:61 - request to tuxedo [00000817BCAP    202411131458139430000000SMC03F054R              BCAPS                        BCAP    20241113145813943000000020241113253000      WEB       172.16.20.11                                WMC0302500 N1787130271     020241113253000                          A000000      00010                                                                        EN                                                                                                                                             D00000314                     20220101202412117071000638409                                                                                                                                                                                                                                                                00000020@@]
2024-11-13 14:58:13 [http-nio-8080-exec-5] INFO  ExampleService:62 - response from tuxedo [00001028BCAP    202411131458139430000000SMC03F054R              BCAPR                        BCAP    20241113145813943000000020241113253000      WEB       172.16.20.11                                WMC0302500 N1787130271     020241113253000      20241113145819102714A00  00        011COREPAREPFPA0017                                                        EN                                                                                                                                             E00000525                     10Error encountered when looking up service parameter table. Tx Code [SMC03F054R], Inst No [BCAP], SQLIO Error Number [1403], SQLIO Error Message [ORA-01403: no data found
                                                                                                                                  BCAP    202411131458139430000000 : SLCFPROXY->LcfTranParamInfo.c->SvcParamInfo_Assign->LINE:[122]   01Error encountered when looking up service parameter table. Tx Code [%s], Inst No [%s], SQLIO Error N@@]
2024-11-13 14:58:31 [http-nio-8080-exec-7] INFO  ExampleService:55 - original message [00000817BCAP    202411131458313670000000SMC03F054R              BCAPS                        BCAP    20241113145831367000000020241113916000      WEB       172.16.20.11                                WMC0302500 N1787130271     020241113916000                          A000000      00010                                                                        EN                                                                                                                                             D00000314                     20220101202412117071000638409                                                                                                                                                                                                                                                                00000020@@]
2024-11-13 14:58:32 [http-nio-8080-exec-7] INFO  ExampleService:61 - request to tuxedo [00000817BCAP    202411131458313670000000SMC03F054R              BCAPS                        BCAP    20241113145831367000000020241113916000      WEB       172.16.20.11                                WMC0302500 N1787130271     020241113916000                          A000000      00010                                                                        EN                                                                                                                                             D00000314                     20220101202412117071000638409                                                                                                                                                                                                                                                                00000020@@]
2024-11-13 14:58:32 [http-nio-8080-exec-7] INFO  ExampleService:62 - response from tuxedo [00001028BCAP    202411131458313670000000SMC03F054R              BCAPR                        BCAP    20241113145831367000000020241113916000      WEB       172.16.20.11                                WMC0302500 N1787130271     020241113916000      20241113145837764636A00  00        011COREPAREPFPA0017                                                        EN                                                                                                                                             E00000525                     10Error encountered when looking up service parameter table. Tx Code [SMC03F054R], Inst No [BCAP], SQLIO Error Number [1403], SQLIO Error Message [ORA-01403: no data found
                                                                                                                                  BCAP    202411131458313670000000 : SLCFPROXY->LcfTranParamInfo.c->SvcParamInfo_Assign->LINE:[122]   01Error encountered when looking up service parameter table. Tx Code [%s], Inst No [%s], SQLIO Error N@@]
2024-11-13 14:59:01 [http-nio-8080-exec-9] INFO  ExampleService:55 - original message [00000817BCAP    202411131459012090000000SMC03F054R              BCAPS                        BCAP    20241113145901209000000020241113376000      WEB       172.16.20.11                                WMC0302500 N1787130271     020241113376000                          A000000      00010                                                                        EN                                                                                                                                             D00000314                     20220101202412117071000638409                                                                                                                                                                                                                                                                00000020@@]
2024-11-13 14:59:01 [http-nio-8080-exec-9] INFO  ExampleService:61 - request to tuxedo [00000817BCAP    202411131459012090000000SMC03F054R              BCAPS                        BCAP    20241113145901209000000020241113376000      WEB       172.16.20.11                                WMC0302500 N1787130271     020241113376000                          A000000      00010                                                                        EN                                                                                                                                             D00000314                     20220101202412117071000638409                                                                                                                                                                                                                                                                00000020@@]
2024-11-13 14:59:01 [http-nio-8080-exec-9] INFO  ExampleService:62 - response from tuxedo [00001028BCAP    202411131459012090000000SMC03F054R              BCAPR                        BCAP    20241113145901209000000020241113376000      WEB       172.16.20.11                                WMC0302500 N1787130271     020241113376000      20241113145907214593A00  00        011COREPAREPFPA0017                                                        EN                                                                                                                                             E00000525                     10Error encountered when looking up service parameter table. Tx Code [SMC03F054R], Inst No [BCAP], SQLIO Error Number [1403], SQLIO Error Message [ORA-01403: no data found
                                                                                                                                  BCAP    202411131459012090000000 : SLCFPROXY->LcfTranParamInfo.c->SvcParamInfo_Assign->LINE:[122]   01Error encountered when looking up service parameter table. Tx Code [%s], Inst No [%s], SQLIO Error N@@]
2024-11-13 15:03:04 [main] INFO  BcapApplication:50 - Starting BcapApplication using Java 21.0.3 with PID 19060 (E:\LeWork\OracleTuxedo\bcap-be\target\classes started by drucc in E:\LeWork\OracleTuxedo\bcap-be)
2024-11-13 15:03:04 [main] INFO  BcapApplication:654 - No active profile set, falling back to 1 default profile: "default"
2024-11-13 15:03:06 [main] INFO  TomcatWebServer:111 - Tomcat initialized with port 8080 (http)
2024-11-13 15:03:06 [main] INFO  ServletWebServerApplicationContext:296 - Root WebApplicationContext: initialization completed in 1504 ms
2024-11-13 15:03:07 [main] INFO  TomcatWebServer:243 - Tomcat started on port 8080 (http) with context path '/'
2024-11-13 15:03:07 [main] INFO  BcapApplication:56 - Started BcapApplication in 2.496 seconds (process running for 3.498)
2024-11-13 15:03:07 [main] INFO  BcapApplication:18 - Start Application
2024-11-13 15:03:14 [http-nio-8080-exec-1] INFO  DispatcherServlet:532 - Initializing Servlet 'dispatcherServlet'
2024-11-13 15:03:14 [http-nio-8080-exec-1] INFO  DispatcherServlet:554 - Completed initialization in 1 ms
2024-11-13 15:03:14 [http-nio-8080-exec-1] INFO  ExampleService:55 - original message [00000817BCAP    202411131503143510000000SMC03F054R              BCAPS                        BCAP    20241113150314351000000020241113624000      WEB       172.16.20.11                                WMC0302500 N1787130271     020241113624000                          A000000      00010                                                                        EN                                                                                                                                             D00000314                     20220101202412117071000638409                                                                                                                                                                                                                                                                00000020@@]
2024-11-13 15:03:14 [http-nio-8080-exec-1] INFO  ExampleService:61 - request to tuxedo
2024-11-13 15:03:14 [http-nio-8080-exec-1] INFO  ExampleService:62 - [00000817BCAP    202411131503143510000000SMC03F054R              BCAPS                        BCAP    20241113150314351000000020241113624000      WEB       172.16.20.11                                WMC0302500 N1787130271     020241113624000                          A000000      00010                                                                        EN                                                                                                                                             D00000314                     20220101202412117071000638409                                                                                                                                                                                                                                                                00000020@@]
2024-11-13 15:03:14 [http-nio-8080-exec-1] INFO  ExampleService:63 - response from tuxedo
2024-11-13 15:03:14 [http-nio-8080-exec-1] INFO  ExampleService:64 - [00001028BCAP    202411131503143510000000SMC03F054R              BCAPR                        BCAP    20241113150314351000000020241113624000      WEB       172.16.20.11                                WMC0302500 N1787130271     020241113624000      20241113150320639862A00  00        011COREPAREPFPA0017                                                        EN                                                                                                                                             E00000525                     10Error encountered when looking up service parameter table. Tx Code [SMC03F054R], Inst No [BCAP], SQLIO Error Number [1403], SQLIO Error Message [ORA-01403: no data found
                                                                                                                                  BCAP    202411131503143510000000 : SLCFPROXY->LcfTranParamInfo.c->SvcParamInfo_Assign->LINE:[122]   01Error encountered when looking up service parameter table. Tx Code [%s], Inst No [%s], SQLIO Error N@@]
2024-11-13 15:04:07 [main] INFO  BcapApplication:50 - Starting BcapApplication using Java 21.0.3 with PID 24048 (E:\LeWork\OracleTuxedo\bcap-be\target\classes started by drucc in E:\LeWork\OracleTuxedo\bcap-be)
2024-11-13 15:04:07 [main] INFO  BcapApplication:654 - No active profile set, falling back to 1 default profile: "default"
2024-11-13 15:04:09 [main] INFO  TomcatWebServer:111 - Tomcat initialized with port 8080 (http)
2024-11-13 15:04:09 [main] INFO  ServletWebServerApplicationContext:296 - Root WebApplicationContext: initialization completed in 1623 ms
2024-11-13 15:04:10 [main] INFO  TomcatWebServer:243 - Tomcat started on port 8080 (http) with context path '/'
2024-11-13 15:04:10 [main] INFO  BcapApplication:56 - Started BcapApplication in 2.866 seconds (process running for 4.019)
2024-11-13 15:04:10 [main] INFO  BcapApplication:18 - Start Application
2024-11-13 15:04:18 [http-nio-8080-exec-1] INFO  DispatcherServlet:532 - Initializing Servlet 'dispatcherServlet'
2024-11-13 15:04:18 [http-nio-8080-exec-1] INFO  DispatcherServlet:554 - Completed initialization in 1 ms
2024-11-13 15:04:18 [http-nio-8080-exec-1] INFO  ExampleService:55 - original message
2024-11-13 15:04:18 [http-nio-8080-exec-1] INFO  ExampleService:56 - [00000817BCAP    202411131504187000000000SMC03F054R              BCAPS                        BCAP    20241113150418700000000020241113517000      WEB       172.16.20.11                                WMC0302500 N1787130271     020241113517000                          A000000      00010                                                                        EN                                                                                                                                             D00000314                     20220101202412117071000638409                                                                                                                                                                                                                                                                00000020@@]
2024-11-13 15:04:18 [http-nio-8080-exec-1] INFO  ExampleService:61 - request to tuxedo
2024-11-13 15:04:18 [http-nio-8080-exec-1] INFO  ExampleService:62 - [00000817BCAP    202411131504187000000000SMC03F054R              BCAPS                        BCAP    20241113150418700000000020241113517000      WEB       172.16.20.11                                WMC0302500 N1787130271     020241113517000                          A000000      00010                                                                        EN                                                                                                                                             D00000314                     20220101202412117071000638409                                                                                                                                                                                                                                                                00000020@@]
2024-11-13 15:04:18 [http-nio-8080-exec-1] INFO  ExampleService:63 - response from tuxedo
2024-11-13 15:04:18 [http-nio-8080-exec-1] INFO  ExampleService:64 - [00001028BCAP    202411131504187000000000SMC03F054R              BCAPR                        BCAP    20241113150418700000000020241113517000      WEB       172.16.20.11                                WMC0302500 N1787130271     020241113517000      20241113150424617993A00  00        011COREPAREPFPA0017                                                        EN                                                                                                                                             E00000525                     10Error encountered when looking up service parameter table. Tx Code [SMC03F054R], Inst No [BCAP], SQLIO Error Number [1403], SQLIO Error Message [ORA-01403: no data found
                                                                                                                                  BCAP    202411131504187000000000 : SLCFPROXY->LcfTranParamInfo.c->SvcParamInfo_Assign->LINE:[122]   01Error encountered when looking up service parameter table. Tx Code [%s], Inst No [%s], SQLIO Error N@@]
2024-11-13 15:05:10 [http-nio-8080-exec-3] INFO  ExampleService:55 - original message
2024-11-13 15:05:10 [http-nio-8080-exec-3] INFO  ExampleService:56 - [00000817MTI     202411131505104930000000SMC03F054R              BCAPS                        MTI     20241113150510493000000020241113294000      WEB       172.16.20.11                                WMC0302500 N1787130271     020241113294000                          A000000      00010                                                                        EN                                                                                                                                             D00000314                     20220101202412117071000638409                                                                                                                                                                                                                                                                00000020@@]
2024-11-13 15:05:10 [http-nio-8080-exec-3] INFO  ExampleService:61 - request to tuxedo
2024-11-13 15:05:10 [http-nio-8080-exec-3] INFO  ExampleService:62 - [00000817MTI     202411131505104930000000SMC03F054R              BCAPS                        MTI     20241113150510493000000020241113294000      WEB       172.16.20.11                                WMC0302500 N1787130271     020241113294000                          A000000      00010                                                                        EN                                                                                                                                             D00000314                     20220101202412117071000638409                                                                                                                                                                                                                                                                00000020@@]
2024-11-13 15:05:10 [http-nio-8080-exec-3] INFO  ExampleService:63 - response from tuxedo
2024-11-13 15:05:10 [http-nio-8080-exec-3] INFO  ExampleService:64 - [00001028MTI     202411131505104930000000SMC03F054R              BCAPR                        MTI     20241113150510493000000020241113294000      WEB       172.16.20.11                                WMC0302500 N1787130271     020241113294000      20241113150516146491A00  00        011COREPAREPFPA0017                                                        EN                                                                                                                                             E00000525                     10Error encountered when looking up service parameter table. Tx Code [SMC03F054R], Inst No [BCAP], SQLIO Error Number [1403], SQLIO Error Message [ORA-01403: no data found
                                                                                                                                  MTI     202411131505104930000000 : SLCFPROXY->LcfTranParamInfo.c->SvcParamInfo_Assign->LINE:[122]   01Error encountered when looking up service parameter table. Tx Code [%s], Inst No [%s], SQLIO Error N@@]
2024-11-13 15:08:06 [main] INFO  BcapApplication:50 - Starting BcapApplication using Java 21.0.3 with PID 19740 (E:\LeWork\OracleTuxedo\bcap-be\target\classes started by drucc in E:\LeWork\OracleTuxedo\bcap-be)
2024-11-13 15:08:06 [main] INFO  BcapApplication:654 - No active profile set, falling back to 1 default profile: "default"
2024-11-13 15:08:08 [main] INFO  TomcatWebServer:111 - Tomcat initialized with port 8080 (http)
2024-11-13 15:08:08 [main] INFO  ServletWebServerApplicationContext:296 - Root WebApplicationContext: initialization completed in 1523 ms
2024-11-13 15:08:09 [main] INFO  TomcatWebServer:243 - Tomcat started on port 8080 (http) with context path '/'
2024-11-13 15:08:09 [main] INFO  BcapApplication:56 - Started BcapApplication in 2.835 seconds (process running for 3.908)
2024-11-13 15:08:09 [main] INFO  BcapApplication:18 - Start Application
2024-11-13 15:09:09 [main] INFO  InterfaceTelegramTest:21 - ################################### Request START ###################################
2024-11-13 15:09:09 [main] INFO  InterfaceTelegramTest:37 - SAC02F452RInVo(page_no=1, page_size=10, mid=71000204442, auth_no=null, auth_strt_date=20240101, auth_end_date=20240919, pmt_strt_date=null, pmt_end_date=null)
2024-11-13 15:09:09 [main] INFO  InterfaceTelegramTest:42 - 00000585LeRuccoL202411131509090020000000SAC02F452R              MTI S                        LeRuccoL20241113150909002000000020241113150909000772WEB       172.16.20.11                                WED030120H N1787130271     020241113150909000775                    A000000      00010                                                                        EN                                                                                                                                             D00000082                     00000100001071000204442      2024010120240919                @@
2024-11-13 15:09:09 [main] INFO  InterfaceTelegramTest:43 - ################################### Request END ###################################
2024-11-13 15:21:27 [main] INFO  BcapApplication:50 - Starting BcapApplication using Java 21.0.3 with PID 23724 (E:\LeWork\OracleTuxedo\bcap-be\target\classes started by drucc in E:\LeWork\OracleTuxedo\bcap-be)
2024-11-13 15:21:27 [main] INFO  BcapApplication:654 - No active profile set, falling back to 1 default profile: "default"
2024-11-13 15:21:28 [main] INFO  TomcatWebServer:111 - Tomcat initialized with port 8080 (http)
2024-11-13 15:21:28 [main] INFO  ServletWebServerApplicationContext:296 - Root WebApplicationContext: initialization completed in 1417 ms
2024-11-13 15:21:29 [main] INFO  TomcatWebServer:243 - Tomcat started on port 8080 (http) with context path '/'
2024-11-13 15:21:29 [main] INFO  BcapApplication:56 - Started BcapApplication in 2.396 seconds (process running for 3.411)
2024-11-13 15:21:29 [main] INFO  BcapApplication:18 - Start Application
2024-11-13 15:21:36 [http-nio-8080-exec-1] INFO  DispatcherServlet:532 - Initializing Servlet 'dispatcherServlet'
2024-11-13 15:21:36 [http-nio-8080-exec-1] INFO  DispatcherServlet:554 - Completed initialization in 2 ms
2024-11-13 15:21:36 [http-nio-8080-exec-1] INFO  ExampleService:55 - original message
2024-11-13 15:21:36 [http-nio-8080-exec-1] INFO  ExampleService:56 - [00000585MTI     202411131521366110000000SAC02F452R              BCAPS                        MTI     20241113152136611000000020241113463000      WEB       172.16.20.11                                WMC0302500 N1787130271     020241113464000                          A000000      00010                                                                        EN                                                                                                                                             D00000082                     00000000001071000204442      2024010120240919                @@]
2024-11-13 15:21:36 [http-nio-8080-exec-1] INFO  ExampleService:61 - request to tuxedo
2024-11-13 15:21:36 [http-nio-8080-exec-1] INFO  ExampleService:62 - [00000585MTI     202411131521366110000000SAC02F452R              BCAPS                        MTI     20241113152136611000000020241113463000      WEB       172.16.20.11                                WMC0302500 N1787130271     020241113464000                          A000000      00010                                                                        EN                                                                                                                                             D00000082                     00000000001071000204442      2024010120240919                @@]
2024-11-13 15:21:36 [http-nio-8080-exec-1] INFO  ExampleService:63 - response from tuxedo
2024-11-13 15:21:36 [http-nio-8080-exec-1] INFO  ExampleService:64 - []
2024-11-13 15:22:01 [http-nio-8080-exec-4] INFO  ExampleService:55 - original message
2024-11-13 15:22:01 [http-nio-8080-exec-4] INFO  ExampleService:56 - [00000585MTI     202411131521366110000000SAC02F452R              BCAPS                        MTI     20241113152136611000000020241113463000      WEB       172.16.20.11                                WMC0302500 N1787130271     020241113464000                          A000000      00010                                                                        EN                                                                                                                                             D00000082                     00000000001071000204442      2024010120240919                @@]
2024-11-13 15:22:02 [http-nio-8080-exec-4] INFO  ExampleService:61 - request to tuxedo
2024-11-13 15:22:02 [http-nio-8080-exec-4] INFO  ExampleService:62 - [00000585MTI     202411131521366110000000SAC02F452R              BCAPS                        MTI     20241113152136611000000020241113463000      WEB       172.16.20.11                                WMC0302500 N1787130271     020241113464000                          A000000      00010                                                                        EN                                                                                                                                             D00000082                     00000000001071000204442      2024010120240919                @@]
2024-11-13 15:22:02 [http-nio-8080-exec-4] INFO  ExampleService:63 - response from tuxedo
2024-11-13 15:22:02 [http-nio-8080-exec-4] INFO  ExampleService:64 - [00001028MTI     202411131521366110000000SAC02F452R              BCAPR                        MTI     20241113152136611000000020241113463000      WEB       172.16.20.11                                WMC0302500 N1787130271     020241113464000      20241113152208160458A00  00        011COREPAREPFPA0017                                                        EN                                                                                                                                             E00000525                     10Error encountered when looking up service parameter table. Tx Code [SAC02F452R], Inst No [BCAP], SQLIO Error Number [1403], SQLIO Error Message [ORA-01403: no data found
                                                                                                                                  MTI     202411131521366110000000 : SLCFPROXY->LcfTranParamInfo.c->SvcParamInfo_Assign->LINE:[122]   01Error encountered when looking up service parameter table. Tx Code [%s], Inst No [%s], SQLIO Error N@@]
2024-11-13 15:23:02 [http-nio-8080-exec-6] INFO  ExampleService:55 - original message
2024-11-13 15:23:02 [http-nio-8080-exec-6] INFO  ExampleService:56 - [00000585MTI     202411131523029920000000SAC02F452R              BCAPS                        MTI     20241113152302992000000020241113921000      WEB       172.16.20.11                                WMC0302500 N1787130271     020241113921000                          A000000      00010                                                                        EN                                                                                                                                             D00000082                     00000000001071000204442      2024010120240919                @@]
2024-11-13 15:23:03 [http-nio-8080-exec-6] INFO  ExampleService:61 - request to tuxedo
2024-11-13 15:23:03 [http-nio-8080-exec-6] INFO  ExampleService:62 - [00000585MTI     202411131523029920000000SAC02F452R              BCAPS                        MTI     20241113152302992000000020241113921000      WEB       172.16.20.11                                WMC0302500 N1787130271     020241113921000                          A000000      00010                                                                        EN                                                                                                                                             D00000082                     00000000001071000204442      2024010120240919                @@]
2024-11-13 15:23:03 [http-nio-8080-exec-6] INFO  ExampleService:63 - response from tuxedo
2024-11-13 15:23:03 [http-nio-8080-exec-6] INFO  ExampleService:64 - [00001028MTI     202411131523029920000000SAC02F452R              BCAPR                        MTI     20241113152302992000000020241113921000      WEB       172.16.20.11                                WMC0302500 N1787130271     020241113921000      20241113152308757531A00  00        011COREPAREPFPA0017                                                        EN                                                                                                                                             E00000525                     10Error encountered when looking up service parameter table. Tx Code [SAC02F452R], Inst No [BCAP], SQLIO Error Number [1403], SQLIO Error Message [ORA-01403: no data found
                                                                                                                                  MTI     202411131523029920000000 : SLCFPROXY->LcfTranParamInfo.c->SvcParamInfo_Assign->LINE:[122]   01Error encountered when looking up service parameter table. Tx Code [%s], Inst No [%s], SQLIO Error N@@]
2024-11-13 15:23:37 [http-nio-8080-exec-8] INFO  ExampleService:55 - original message
2024-11-13 15:23:37 [http-nio-8080-exec-8] INFO  ExampleService:56 - [00000585MTI     202411131523377590000000SAC02F452R              BCAPS                        MTI     20241113152337759000000020241113275000      WEB       172.16.20.11                                WMC0302500 N1787130271     020241113276000                          A000000      00010                                                                        EN                                                                                                                                             D00000082                     00000000001071000204442      2024010120240919                @@]
2024-11-13 15:23:37 [http-nio-8080-exec-8] INFO  ExampleService:61 - request to tuxedo
2024-11-13 15:23:37 [http-nio-8080-exec-8] INFO  ExampleService:62 - [00000585MTI     202411131523377590000000SAC02F452R              BCAPS                        MTI     20241113152337759000000020241113275000      WEB       172.16.20.11                                WMC0302500 N1787130271     020241113276000                          A000000      00010                                                                        EN                                                                                                                                             D00000082                     00000000001071000204442      2024010120240919                @@]
2024-11-13 15:23:37 [http-nio-8080-exec-8] INFO  ExampleService:63 - response from tuxedo
2024-11-13 15:23:37 [http-nio-8080-exec-8] INFO  ExampleService:64 - [00001028MTI     202411131523377590000000SAC02F452R              BCAPR                        MTI     20241113152337759000000020241113275000      WEB       172.16.20.11                                WMC0302500 N1787130271     020241113276000      20241113152343122648A00  00        011COREPAREPFPA0017                                                        EN                                                                                                                                             E00000525                     10Error encountered when looking up service parameter table. Tx Code [SAC02F452R], Inst No [BCAP], SQLIO Error Number [1403], SQLIO Error Message [ORA-01403: no data found
                                                                                                                                  MTI     202411131523377590000000 : SLCFPROXY->LcfTranParamInfo.c->SvcParamInfo_Assign->LINE:[122]   01Error encountered when looking up service parameter table. Tx Code [%s], Inst No [%s], SQLIO Error N@@]
2024-11-13 15:24:11 [http-nio-8080-exec-10] INFO  ExampleService:55 - original message
2024-11-13 15:24:11 [http-nio-8080-exec-10] INFO  ExampleService:56 - [00000585MTI     202411131524114240000000SAC02F452R              BCAPS                        MTI     20241113152411424000000020241113159000      WEB       172.16.20.11                                WMC0302500 N1787130271     020241113159000                          A000000      00010                                                                        EN                                                                                                                                             D00000082                     00000000001071000204442      2024010120240919                @@]
2024-11-13 15:24:11 [http-nio-8080-exec-10] INFO  ExampleService:61 - request to tuxedo
2024-11-13 15:24:11 [http-nio-8080-exec-10] INFO  ExampleService:62 - [00000585MTI     202411131524114240000000SAC02F452R              BCAPS                        MTI     20241113152411424000000020241113159000      WEB       172.16.20.11                                WMC0302500 N1787130271     020241113159000                          A000000      00010                                                                        EN                                                                                                                                             D00000082                     00000000001071000204442      2024010120240919                @@]
2024-11-13 15:24:11 [http-nio-8080-exec-10] INFO  ExampleService:63 - response from tuxedo
2024-11-13 15:24:11 [http-nio-8080-exec-10] INFO  ExampleService:64 - [00001028MTI     202411131524114240000000SAC02F452R              BCAPR                        MTI     20241113152411424000000020241113159000      WEB       172.16.20.11                                WMC0302500 N1787130271     020241113159000      20241113152417002962A00  00        011COREPAREPFPA0017                                                        EN                                                                                                                                             E00000525                     10Error encountered when looking up service parameter table. Tx Code [SAC02F452R], Inst No [BCAP], SQLIO Error Number [1403], SQLIO Error Message [ORA-01403: no data found
                                                                                                                                  MTI     202411131524114240000000 : SLCFPROXY->LcfTranParamInfo.c->SvcParamInfo_Assign->LINE:[122]   01Error encountered when looking up service parameter table. Tx Code [%s], Inst No [%s], SQLIO Error N@@]
2024-11-13 15:24:37 [http-nio-8080-exec-2] INFO  ExampleService:55 - original message
2024-11-13 15:24:37 [http-nio-8080-exec-2] INFO  ExampleService:56 - [00000585MTI     202411131524378060000000SAC02F452R              BCAPS                        MTI     20241113152437806000000020241113607000      WEB       172.16.20.11                                WMC0302500 N1787130271     020241113608000                          A000000      00010                                                                        EN                                                                                                                                             D00000082                     00000000001071000204442      2024010120240919                @@]
2024-11-13 15:24:37 [http-nio-8080-exec-2] INFO  ExampleService:61 - request to tuxedo
2024-11-13 15:24:37 [http-nio-8080-exec-2] INFO  ExampleService:62 - [00000585MTI     202411131524378060000000SAC02F452R              BCAPS                        MTI     20241113152437806000000020241113607000      WEB       172.16.20.11                                WMC0302500 N1787130271     020241113608000                          A000000      00010                                                                        EN                                                                                                                                             D00000082                     00000000001071000204442      2024010120240919                @@]
2024-11-13 15:24:37 [http-nio-8080-exec-2] INFO  ExampleService:63 - response from tuxedo
2024-11-13 15:24:37 [http-nio-8080-exec-2] INFO  ExampleService:64 - [00001028MTI     202411131524378060000000SAC02F452R              BCAPR                        MTI     20241113152437806000000020241113607000      WEB       172.16.20.11                                WMC0302500 N1787130271     020241113608000      20241113152443433635A00  00        011COREPAREPFPA0017                                                        EN                                                                                                                                             E00000525                     10Error encountered when looking up service parameter table. Tx Code [SAC02F452R], Inst No [BCAP], SQLIO Error Number [1403], SQLIO Error Message [ORA-01403: no data found
                                                                                                                                  MTI     202411131524378060000000 : SLCFPROXY->LcfTranParamInfo.c->SvcParamInfo_Assign->LINE:[122]   01Error encountered when looking up service parameter table. Tx Code [%s], Inst No [%s], SQLIO Error N@@]
2024-11-13 15:25:20 [http-nio-8080-exec-4] INFO  ExampleService:55 - original message
2024-11-13 15:25:20 [http-nio-8080-exec-4] INFO  ExampleService:56 - [00000585MTI     202411131525208030000000SAC02F452R              BCAPS                        MTI     20241113152520803000000020241113209000      WEB       172.16.20.11                                WMC0302500 N1787130271     020241113210000                          A000000      00010                                                                        EN                                                                                                                                             D00000082                     00000000001071000204442      2024010120240919                @@]
2024-11-13 15:25:20 [http-nio-8080-exec-4] INFO  ExampleService:61 - request to tuxedo
2024-11-13 15:25:20 [http-nio-8080-exec-4] INFO  ExampleService:62 - [00000585MTI     202411131525208030000000SAC02F452R              BCAPS                        MTI     20241113152520803000000020241113209000      WEB       172.16.20.11                                WMC0302500 N1787130271     020241113210000                          A000000      00010                                                                        EN                                                                                                                                             D00000082                     00000000001071000204442      2024010120240919                @@]
2024-11-13 15:25:20 [http-nio-8080-exec-4] INFO  ExampleService:63 - response from tuxedo
2024-11-13 15:25:20 [http-nio-8080-exec-4] INFO  ExampleService:64 - [00001028MTI     202411131525208030000000SAC02F452R              BCAPR                        MTI     20241113152520803000000020241113209000      WEB       172.16.20.11                                WMC0302500 N1787130271     020241113210000      20241113152526041348A00  00        011COREPAREPFPA0017                                                        EN                                                                                                                                             E00000525                     10Error encountered when looking up service parameter table. Tx Code [SAC02F452R], Inst No [BCAP], SQLIO Error Number [1403], SQLIO Error Message [ORA-01403: no data found
                                                                                                                                  MTI     202411131525208030000000 : SLCFPROXY->LcfTranParamInfo.c->SvcParamInfo_Assign->LINE:[122]   01Error encountered when looking up service parameter table. Tx Code [%s], Inst No [%s], SQLIO Error N@@]
2024-11-13 15:25:47 [http-nio-8080-exec-6] INFO  ExampleService:55 - original message
2024-11-13 15:25:47 [http-nio-8080-exec-6] INFO  ExampleService:56 - [00000585MTI     202411131525472660000000SAC02F452R              BCAPS                        MTI     20241113152547266000000020241113784000      WEB       172.16.20.11                                WMC0302500 N1787130271     020241113784000                          A000000      00010                                                                        EN                                                                                                                                             D00000082                     00000000001071000204442      2024010120240919                @@]
2024-11-13 15:25:48 [http-nio-8080-exec-6] INFO  ExampleService:61 - request to tuxedo
2024-11-13 15:25:48 [http-nio-8080-exec-6] INFO  ExampleService:62 - [00000585MTI     202411131525472660000000SAC02F452R              BCAPS                        MTI     20241113152547266000000020241113784000      WEB       172.16.20.11                                WMC0302500 N1787130271     020241113784000                          A000000      00010                                                                        EN                                                                                                                                             D00000082                     00000000001071000204442      2024010120240919                @@]
2024-11-13 15:25:48 [http-nio-8080-exec-6] INFO  ExampleService:63 - response from tuxedo
2024-11-13 15:25:48 [http-nio-8080-exec-6] INFO  ExampleService:64 - [00001028MTI     202411131525472660000000SAC02F452R              BCAPR                        MTI     20241113152547266000000020241113784000      WEB       172.16.20.11                                WMC0302500 N1787130271     020241113784000      20241113152553863167A00  00        011COREPAREPFPA0017                                                        EN                                                                                                                                             E00000525                     10Error encountered when looking up service parameter table. Tx Code [SAC02F452R], Inst No [BCAP], SQLIO Error Number [1403], SQLIO Error Message [ORA-01403: no data found
                                                                                                                                  MTI     202411131525472660000000 : SLCFPROXY->LcfTranParamInfo.c->SvcParamInfo_Assign->LINE:[122]   01Error encountered when looking up service parameter table. Tx Code [%s], Inst No [%s], SQLIO Error N@@]
2024-11-13 15:25:56 [http-nio-8080-exec-8] INFO  ExampleService:55 - original message
2024-11-13 15:25:56 [http-nio-8080-exec-8] INFO  ExampleService:56 - [00000585MTI     202411131525563710000000SAC02F452R              MTI S                        MTI     20241113152556371000000020241113732000      WEB       172.16.20.11                                WMC0302500 N1787130271     020241113732000                          A000000      00010                                                                        EN                                                                                                                                             D00000082                     00000000001071000204442      2024010120240919                @@]
2024-11-13 15:25:57 [http-nio-8080-exec-8] INFO  ExampleService:61 - request to tuxedo
2024-11-13 15:25:57 [http-nio-8080-exec-8] INFO  ExampleService:62 - [00000585MTI     202411131525563710000000SAC02F452R              MTI S                        MTI     20241113152556371000000020241113732000      WEB       172.16.20.11                                WMC0302500 N1787130271     020241113732000                          A000000      00010                                                                        EN                                                                                                                                             D00000082                     00000000001071000204442      2024010120240919                @@]
2024-11-13 15:25:57 [http-nio-8080-exec-8] INFO  ExampleService:63 - response from tuxedo
2024-11-13 15:25:57 [http-nio-8080-exec-8] INFO  ExampleService:64 - [00002606MTI     202411131525563710000000SAC02F452R              MTI R                        MTI     20241113152556371000000020241113732000      WEB       172.16.20.11                                WMC0302500 N1787130271     020241113732000      20241113152603164921A00  00        010       NAZAP0001                                                        EN                                                                                                                                             N00000425                     30inquiry process success.                                                                                                                                                                                                                                                                                                                                                                                        00D00001669                             96      1020240101202401054259450300373427   6451380000000000000006589000000000000000000005    00000000000000006589000000000000000000000000000000000000000000000000000000000N20240102202401035379408870000145   1113100000000000000006000000000000000000000015    00000000000000006000000000000000000000000000000000000000000000000000000000000N20240105202401094215708100006338   0000890000000000000115000000000000000000000005    00000000000000105000000000000000000000000000000000000000000000000000000000000 20240108202401094215708100041160   2693760000000000000020000000000000000000000005    00000000000000020000000000000000000000000000000000000000000000000000000000000N20240108202401094215708100041160   2536030000000000000025000000000000000000000005    00000000000000025000000000000000000000000000000000000000000000000000000000000N20240221202402224485580000080033   1129930000000000000006535000000000000000000005    00000000000000006535000000000000000000000000000000000000000000000000000000000N20240221202402224485580000080033   1129920000000000000002305000000000000000000005    00000000000000002305000000000000000000000000000000000000000000000000000000000N20240223202402254485580000080033   1111510000000000000006250000000000000000000005    00000000000000006250000000000000000000000000000000000000000000000000000000000N20240223202402254485580000080033   1111500000000000000003200000000000000000000005    00000000000000003200000000000000000000000000000000000000000000000000000000000N20240227202402294485580000080033   1112060000000000000006589000000000000000000005    00000000000000006589000000000000000000000000000000000000000000000000000000000N@@]
2024-11-13 15:25:57 [http-nio-8080-exec-8] WARN  DefaultHandlerExceptionResolver:247 - Resolved [org.springframework.web.context.request.async.AsyncRequestNotUsableException: ServletOutputStream failed to flush: java.io.IOException: Connection reset by peer]
2024-11-13 15:26:07 [http-nio-8080-exec-9] INFO  ExampleService:55 - original message
2024-11-13 15:26:07 [http-nio-8080-exec-9] INFO  ExampleService:56 - [00000585MTI     202411131526076510000000SAC02F452R              MTI S                        MTI     20241113152607651000000020241113365000      WEB       172.16.20.11                                WMC0302500 N1787130271     020241113365000                          A000000      00010                                                                        EN                                                                                                                                             D00000082                     00000000001071000204442      2024010120240919                @@]
2024-11-13 15:26:08 [http-nio-8080-exec-9] INFO  ExampleService:61 - request to tuxedo
2024-11-13 15:26:08 [http-nio-8080-exec-9] INFO  ExampleService:62 - [00000585MTI     202411131526076510000000SAC02F452R              MTI S                        MTI     20241113152607651000000020241113365000      WEB       172.16.20.11                                WMC0302500 N1787130271     020241113365000                          A000000      00010                                                                        EN                                                                                                                                             D00000082                     00000000001071000204442      2024010120240919                @@]
2024-11-13 15:26:08 [http-nio-8080-exec-9] INFO  ExampleService:63 - response from tuxedo
2024-11-13 15:26:08 [http-nio-8080-exec-9] INFO  ExampleService:64 - [00002606MTI     202411131526076510000000SAC02F452R              MTI R                        MTI     20241113152607651000000020241113365000      WEB       172.16.20.11                                WMC0302500 N1787130271     020241113365000      20241113152613794515A00  00        010       NAZAP0001                                                        EN                                                                                                                                             N00000425                     30inquiry process success.                                                                                                                                                                                                                                                                                                                                                                                        00D00001669                             96      1020240101202401054259450300373427   6451380000000000000006589000000000000000000005    00000000000000006589000000000000000000000000000000000000000000000000000000000N20240102202401035379408870000145   1113100000000000000006000000000000000000000015    00000000000000006000000000000000000000000000000000000000000000000000000000000N20240105202401094215708100006338   0000890000000000000115000000000000000000000005    00000000000000105000000000000000000000000000000000000000000000000000000000000 20240108202401094215708100041160   2693760000000000000020000000000000000000000005    00000000000000020000000000000000000000000000000000000000000000000000000000000N20240108202401094215708100041160   2536030000000000000025000000000000000000000005    00000000000000025000000000000000000000000000000000000000000000000000000000000N20240221202402224485580000080033   1129930000000000000006535000000000000000000005    00000000000000006535000000000000000000000000000000000000000000000000000000000N20240221202402224485580000080033   1129920000000000000002305000000000000000000005    00000000000000002305000000000000000000000000000000000000000000000000000000000N20240223202402254485580000080033   1111510000000000000006250000000000000000000005    00000000000000006250000000000000000000000000000000000000000000000000000000000N20240223202402254485580000080033   1111500000000000000003200000000000000000000005    00000000000000003200000000000000000000000000000000000000000000000000000000000N20240227202402294485580000080033   1112060000000000000006589000000000000000000005    00000000000000006589000000000000000000000000000000000000000000000000000000000N@@]
2024-11-13 15:26:52 [http-nio-8080-exec-1] INFO  ExampleService:55 - original message
2024-11-13 15:26:52 [http-nio-8080-exec-1] INFO  ExampleService:56 - [00000585MTI     202411131526524590000000SAC02F452R              MTI S                        MTI     20241113152652459000000020241113110000      WEB       172.16.20.11                                WMC0302500 N1787130271     020241113110000                          A000000      00010                                                                        EN                                                                                                                                             D00000082                     00000000001071000204442      2024010120240919                @@]
2024-11-13 15:26:52 [http-nio-8080-exec-1] INFO  ExampleService:61 - request to tuxedo
2024-11-13 15:26:52 [http-nio-8080-exec-1] INFO  ExampleService:62 - [00000585MTI     202411131526524590000000SAC02F452R              MTI S                        MTI     20241113152652459000000020241113110000      WEB       172.16.20.11                                WMC0302500 N1787130271     020241113110000                          A000000      00010                                                                        EN                                                                                                                                             D00000082                     00000000001071000204442      2024010120240919                @@]
2024-11-13 15:26:52 [http-nio-8080-exec-1] INFO  ExampleService:63 - response from tuxedo
2024-11-13 15:26:52 [http-nio-8080-exec-1] INFO  ExampleService:64 - [00002606MTI     202411131526524590000000SAC02F452R              MTI R                        MTI     20241113152652459000000020241113110000      WEB       172.16.20.11                                WMC0302500 N1787130271     020241113110000      20241113152658552113A00  00        010       NAZAP0001                                                        EN                                                                                                                                             N00000425                     30inquiry process success.                                                                                                                                                                                                                                                                                                                                                                                        00D00001669                             96      1020240101202401054259450300373427   6451380000000000000006589000000000000000000005    00000000000000006589000000000000000000000000000000000000000000000000000000000N20240102202401035379408870000145   1113100000000000000006000000000000000000000015    00000000000000006000000000000000000000000000000000000000000000000000000000000N20240105202401094215708100006338   0000890000000000000115000000000000000000000005    00000000000000105000000000000000000000000000000000000000000000000000000000000 20240108202401094215708100041160   2693760000000000000020000000000000000000000005    00000000000000020000000000000000000000000000000000000000000000000000000000000N20240108202401094215708100041160   2536030000000000000025000000000000000000000005    00000000000000025000000000000000000000000000000000000000000000000000000000000N20240221202402224485580000080033   1129930000000000000006535000000000000000000005    00000000000000006535000000000000000000000000000000000000000000000000000000000N20240221202402224485580000080033   1129920000000000000002305000000000000000000005    00000000000000002305000000000000000000000000000000000000000000000000000000000N20240223202402254485580000080033   1111510000000000000006250000000000000000000005    00000000000000006250000000000000000000000000000000000000000000000000000000000N20240223202402254485580000080033   1111500000000000000003200000000000000000000005    00000000000000003200000000000000000000000000000000000000000000000000000000000N20240227202402294485580000080033   1112060000000000000006589000000000000000000005    00000000000000006589000000000000000000000000000000000000000000000000000000000N@@]
2024-11-13 15:32:26 [http-nio-8080-exec-3] INFO  ExampleService:55 - original message
2024-11-13 15:32:26 [http-nio-8080-exec-3] INFO  ExampleService:56 - [00000585MTI     202411131532264000000000SAC02F452R              MTI S                        MTI     20241113153226400000000020241113865000      WEB       172.16.20.11                                WMC0302500 N1787130271     020241113865000                          A000000      00010                                                                        EN                                                                                                                                             D00000082                     00000000001071000204442      2024010120240919                @@]
2024-11-13 15:32:26 [http-nio-8080-exec-3] INFO  ExampleService:61 - request to tuxedo
2024-11-13 15:32:26 [http-nio-8080-exec-3] INFO  ExampleService:62 - [00000585MTI     202411131532264000000000SAC02F452R              MTI S                        MTI     20241113153226400000000020241113865000      WEB       172.16.20.11                                WMC0302500 N1787130271     020241113865000                          A000000      00010                                                                        EN                                                                                                                                             D00000082                     00000000001071000204442      2024010120240919                @@]
2024-11-13 15:32:26 [http-nio-8080-exec-3] INFO  ExampleService:63 - response from tuxedo
2024-11-13 15:32:26 [http-nio-8080-exec-3] INFO  ExampleService:64 - []
2024-11-13 15:46:35 [main] INFO  BcapApplication:50 - Starting BcapApplication using Java 21.0.3 with PID 9352 (E:\LeWork\OracleTuxedo\bcap-be\target\classes started by drucc in E:\LeWork\OracleTuxedo\bcap-be)
2024-11-13 15:46:35 [main] INFO  BcapApplication:654 - No active profile set, falling back to 1 default profile: "default"
2024-11-13 15:46:36 [main] INFO  TomcatWebServer:111 - Tomcat initialized with port 8080 (http)
2024-11-13 15:46:36 [main] INFO  ServletWebServerApplicationContext:296 - Root WebApplicationContext: initialization completed in 1549 ms
2024-11-13 15:46:37 [main] INFO  TomcatWebServer:243 - Tomcat started on port 8080 (http) with context path '/'
2024-11-13 15:46:37 [main] INFO  BcapApplication:56 - Started BcapApplication in 2.64 seconds (process running for 3.608)
2024-11-13 15:46:37 [main] INFO  BcapApplication:18 - Start Application
2024-11-13 15:46:43 [http-nio-8080-exec-1] INFO  DispatcherServlet:532 - Initializing Servlet 'dispatcherServlet'
2024-11-13 15:46:43 [http-nio-8080-exec-1] INFO  DispatcherServlet:554 - Completed initialization in 0 ms
2024-11-13 15:46:43 [http-nio-8080-exec-1] INFO  ExampleService:55 - original message
2024-11-13 15:46:43 [http-nio-8080-exec-1] INFO  ExampleService:56 - [00000585MTI     202411131546436470000000SAC02F452R              MTI S                        MTI     20241113154643647000000020241113639000      WEB       172.16.20.11                                WMC0302500 N1787130271     020241113640000                          A000000      00010                                                                        EN                                                                                                                                             D00000082                     00000000001071000204442      2024010120240919                @@]
2024-11-13 15:46:45 [http-nio-8080-exec-1] INFO  ExampleService:61 - request to tuxedo
2024-11-13 15:46:45 [http-nio-8080-exec-1] INFO  ExampleService:62 - [00000585MTI     202411131546436470000000SAC02F452R              MTI S                        MTI     20241113154643647000000020241113639000      WEB       172.16.20.11                                WMC0302500 N1787130271     020241113640000                          A000000      00010                                                                        EN                                                                                                                                             D00000082                     00000000001071000204442      2024010120240919                @@]
2024-11-13 15:46:45 [http-nio-8080-exec-1] INFO  ExampleService:63 - response from tuxedo
2024-11-13 15:46:45 [http-nio-8080-exec-1] INFO  ExampleService:64 - [00002606MTI     202411131546436470000000SAC02F452R              MTI R                        MTI     20241113154643647000000020241113639000      WEB       172.16.20.11                                WMC0302500 N1787130271     020241113640000      20241113154651308907A00  00        010       NAZAP0001                                                        EN                                                                                                                                             N00000425                     30inquiry process success.                                                                                                                                                                                                                                                                                                                                                                                        00D00001669                             96      1020240101202401054259450300373427   6451380000000000000006589000000000000000000005    00000000000000006589000000000000000000000000000000000000000000000000000000000N20240102202401035379408870000145   1113100000000000000006000000000000000000000015    00000000000000006000000000000000000000000000000000000000000000000000000000000N20240105202401094215708100006338   0000890000000000000115000000000000000000000005    00000000000000105000000000000000000000000000000000000000000000000000000000000 20240108202401094215708100041160   2693760000000000000020000000000000000000000005    00000000000000020000000000000000000000000000000000000000000000000000000000000N20240108202401094215708100041160   2536030000000000000025000000000000000000000005    00000000000000025000000000000000000000000000000000000000000000000000000000000N20240221202402224485580000080033   1129930000000000000006535000000000000000000005    00000000000000006535000000000000000000000000000000000000000000000000000000000N20240221202402224485580000080033   1129920000000000000002305000000000000000000005    00000000000000002305000000000000000000000000000000000000000000000000000000000N20240223202402254485580000080033   1111510000000000000006250000000000000000000005    00000000000000006250000000000000000000000000000000000000000000000000000000000N20240223202402254485580000080033   1111500000000000000003200000000000000000000005    00000000000000003200000000000000000000000000000000000000000000000000000000000N20240227202402294485580000080033   1112060000000000000006589000000000000000000005    00000000000000006589000000000000000000000000000000000000000000000000000000000N@@]
2024-11-13 15:48:15 [http-nio-8080-exec-3] INFO  ExampleService:55 - original message
2024-11-13 15:48:15 [http-nio-8080-exec-3] INFO  ExampleService:56 - [00000585MTI     202411131548153090000000SAC02F452R              MTI S                        MTI     20241113154815309000000020241113270000      WEB       172.16.20.11                                WMC0302500 N1787130271     020241113270000                          A000000      00010                                                                        EN                                                                                                                                             D00000082                     00000000001071000204442      2024010120240919                @@]
2024-11-13 15:48:16 [http-nio-8080-exec-3] INFO  ExampleService:61 - request to tuxedo
2024-11-13 15:48:16 [http-nio-8080-exec-3] INFO  ExampleService:62 - [00000585MTI     202411131548153090000000SAC02F452R              MTI S                        MTI     20241113154815309000000020241113270000      WEB       172.16.20.11                                WMC0302500 N1787130271     020241113270000                          A000000      00010                                                                        EN                                                                                                                                             D00000082                     00000000001071000204442      2024010120240919                @@]
2024-11-13 15:48:16 [http-nio-8080-exec-3] INFO  ExampleService:63 - response from tuxedo
2024-11-13 15:48:16 [http-nio-8080-exec-3] INFO  ExampleService:64 - [00002606MTI     202411131548153090000000SAC02F452R              MTI R                        MTI     20241113154815309000000020241113270000      WEB       172.16.20.11                                WMC0302500 N1787130271     020241113270000      20241113154821732921A00  00        010       NAZAP0001                                                        EN                                                                                                                                             N00000425                     30inquiry process success.                                                                                                                                                                                                                                                                                                                                                                                        00D00001669                             96      1020240101202401054259450300373427   6451380000000000000006589000000000000000000005    00000000000000006589000000000000000000000000000000000000000000000000000000000N20240102202401035379408870000145   1113100000000000000006000000000000000000000015    00000000000000006000000000000000000000000000000000000000000000000000000000000N20240105202401094215708100006338   0000890000000000000115000000000000000000000005    00000000000000105000000000000000000000000000000000000000000000000000000000000 20240108202401094215708100041160   2693760000000000000020000000000000000000000005    00000000000000020000000000000000000000000000000000000000000000000000000000000N20240108202401094215708100041160   2536030000000000000025000000000000000000000005    00000000000000025000000000000000000000000000000000000000000000000000000000000N20240221202402224485580000080033   1129930000000000000006535000000000000000000005    00000000000000006535000000000000000000000000000000000000000000000000000000000N20240221202402224485580000080033   1129920000000000000002305000000000000000000005    00000000000000002305000000000000000000000000000000000000000000000000000000000N20240223202402254485580000080033   1111510000000000000006250000000000000000000005    00000000000000006250000000000000000000000000000000000000000000000000000000000N20240223202402254485580000080033   1111500000000000000003200000000000000000000005    00000000000000003200000000000000000000000000000000000000000000000000000000000N20240227202402294485580000080033   1112060000000000000006589000000000000000000005    00000000000000006589000000000000000000000000000000000000000000000000000000000N@@]
2024-11-13 15:48:41 [http-nio-8080-exec-5] INFO  ExampleService:55 - original message
2024-11-13 15:48:41 [http-nio-8080-exec-5] INFO  ExampleService:56 - [00000585MTI     202411131548413660000000SAC02F452R              MTI S                        MTI     20241113154841366000000020241113121000      WEB       172.16.20.11                                WMC0302500 N1787130271     020241113122000                          A000000      00010                                                                        EN                                                                                                                                             D00000082                     00000000001071000204442      2024010120240919                @@]
2024-11-13 15:48:41 [http-nio-8080-exec-5] INFO  ExampleService:61 - request to tuxedo
2024-11-13 15:48:41 [http-nio-8080-exec-5] INFO  ExampleService:62 - [00000585MTI     202411131548413660000000SAC02F452R              MTI S                        MTI     20241113154841366000000020241113121000      WEB       172.16.20.11                                WMC0302500 N1787130271     020241113122000                          A000000      00010                                                                        EN                                                                                                                                             D00000082                     00000000001071000204442      2024010120240919                @@]
2024-11-13 15:48:41 [http-nio-8080-exec-5] INFO  ExampleService:63 - response from tuxedo
2024-11-13 15:48:41 [http-nio-8080-exec-5] INFO  ExampleService:64 - [00002606MTI     202411131548413660000000SAC02F452R              MTI R                        MTI     20241113154841366000000020241113121000      WEB       172.16.20.11                                WMC0302500 N1787130271     020241113122000      20241113154847590361A00  00        010       NAZAP0001                                                        EN                                                                                                                                             N00000425                     30inquiry process success.                                                                                                                                                                                                                                                                                                                                                                                        00D00001669                             96      1020240101202401054259450300373427   6451380000000000000006589000000000000000000005    00000000000000006589000000000000000000000000000000000000000000000000000000000N20240102202401035379408870000145   1113100000000000000006000000000000000000000015    00000000000000006000000000000000000000000000000000000000000000000000000000000N20240105202401094215708100006338   0000890000000000000115000000000000000000000005    00000000000000105000000000000000000000000000000000000000000000000000000000000 20240108202401094215708100041160   2693760000000000000020000000000000000000000005    00000000000000020000000000000000000000000000000000000000000000000000000000000N20240108202401094215708100041160   2536030000000000000025000000000000000000000005    00000000000000025000000000000000000000000000000000000000000000000000000000000N20240221202402224485580000080033   1129930000000000000006535000000000000000000005    00000000000000006535000000000000000000000000000000000000000000000000000000000N20240221202402224485580000080033   1129920000000000000002305000000000000000000005    00000000000000002305000000000000000000000000000000000000000000000000000000000N20240223202402254485580000080033   1111510000000000000006250000000000000000000005    00000000000000006250000000000000000000000000000000000000000000000000000000000N20240223202402254485580000080033   1111500000000000000003200000000000000000000005    00000000000000003200000000000000000000000000000000000000000000000000000000000N20240227202402294485580000080033   1112060000000000000006589000000000000000000005    00000000000000006589000000000000000000000000000000000000000000000000000000000N@@]
2024-11-13 15:51:43 [http-nio-8080-exec-8] INFO  ExampleService:55 - original message
2024-11-13 15:51:43 [http-nio-8080-exec-8] INFO  ExampleService:56 - [00000585MTI     202411131548413660000000SAC02F452R              MTI S                        MTI     20241113154841366000000020241113121000      WEB       172.16.20.11                                WMC0302500 N1787130271     020241113122000                          A000000      00010                                                                        EN                                                                                                                                             D00000082                     00000000001071000204442      2024010120240919                @@]
2024-11-13 15:51:43 [http-nio-8080-exec-8] INFO  ExampleService:61 - request to tuxedo
2024-11-13 15:51:43 [http-nio-8080-exec-8] INFO  ExampleService:62 - [00000585MTI     202411131548413660000000SAC02F452R              MTI S                        MTI     20241113154841366000000020241113121000      WEB       172.16.20.11                                WMC0302500 N1787130271     020241113122000                          A000000      00010                                                                        EN                                                                                                                                             D00000082                     00000000001071000204442      2024010120240919                @@]
2024-11-13 15:51:43 [http-nio-8080-exec-8] INFO  ExampleService:63 - response from tuxedo
2024-11-13 15:51:43 [http-nio-8080-exec-8] INFO  ExampleService:64 - [00001128MTI     202411131548413660000000SAC02F452R              MTI R                        MTI     20241113154841366000000020241113121000      WEB       172.16.20.11                                WMC0302500 N1787130271     020241113122000      20241113155148919572A00  00        011COREFRMEPFPF0009                                                        EN                                                                                                                                             E00000625                     10image logging, Error saving Image Log Dup processing to DB. GOLBAL_ID:[MTI     202411131548413660000000]                                                                                                                                                                                                    MTI     202411131548413660000000 : SLCFPROXY->LcfComImageLogApi.c->LcfImgLogProcess->LINE:[147]     02image logging, Error saving Image Log Dup processing to DB. GOLBAL_ID:[%s]                          image logging, Error saving Image Log Dup processing to DB. GOLBAL_ID:[%s]                          @@]
2024-11-13 15:51:55 [http-nio-8080-exec-9] INFO  ExampleService:55 - original message
2024-11-13 15:51:55 [http-nio-8080-exec-9] INFO  ExampleService:56 - [00000585MTI     002411131548413660000000SAC02F452R              MTI S                        MTI     20241113154841366000000020241113121000      WEB       172.16.20.11                                WMC0302500 N1787130271     020241113122000                          A000000      00010                                                                        EN                                                                                                                                             D00000082                     00000000001071000204442      2024010120240919                @@]
2024-11-13 15:51:56 [http-nio-8080-exec-9] INFO  ExampleService:61 - request to tuxedo
2024-11-13 15:51:56 [http-nio-8080-exec-9] INFO  ExampleService:62 - [00000585MTI     002411131548413660000000SAC02F452R              MTI S                        MTI     20241113154841366000000020241113121000      WEB       172.16.20.11                                WMC0302500 N1787130271     020241113122000                          A000000      00010                                                                        EN                                                                                                                                             D00000082                     00000000001071000204442      2024010120240919                @@]
2024-11-13 15:51:56 [http-nio-8080-exec-9] INFO  ExampleService:63 - response from tuxedo
2024-11-13 15:51:56 [http-nio-8080-exec-9] INFO  ExampleService:64 - [00002606MTI     002411131548413660000000SAC02F452R              MTI R                        MTI     20241113154841366000000020241113121000      WEB       172.16.20.11                                WMC0302500 N1787130271     020241113122000      20241113155202046295A00  00        010       NAZAP0001                                                        EN                                                                                                                                             N00000425                     30inquiry process success.                                                                                                                                                                                                                                                                                                                                                                                        00D00001669                             96      1020240101202401054259450300373427   6451380000000000000006589000000000000000000005    00000000000000006589000000000000000000000000000000000000000000000000000000000N20240102202401035379408870000145   1113100000000000000006000000000000000000000015    00000000000000006000000000000000000000000000000000000000000000000000000000000N20240105202401094215708100006338   0000890000000000000115000000000000000000000005    00000000000000105000000000000000000000000000000000000000000000000000000000000 20240108202401094215708100041160   2693760000000000000020000000000000000000000005    00000000000000020000000000000000000000000000000000000000000000000000000000000N20240108202401094215708100041160   2536030000000000000025000000000000000000000005    00000000000000025000000000000000000000000000000000000000000000000000000000000N20240221202402224485580000080033   1129930000000000000006535000000000000000000005    00000000000000006535000000000000000000000000000000000000000000000000000000000N20240221202402224485580000080033   1129920000000000000002305000000000000000000005    00000000000000002305000000000000000000000000000000000000000000000000000000000N20240223202402254485580000080033   1111510000000000000006250000000000000000000005    00000000000000006250000000000000000000000000000000000000000000000000000000000N20240223202402254485580000080033   1111500000000000000003200000000000000000000005    00000000000000003200000000000000000000000000000000000000000000000000000000000N20240227202402294485580000080033   1112060000000000000006589000000000000000000005    00000000000000006589000000000000000000000000000000000000000000000000000000000N@@]
2024-11-13 16:07:50 [main] INFO  BcapApplication:50 - Starting BcapApplication using Java 21.0.3 with PID 22160 (E:\LeWork\OracleTuxedo\bcap-be\target\classes started by drucc in E:\LeWork\OracleTuxedo\bcap-be)
2024-11-13 16:07:50 [main] INFO  BcapApplication:654 - No active profile set, falling back to 1 default profile: "default"
2024-11-13 16:07:52 [main] INFO  TomcatWebServer:111 - Tomcat initialized with port 8080 (http)
2024-11-13 16:07:52 [main] INFO  ServletWebServerApplicationContext:296 - Root WebApplicationContext: initialization completed in 1790 ms
2024-11-13 16:07:52 [main] INFO  TomcatWebServer:243 - Tomcat started on port 8080 (http) with context path '/'
2024-11-13 16:07:52 [main] INFO  BcapApplication:56 - Started BcapApplication in 2.841 seconds (process running for 3.902)
2024-11-13 16:07:52 [main] INFO  BcapApplication:18 - Start Application
2024-11-13 16:08:57 [http-nio-8080-exec-1] INFO  DispatcherServlet:532 - Initializing Servlet 'dispatcherServlet'
2024-11-13 16:08:57 [http-nio-8080-exec-1] INFO  DispatcherServlet:554 - Completed initialization in 1 ms
2024-11-13 16:08:57 [http-nio-8080-exec-1] INFO  ExampleService:55 - original message
2024-11-13 16:08:57 [http-nio-8080-exec-1] INFO  ExampleService:56 - [00000817MTI     202411131608571320000000SMC03F054R              MTI S                        MTI     20241113160857132000000020241113322000      WEB       172.16.20.11                                WMC0302500 N1787130271     020241113322000                          A000000      00010                                                                        EN                                                                                                                                             D00000314                     20220101202412117071000638409                                                                                                                                                                                                                                                                00000020@@]
2024-11-13 16:08:58 [http-nio-8080-exec-1] INFO  ExampleService:61 - request to tuxedo
2024-11-13 16:08:58 [http-nio-8080-exec-1] INFO  ExampleService:62 - [00000817MTI     202411131608571320000000SMC03F054R              MTI S                        MTI     20241113160857132000000020241113322000      WEB       172.16.20.11                                WMC0302500 N1787130271     020241113322000                          A000000      00010                                                                        EN                                                                                                                                             D00000314                     20220101202412117071000638409                                                                                                                                                                                                                                                                00000020@@]
2024-11-13 16:08:58 [http-nio-8080-exec-1] INFO  ExampleService:63 - response from tuxedo
2024-11-13 16:08:58 [http-nio-8080-exec-1] INFO  ExampleService:64 - [00001357MTI     202411131608571320000000SMC03F054R              MTI R                        MTI     20241113160857132000000020241113322000      WEB       172.16.20.11                                WMC0302500 N1787130271     020241113322000      20241113160904376927A00  00        010       NAZAP0006                                                        EN                                                                                                                                             N00000525                     30The Next Data Exists.                                                                                                                                                                                                                                                                                                                                                                                           01The Next Data Exists.                                                                               D00000320                     2022010120241211707100063840920231120093941253848                                                                                                                                                                                                                                                 0       0@@]
2024-11-13 16:10:05 [http-nio-8080-exec-3] INFO  ExampleService:55 - original message
2024-11-13 16:10:05 [http-nio-8080-exec-3] INFO  ExampleService:56 - [00000817MTI     202411131610057980000000SMC03F054R              MTI S                        MTI     20241113161005798000000020241113297000      WEB       172.16.20.11                                WMC0302500 N1787130271     020241113297000                          A000000      00010                                                                        EN                                                                                                                                             D00000314                     20220101202412117071000638409                                                                                                                                                                                                                                                                00000020@@]
2024-11-13 16:10:05 [http-nio-8080-exec-3] INFO  ExampleService:61 - request to tuxedo
2024-11-13 16:10:05 [http-nio-8080-exec-3] INFO  ExampleService:62 - [00000817MTI     202411131610057980000000SMC03F054R              MTI S                        MTI     20241113161005798000000020241113297000      WEB       172.16.20.11                                WMC0302500 N1787130271     020241113297000                          A000000      00010                                                                        EN                                                                                                                                             D00000314                     20220101202412117071000638409                                                                                                                                                                                                                                                                00000020@@]
2024-11-13 16:10:05 [http-nio-8080-exec-3] INFO  ExampleService:63 - response from tuxedo
2024-11-13 16:10:05 [http-nio-8080-exec-3] INFO  ExampleService:64 - [00001357MTI     202411131610057980000000SMC03F054R              MTI R                        MTI     20241113161005798000000020241113297000      WEB       172.16.20.11                                WMC0302500 N1787130271     020241113297000      20241113161011154844A00  00        010       NAZAP0006                                                        EN                                                                                                                                             N00000525                     30The Next Data Exists.                                                                                                                                                                                                                                                                                                                                                                                           01The Next Data Exists.                                                                               D00000320                     2022010120241211707100063840920231120093941253848                                                                                                                                                                                                                                                 0       0@@]
2024-11-13 16:14:20 [http-nio-8080-exec-5] INFO  ExampleService:55 - original message
2024-11-13 16:14:20 [http-nio-8080-exec-5] INFO  ExampleService:56 - [00000815MTI     202411131614196750000000SMC03F054R              MTI S                        MTI     20241113161419675000000020241113972000      WEB       172.16.20.11                                WMC0302500 N1787130271     020241113972000                          A000000      00010                                                                        EN                                                                                                                                             D00000312                     20220101202412117071000638409                                                                                                                                                                                                                                                                000020@@]
2024-11-13 16:14:20 [http-nio-8080-exec-5] INFO  ExampleService:61 - request to tuxedo
2024-11-13 16:14:20 [http-nio-8080-exec-5] INFO  ExampleService:62 - [00000815MTI     202411131614196750000000SMC03F054R              MTI S                        MTI     20241113161419675000000020241113972000      WEB       172.16.20.11                                WMC0302500 N1787130271     020241113972000                          A000000      00010                                                                        EN                                                                                                                                             D00000312                     20220101202412117071000638409                                                                                                                                                                                                                                                                000020@@]
2024-11-13 16:14:20 [http-nio-8080-exec-5] INFO  ExampleService:63 - response from tuxedo
2024-11-13 16:14:20 [http-nio-8080-exec-5] INFO  ExampleService:64 - [00002970MTI     202411131614196750000000SMC03F054R              MTI R                        MTI     20241113161419675000000020241113972000      WEB       172.16.20.11                                WMC0302500 N1787130271     020241113972000      20241113161425855937A00  00        010       NAZAP0005                                                        EN                                                                                                                                             N00000525                     30The Transaction Successfully Ended.                                                                                                                                                                                                                                                                                                                                                                             01The Transaction Successfully Ended.                                                                 D00001933                     20220101202412117071000638409                                                                                                                                                                                                                                                                    20       120000057850           12023112020231120707100063840920231120BMC02V080U                                                                  20240901                                                                                                                                                                              1Online Onboarding - MY                                                                                                                                                                                                                                                                                                                                                                                                                                                                                                                                                                                                                                                                                                                                                                                                                                                                                                                                                                                                                  1batch          bmc02v080u 20231120093941253848batch          bmc02v080u 20231120093941257864 Online Onboarding - MY                                                                                                                                                                                  @@]
2024-11-13 16:16:48 [http-nio-8080-exec-7] INFO  ExampleService:55 - original message
2024-11-13 16:16:48 [http-nio-8080-exec-7] INFO  ExampleService:56 - [00000815MTI     202411131616486680000000SMC03F054R              MTI S                        MTI     20241113161648668000000020241113357000      WEB       172.16.20.11                                WMC0302500 N1787130271     020241113357000                          A000000      00010                                                                        EN                                                                                                                                             D00000312                     20220101202412117071000638409                                                                                                                                                                                                                                                                000020@@]
2024-11-13 16:16:48 [http-nio-8080-exec-7] INFO  ExampleService:61 - request to tuxedo
2024-11-13 16:16:48 [http-nio-8080-exec-7] INFO  ExampleService:62 - [00000815MTI     202411131616486680000000SMC03F054R              MTI S                        MTI     20241113161648668000000020241113357000      WEB       172.16.20.11                                WMC0302500 N1787130271     020241113357000                          A000000      00010                                                                        EN                                                                                                                                             D00000312                     20220101202412117071000638409                                                                                                                                                                                                                                                                000020@@]
2024-11-13 16:16:48 [http-nio-8080-exec-7] INFO  ExampleService:63 - response from tuxedo
2024-11-13 16:16:48 [http-nio-8080-exec-7] INFO  ExampleService:64 - [00002970MTI     202411131616486680000000SMC03F054R              MTI R                        MTI     20241113161648668000000020241113357000      WEB       172.16.20.11                                WMC0302500 N1787130271     020241113357000      20241113161654224309A00  00        010       NAZAP0005                                                        EN                                                                                                                                             N00000525                     30The Transaction Successfully Ended.                                                                                                                                                                                                                                                                                                                                                                             01The Transaction Successfully Ended.                                                                 D00001933                     20220101202412117071000638409                                                                                                                                                                                                                                                                    20       120000057850           12023112020231120707100063840920231120BMC02V080U                                                                  20240901                                                                                                                                                                              1Online Onboarding - MY                                                                                                                                                                                                                                                                                                                                                                                                                                                                                                                                                                                                                                                                                                                                                                                                                                                                                                                                                                                                                  1batch          bmc02v080u 20231120093941253848batch          bmc02v080u 20231120093941257864 Online Onboarding - MY                                                                                                                                                                                  @@]
2024-11-13 16:19:44 [http-nio-8080-exec-9] INFO  ExampleService:55 - original message
2024-11-13 16:19:44 [http-nio-8080-exec-9] INFO  ExampleService:56 - [00000815MTI     202411131619449460000000SMC03F054R              MTI S                        MTI     20241113161944946000000020241113285000      WEB       172.16.20.11                                WMC0302500 N1787130271     020241113285000                          A000000      00010                                                                        EN                                                                                                                                             D00000312                     20220101202412117071000638409                                                                                                                                                                                                                                                                000020@@]
2024-11-13 16:19:44 [http-nio-8080-exec-9] INFO  ExampleService:61 - request to tuxedo
2024-11-13 16:19:44 [http-nio-8080-exec-9] INFO  ExampleService:62 - [00000815MTI     202411131619449460000000SMC03F054R              MTI S                        MTI     20241113161944946000000020241113285000      WEB       172.16.20.11                                WMC0302500 N1787130271     020241113285000                          A000000      00010                                                                        EN                                                                                                                                             D00000312                     20220101202412117071000638409                                                                                                                                                                                                                                                                000020@@]
2024-11-13 16:19:44 [http-nio-8080-exec-9] INFO  ExampleService:63 - response from tuxedo
2024-11-13 16:19:44 [http-nio-8080-exec-9] INFO  ExampleService:64 - [00002970MTI     202411131619449460000000SMC03F054R              MTI R                        MTI     20241113161944946000000020241113285000      WEB       172.16.20.11                                WMC0302500 N1787130271     020241113285000      20241113161950171100A00  00        010       NAZAP0005                                                        EN                                                                                                                                             N00000525                     30The Transaction Successfully Ended.                                                                                                                                                                                                                                                                                                                                                                             01The Transaction Successfully Ended.                                                                 D00001933                     20220101202412117071000638409                                                                                                                                                                                                                                                                    20       120000057850           12023112020231120707100063840920231120BMC02V080U                                                                  20240901                                                                                                                                                                              1Online Onboarding - MY                                                                                                                                                                                                                                                                                                                                                                                                                                                                                                                                                                                                                                                                                                                                                                                                                                                                                                                                                                                                                  1batch          bmc02v080u 20231120093941253848batch          bmc02v080u 20231120093941257864 Online Onboarding - MY                                                                                                                                                                                  @@]
2024-11-13 16:19:50 [http-nio-8080-exec-1] INFO  ExampleService:55 - original message
2024-11-13 16:19:50 [http-nio-8080-exec-1] INFO  ExampleService:56 - [00000815MTI     202411131619505000000000SMC03F054R              MTI S                        MTI     20241113161950500000000020241113808000      WEB       172.16.20.11                                WMC0302500 N1787130271     020241113808000                          A000000      00010                                                                        EN                                                                                                                                             D00000312                     20220101202412117071000638409                                                                                                                                                                                                                                                                000020@@]
2024-11-13 16:19:50 [http-nio-8080-exec-1] INFO  ExampleService:61 - request to tuxedo
2024-11-13 16:19:50 [http-nio-8080-exec-1] INFO  ExampleService:62 - [00000815MTI     202411131619505000000000SMC03F054R              MTI S                        MTI     20241113161950500000000020241113808000      WEB       172.16.20.11                                WMC0302500 N1787130271     020241113808000                          A000000      00010                                                                        EN                                                                                                                                             D00000312                     20220101202412117071000638409                                                                                                                                                                                                                                                                000020@@]
2024-11-13 16:19:50 [http-nio-8080-exec-1] INFO  ExampleService:63 - response from tuxedo
2024-11-13 16:19:50 [http-nio-8080-exec-1] INFO  ExampleService:64 - [00002970MTI     202411131619505000000000SMC03F054R              MTI R                        MTI     20241113161950500000000020241113808000      WEB       172.16.20.11                                WMC0302500 N1787130271     020241113808000      20241113161956687045A00  00        010       NAZAP0005                                                        EN                                                                                                                                             N00000525                     30The Transaction Successfully Ended.                                                                                                                                                                                                                                                                                                                                                                             01The Transaction Successfully Ended.                                                                 D00001933                     20220101202412117071000638409                                                                                                                                                                                                                                                                    20       120000057850           12023112020231120707100063840920231120BMC02V080U                                                                  20240901                                                                                                                                                                              1Online Onboarding - MY                                                                                                                                                                                                                                                                                                                                                                                                                                                                                                                                                                                                                                                                                                                                                                                                                                                                                                                                                                                                                  1batch          bmc02v080u 20231120093941253848batch          bmc02v080u 20231120093941257864 Online Onboarding - MY                                                                                                                                                                                  @@]
2024-11-13 16:20:07 [http-nio-8080-exec-3] INFO  ExampleService:55 - original message
2024-11-13 16:20:07 [http-nio-8080-exec-3] INFO  ExampleService:56 - [00000815MTI     202411131620074970000000SMC03F054R              MTI S                        MTI     20241113162007497000000020241113258000      WEB       172.16.20.11                                WMC0302500 N1787130271     020241113258000                          A000000      00010                                                                        EN                                                                                                                                             D00000312                     20220101202412117071000638409                                                                                                                                                                                                                                                                000020@@]
2024-11-13 16:20:07 [http-nio-8080-exec-3] INFO  ExampleService:61 - request to tuxedo
2024-11-13 16:20:07 [http-nio-8080-exec-3] INFO  ExampleService:62 - [00000815MTI     202411131620074970000000SMC03F054R              MTI S                        MTI     20241113162007497000000020241113258000      WEB       172.16.20.11                                WMC0302500 N1787130271     020241113258000                          A000000      00010                                                                        EN                                                                                                                                             D00000312                     20220101202412117071000638409                                                                                                                                                                                                                                                                000020@@]
2024-11-13 16:20:07 [http-nio-8080-exec-3] INFO  ExampleService:63 - response from tuxedo
2024-11-13 16:20:07 [http-nio-8080-exec-3] INFO  ExampleService:64 - [00002970MTI     202411131620074970000000SMC03F054R              MTI R                        MTI     20241113162007497000000020241113258000      WEB       172.16.20.11                                WMC0302500 N1787130271     020241113258000      20241113162013128296A00  00        010       NAZAP0005                                                        EN                                                                                                                                             N00000525                     30The Transaction Successfully Ended.                                                                                                                                                                                                                                                                                                                                                                             01The Transaction Successfully Ended.                                                                 D00001933                     20220101202412117071000638409                                                                                                                                                                                                                                                                    20       120000057850           12023112020231120707100063840920231120BMC02V080U                                                                  20240901                                                                                                                                                                              1Online Onboarding - MY                                                                                                                                                                                                                                                                                                                                                                                                                                                                                                                                                                                                                                                                                                                                                                                                                                                                                                                                                                                                                  1batch          bmc02v080u 20231120093941253848batch          bmc02v080u 20231120093941257864 Online Onboarding - MY                                                                                                                                                                                  @@]
2024-11-13 16:20:12 [http-nio-8080-exec-5] INFO  ExampleService:55 - original message
2024-11-13 16:20:12 [http-nio-8080-exec-5] INFO  ExampleService:56 - [00000815MTI     202411131620128360000000SMC03F054R              MTI S                        MTI     20241113162012836000000020241113758000      WEB       172.16.20.11                                WMC0302500 N1787130271     020241113758000                          A000000      00010                                                                        EN                                                                                                                                             D00000312                     20220101202412117071000638409                                                                                                                                                                                                                                                                000020@@]
2024-11-13 16:20:12 [http-nio-8080-exec-5] INFO  ExampleService:61 - request to tuxedo
2024-11-13 16:20:12 [http-nio-8080-exec-5] INFO  ExampleService:62 - [00000815MTI     202411131620128360000000SMC03F054R              MTI S                        MTI     20241113162012836000000020241113758000      WEB       172.16.20.11                                WMC0302500 N1787130271     020241113758000                          A000000      00010                                                                        EN                                                                                                                                             D00000312                     20220101202412117071000638409                                                                                                                                                                                                                                                                000020@@]
2024-11-13 16:20:12 [http-nio-8080-exec-5] INFO  ExampleService:63 - response from tuxedo
2024-11-13 16:20:12 [http-nio-8080-exec-5] INFO  ExampleService:64 - [00002970MTI     202411131620128360000000SMC03F054R              MTI R                        MTI     20241113162012836000000020241113758000      WEB       172.16.20.11                                WMC0302500 N1787130271     020241113758000      20241113162018629486A00  00        010       NAZAP0005                                                        EN                                                                                                                                             N00000525                     30The Transaction Successfully Ended.                                                                                                                                                                                                                                                                                                                                                                             01The Transaction Successfully Ended.                                                                 D00001933                     20220101202412117071000638409                                                                                                                                                                                                                                                                    20       120000057850           12023112020231120707100063840920231120BMC02V080U                                                                  20240901                                                                                                                                                                              1Online Onboarding - MY                                                                                                                                                                                                                                                                                                                                                                                                                                                                                                                                                                                                                                                                                                                                                                                                                                                                                                                                                                                                                  1batch          bmc02v080u 20231120093941253848batch          bmc02v080u 20231120093941257864 Online Onboarding - MY                                                                                                                                                                                  @@]
2024-11-13 16:20:23 [http-nio-8080-exec-7] INFO  ExampleService:55 - original message
2024-11-13 16:20:23 [http-nio-8080-exec-7] INFO  ExampleService:56 - [00000815MTI     202411131620234320000000SMC03F054R              MTI S                        MTI     20241113162023432000000020241113956000      WEB       172.16.20.11                                WMC0302500 N1787130271     020241113956000                          A000000      00010                                                                        EN                                                                                                                                             D00000312                     20220101202412117071000638409                                                                                                                                                                                                                                                                000020@@]
2024-11-13 16:20:24 [http-nio-8080-exec-7] INFO  ExampleService:61 - request to tuxedo
2024-11-13 16:20:24 [http-nio-8080-exec-7] INFO  ExampleService:62 - [00000815MTI     202411131620234320000000SMC03F054R              MTI S                        MTI     20241113162023432000000020241113956000      WEB       172.16.20.11                                WMC0302500 N1787130271     020241113956000                          A000000      00010                                                                        EN                                                                                                                                             D00000312                     20220101202412117071000638409                                                                                                                                                                                                                                                                000020@@]
2024-11-13 16:20:24 [http-nio-8080-exec-7] INFO  ExampleService:63 - response from tuxedo
2024-11-13 16:20:24 [http-nio-8080-exec-7] INFO  ExampleService:64 - [00002970MTI     202411131620234320000000SMC03F054R              MTI R                        MTI     20241113162023432000000020241113956000      WEB       172.16.20.11                                WMC0302500 N1787130271     020241113956000      20241113162029819153A00  00        010       NAZAP0005                                                        EN                                                                                                                                             N00000525                     30The Transaction Successfully Ended.                                                                                                                                                                                                                                                                                                                                                                             01The Transaction Successfully Ended.                                                                 D00001933                     20220101202412117071000638409                                                                                                                                                                                                                                                                    20       120000057850           12023112020231120707100063840920231120BMC02V080U                                                                  20240901                                                                                                                                                                              1Online Onboarding - MY                                                                                                                                                                                                                                                                                                                                                                                                                                                                                                                                                                                                                                                                                                                                                                                                                                                                                                                                                                                                                  1batch          bmc02v080u 20231120093941253848batch          bmc02v080u 20231120093941257864 Online Onboarding - MY                                                                                                                                                                                  @@]
2024-11-13 16:21:48 [http-nio-8080-exec-9] INFO  ExampleService:55 - original message
2024-11-13 16:21:48 [http-nio-8080-exec-9] INFO  ExampleService:56 - [00000815MTI     202411131621483960000000SMC03F054R              MTI S                        MTI     20241113162148396000000020241113728000      WEB       172.16.20.11                                WMC0302500 N1787130271     020241113728000                          A000000      00010                                                                        EN                                                                                                                                             D00000312                     20220101202412117071000638409                                                                                                                                                                                                                                                                000020@@]
2024-11-13 16:21:48 [http-nio-8080-exec-9] INFO  ExampleService:61 - request to tuxedo
2024-11-13 16:21:48 [http-nio-8080-exec-9] INFO  ExampleService:62 - [00000815MTI     202411131621483960000000SMC03F054R              MTI S                        MTI     20241113162148396000000020241113728000      WEB       172.16.20.11                                WMC0302500 N1787130271     020241113728000                          A000000      00010                                                                        EN                                                                                                                                             D00000312                     20220101202412117071000638409                                                                                                                                                                                                                                                                000020@@]
2024-11-13 16:21:48 [http-nio-8080-exec-9] INFO  ExampleService:63 - response from tuxedo
2024-11-13 16:21:48 [http-nio-8080-exec-9] INFO  ExampleService:64 - [00002970MTI     202411131621483960000000SMC03F054R              MTI R                        MTI     20241113162148396000000020241113728000      WEB       172.16.20.11                                WMC0302500 N1787130271     020241113728000      20241113162154597389A00  00        010       NAZAP0005                                                        EN                                                                                                                                             N00000525                     30The Transaction Successfully Ended.                                                                                                                                                                                                                                                                                                                                                                             01The Transaction Successfully Ended.                                                                 D00001933                     20220101202412117071000638409                                                                                                                                                                                                                                                                    20       120000057850           12023112020231120707100063840920231120BMC02V080U                                                                  20240901                                                                                                                                                                              1Online Onboarding - MY                                                                                                                                                                                                                                                                                                                                                                                                                                                                                                                                                                                                                                                                                                                                                                                                                                                                                                                                                                                                                  1batch          bmc02v080u 20231120093941253848batch          bmc02v080u 20231120093941257864 Online Onboarding - MY                                                                                                                                                                                  @@]
2024-11-13 16:22:00 [http-nio-8080-exec-1] INFO  ExampleService:55 - original message
2024-11-13 16:22:00 [http-nio-8080-exec-1] INFO  ExampleService:56 - [00000815MTI     202411131622001390000000SMC03F054R              MTI S                        MTI     20241113162200139000000020241113029000      WEB       172.16.20.11                                WMC0302500 N1787130271     020241113030000                          A000000      00010                                                                        EN                                                                                                                                             D00000312                     20220101202412117071000638409                                                                                                                                                                                                                                                                000020@@]
2024-11-13 16:22:00 [http-nio-8080-exec-1] INFO  ExampleService:61 - request to tuxedo
2024-11-13 16:22:00 [http-nio-8080-exec-1] INFO  ExampleService:62 - [00000815MTI     202411131622001390000000SMC03F054R              MTI S                        MTI     20241113162200139000000020241113029000      WEB       172.16.20.11                                WMC0302500 N1787130271     020241113030000                          A000000      00010                                                                        EN                                                                                                                                             D00000312                     20220101202412117071000638409                                                                                                                                                                                                                                                                000020@@]
2024-11-13 16:22:00 [http-nio-8080-exec-1] INFO  ExampleService:63 - response from tuxedo
2024-11-13 16:22:00 [http-nio-8080-exec-1] INFO  ExampleService:64 - [00002970MTI     202411131622001390000000SMC03F054R              MTI R                        MTI     20241113162200139000000020241113029000      WEB       172.16.20.11                                WMC0302500 N1787130271     020241113030000      20241113162205907567A00  00        010       NAZAP0005                                                        EN                                                                                                                                             N00000525                     30The Transaction Successfully Ended.                                                                                                                                                                                                                                                                                                                                                                             01The Transaction Successfully Ended.                                                                 D00001933                     20220101202412117071000638409                                                                                                                                                                                                                                                                    20       120000057850           12023112020231120707100063840920231120BMC02V080U                                                                  20240901                                                                                                                                                                              1Online Onboarding - MY                                                                                                                                                                                                                                                                                                                                                                                                                                                                                                                                                                                                                                                                                                                                                                                                                                                                                                                                                                                                                  1batch          bmc02v080u 20231120093941253848batch          bmc02v080u 20231120093941257864 Online Onboarding - MY                                                                                                                                                                                  @@]
2024-11-13 16:22:08 [http-nio-8080-exec-3] INFO  ExampleService:55 - original message
2024-11-13 16:22:08 [http-nio-8080-exec-3] INFO  ExampleService:56 - [00000815MTI     202411131622085710000000SMC03F054R              MTI S                        MTI     20241113162208571000000020241113222000      WEB       172.16.20.11                                WMC0302500 N1787130271     020241113222000                          A000000      00010                                                                        EN                                                                                                                                             D00000312                     20220101202412117071000638409                                                                                                                                                                                                                                                                000020@@]
2024-11-13 16:22:27 [http-nio-8080-exec-3] INFO  ExampleService:61 - request to tuxedo
2024-11-13 16:22:27 [http-nio-8080-exec-3] INFO  ExampleService:62 - [00000815MTI     202411131622085710000000SMC03F054R              MTI S                        MTI     20241113162208571000000020241113222000      WEB       172.16.20.11                                WMC0302500 N1787130271     020241113222000                          A000000      00010                                                                        EN                                                                                                                                             D00000312                     20220101202412117071000638409                                                                                                                                                                                                                                                                000020@@]
2024-11-13 16:22:27 [http-nio-8080-exec-3] INFO  ExampleService:63 - response from tuxedo
2024-11-13 16:22:27 [http-nio-8080-exec-3] INFO  ExampleService:64 - []
2024-11-13 16:22:46 [http-nio-8080-exec-5] INFO  ExampleService:55 - original message
2024-11-13 16:22:46 [http-nio-8080-exec-5] INFO  ExampleService:56 - [00000815MTI     202411131622462780000000SMC03F054R              MTI S                        MTI     20241113162246278000000020241113532000      WEB       172.16.20.11                                WMC0302500 N1787130271     020241113533000                          A000000      00010                                                                        EN                                                                                                                                             D00000312                     20220101202412117071000638409                                                                                                                                                                                                                                                                000020@@]
2024-11-13 16:22:47 [http-nio-8080-exec-5] INFO  ExampleService:61 - request to tuxedo
2024-11-13 16:22:47 [http-nio-8080-exec-5] INFO  ExampleService:62 - [00000815MTI     202411131622462780000000SMC03F054R              MTI S                        MTI     20241113162246278000000020241113532000      WEB       172.16.20.11                                WMC0302500 N1787130271     020241113533000                          A000000      00010                                                                        EN                                                                                                                                             D00000312                     20220101202412117071000638409                                                                                                                                                                                                                                                                000020@@]
2024-11-13 16:22:47 [http-nio-8080-exec-5] INFO  ExampleService:63 - response from tuxedo
2024-11-13 16:22:47 [http-nio-8080-exec-5] INFO  ExampleService:64 - [00002970MTI     202411131622462780000000SMC03F054R              MTI R                        MTI     20241113162246278000000020241113532000      WEB       172.16.20.11                                WMC0302500 N1787130271     020241113533000      20241113162253152528A00  00        010       NAZAP0005                                                        EN                                                                                                                                             N00000525                     30The Transaction Successfully Ended.                                                                                                                                                                                                                                                                                                                                                                             01The Transaction Successfully Ended.                                                                 D00001933                     20220101202412117071000638409                                                                                                                                                                                                                                                                    20       120000057850           12023112020231120707100063840920231120BMC02V080U                                                                  20240901                                                                                                                                                                              1Online Onboarding - MY                                                                                                                                                                                                                                                                                                                                                                                                                                                                                                                                                                                                                                                                                                                                                                                                                                                                                                                                                                                                                  1batch          bmc02v080u 20231120093941253848batch          bmc02v080u 20231120093941257864 Online Onboarding - MY                                                                                                                                                                                  @@]
2024-11-13 16:23:02 [http-nio-8080-exec-7] INFO  ExampleService:55 - original message
2024-11-13 16:23:02 [http-nio-8080-exec-7] INFO  ExampleService:56 - [00000815MTI     202411131623025410000000SMC03F054R              MTI S                        MTI     20241113162302541000000020241113860000      WEB       172.16.20.11                                WMC0302500 N1787130271     020241113860000                          A000000      00010                                                                        EN                                                                                                                                             D00000312                     20220101202412117071000638409                                                                                                                                                                                                                                                                000020@@]
2024-11-13 16:23:03 [http-nio-8080-exec-7] INFO  ExampleService:61 - request to tuxedo
2024-11-13 16:23:03 [http-nio-8080-exec-7] INFO  ExampleService:62 - [00000815MTI     202411131623025410000000SMC03F054R              MTI S                        MTI     20241113162302541000000020241113860000      WEB       172.16.20.11                                WMC0302500 N1787130271     020241113860000                          A000000      00010                                                                        EN                                                                                                                                             D00000312                     20220101202412117071000638409                                                                                                                                                                                                                                                                000020@@]
2024-11-13 16:23:03 [http-nio-8080-exec-7] INFO  ExampleService:63 - response from tuxedo
2024-11-13 16:23:03 [http-nio-8080-exec-7] INFO  ExampleService:64 - [00002970MTI     202411131623025410000000SMC03F054R              MTI R                        MTI     20241113162302541000000020241113860000      WEB       172.16.20.11                                WMC0302500 N1787130271     020241113860000      20241113162308750363A00  00        010       NAZAP0005                                                        EN                                                                                                                                             N00000525                     30The Transaction Successfully Ended.                                                                                                                                                                                                                                                                                                                                                                             01The Transaction Successfully Ended.                                                                 D00001933                     20220101202412117071000638409                                                                                                                                                                                                                                                                    20       120000057850           12023112020231120707100063840920231120BMC02V080U                                                                  20240901                                                                                                                                                                              1Online Onboarding - MY                                                                                                                                                                                                                                                                                                                                                                                                                                                                                                                                                                                                                                                                                                                                                                                                                                                                                                                                                                                                                  1batch          bmc02v080u 20231120093941253848batch          bmc02v080u 20231120093941257864 Online Onboarding - MY                                                                                                                                                                                  @@]
2024-11-13 16:25:42 [http-nio-8080-exec-9] INFO  ExampleService:55 - original message
2024-11-13 16:25:42 [http-nio-8080-exec-9] INFO  ExampleService:56 - [00000815MTI     202411131625422340000000SMC03F054R              MTI S                        MTI     20241113162542234000000020241113644000      WEB       172.16.20.11                                WMC0302500 N1787130271     020241113644000                          A000000      00010                                                                        EN                                                                                                                                             D00000312                     20220101202412117071000638409                                                                                                                                                                                                                                                                000020@@]
2024-11-13 16:25:42 [http-nio-8080-exec-9] INFO  ExampleService:61 - request to tuxedo
2024-11-13 16:25:42 [http-nio-8080-exec-9] INFO  ExampleService:62 - [00000815MTI     202411131625422340000000SMC03F054R              MTI S                        MTI     20241113162542234000000020241113644000      WEB       172.16.20.11                                WMC0302500 N1787130271     020241113644000                          A000000      00010                                                                        EN                                                                                                                                             D00000312                     20220101202412117071000638409                                                                                                                                                                                                                                                                000020@@]
2024-11-13 16:25:42 [http-nio-8080-exec-9] INFO  ExampleService:63 - response from tuxedo
2024-11-13 16:25:42 [http-nio-8080-exec-9] INFO  ExampleService:64 - [00002970MTI     202411131625422340000000SMC03F054R              MTI R                        MTI     20241113162542234000000020241113644000      WEB       172.16.20.11                                WMC0302500 N1787130271     020241113644000      20241113162548567305A00  00        010       NAZAP0005                                                        EN                                                                                                                                             N00000525                     30The Transaction Successfully Ended.                                                                                                                                                                                                                                                                                                                                                                             01The Transaction Successfully Ended.                                                                 D00001933                     20220101202412117071000638409                                                                                                                                                                                                                                                                    20       120000057850           12023112020231120707100063840920231120BMC02V080U                                                                  20240901                                                                                                                                                                              1Online Onboarding - MY                                                                                                                                                                                                                                                                                                                                                                                                                                                                                                                                                                                                                                                                                                                                                                                                                                                                                                                                                                                                                  1batch          bmc02v080u 20231120093941253848batch          bmc02v080u 20231120093941257864 Online Onboarding - MY                                                                                                                                                                                  @@]
2024-11-13 16:25:44 [http-nio-8080-exec-1] INFO  ExampleService:55 - original message
2024-11-13 16:25:44 [http-nio-8080-exec-1] INFO  ExampleService:56 - [00000815MTI     202411131625443190000000SMC03F054R              MTI S                        MTI     20241113162544319000000020241113849000      WEB       172.16.20.11                                WMC0302500 N1787130271     020241113849000                          A000000      00010                                                                        EN                                                                                                                                             D00000312                     20220101202412117071000638409                                                                                                                                                                                                                                                                000020@@]
2024-11-13 16:25:45 [http-nio-8080-exec-1] INFO  ExampleService:61 - request to tuxedo
2024-11-13 16:25:45 [http-nio-8080-exec-1] INFO  ExampleService:62 - [00000815MTI     202411131625443190000000SMC03F054R              MTI S                        MTI     20241113162544319000000020241113849000      WEB       172.16.20.11                                WMC0302500 N1787130271     020241113849000                          A000000      00010                                                                        EN                                                                                                                                             D00000312                     20220101202412117071000638409                                                                                                                                                                                                                                                                000020@@]
2024-11-13 16:25:45 [http-nio-8080-exec-1] INFO  ExampleService:63 - response from tuxedo
2024-11-13 16:25:45 [http-nio-8080-exec-1] INFO  ExampleService:64 - [00002970MTI     202411131625443190000000SMC03F054R              MTI R                        MTI     20241113162544319000000020241113849000      WEB       172.16.20.11                                WMC0302500 N1787130271     020241113849000      20241113162550744065A00  00        010       NAZAP0005                                                        EN                                                                                                                                             N00000525                     30The Transaction Successfully Ended.                                                                                                                                                                                                                                                                                                                                                                             01The Transaction Successfully Ended.                                                                 D00001933                     20220101202412117071000638409                                                                                                                                                                                                                                                                    20       120000057850           12023112020231120707100063840920231120BMC02V080U                                                                  20240901                                                                                                                                                                              1Online Onboarding - MY                                                                                                                                                                                                                                                                                                                                                                                                                                                                                                                                                                                                                                                                                                                                                                                                                                                                                                                                                                                                                  1batch          bmc02v080u 20231120093941253848batch          bmc02v080u 20231120093941257864 Online Onboarding - MY                                                                                                                                                                                  @@]
2024-11-13 16:26:23 [http-nio-8080-exec-3] INFO  ExampleService:55 - original message
2024-11-13 16:26:23 [http-nio-8080-exec-3] INFO  ExampleService:56 - [00000815MTI     202411131626233470000000SMC03F054R              MTI S                        MTI     20241113162623347000000020241113844000      WEB       172.16.20.11                                WMC0302500 N1787130271     020241113844000                          A000000      00010                                                                        EN                                                                                                                                             D00000312                     20220101202412117071000638409                                                                                                                                                                                                                                                                000020@@]
2024-11-13 16:26:23 [http-nio-8080-exec-3] INFO  ExampleService:61 - request to tuxedo
2024-11-13 16:26:23 [http-nio-8080-exec-3] INFO  ExampleService:62 - [00000815MTI     202411131626233470000000SMC03F054R              MTI S                        MTI     20241113162623347000000020241113844000      WEB       172.16.20.11                                WMC0302500 N1787130271     020241113844000                          A000000      00010                                                                        EN                                                                                                                                             D00000312                     20220101202412117071000638409                                                                                                                                                                                                                                                                000020@@]
2024-11-13 16:26:23 [http-nio-8080-exec-3] INFO  ExampleService:63 - response from tuxedo
2024-11-13 16:26:23 [http-nio-8080-exec-3] INFO  ExampleService:64 - [00002970MTI     202411131626233470000000SMC03F054R              MTI R                        MTI     20241113162623347000000020241113844000      WEB       172.16.20.11                                WMC0302500 N1787130271     020241113844000      20241113162629714103A00  00        010       NAZAP0005                                                        EN                                                                                                                                             N00000525                     30The Transaction Successfully Ended.                                                                                                                                                                                                                                                                                                                                                                             01The Transaction Successfully Ended.                                                                 D00001933                     20220101202412117071000638409                                                                                                                                                                                                                                                                    20       120000057850           12023112020231120707100063840920231120BMC02V080U                                                                  20240901                                                                                                                                                                              1Online Onboarding - MY                                                                                                                                                                                                                                                                                                                                                                                                                                                                                                                                                                                                                                                                                                                                                                                                                                                                                                                                                                                                                  1batch          bmc02v080u 20231120093941253848batch          bmc02v080u 20231120093941257864 Online Onboarding - MY                                                                                                                                                                                  @@]
2024-11-13 16:26:50 [http-nio-8080-exec-5] INFO  ExampleService:55 - original message
2024-11-13 16:26:50 [http-nio-8080-exec-5] INFO  ExampleService:56 - [00000815MTI     202411131626503700000000SMC03F054R              MTI S                        MTI     20241113162650370000000020241113734000      WEB       172.16.20.11                                WMC0302500 N1787130271     020241113734000                          A000000      00010                                                                        EN                                                                                                                                             D00000312                     20220101202412117071000638409                                                                                                                                                                                                                                                                000020@@]
2024-11-13 16:26:50 [http-nio-8080-exec-5] INFO  ExampleService:61 - request to tuxedo
2024-11-13 16:26:50 [http-nio-8080-exec-5] INFO  ExampleService:62 - [00000815MTI     202411131626503700000000SMC03F054R              MTI S                        MTI     20241113162650370000000020241113734000      WEB       172.16.20.11                                WMC0302500 N1787130271     020241113734000                          A000000      00010                                                                        EN                                                                                                                                             D00000312                     20220101202412117071000638409                                                                                                                                                                                                                                                                000020@@]
2024-11-13 16:26:50 [http-nio-8080-exec-5] INFO  ExampleService:63 - response from tuxedo
2024-11-13 16:26:50 [http-nio-8080-exec-5] INFO  ExampleService:64 - [00002970MTI     202411131626503700000000SMC03F054R              MTI R                        MTI     20241113162650370000000020241113734000      WEB       172.16.20.11                                WMC0302500 N1787130271     020241113734000      20241113162656612956A00  00        010       NAZAP0005                                                        EN                                                                                                                                             N00000525                     30The Transaction Successfully Ended.                                                                                                                                                                                                                                                                                                                                                                             01The Transaction Successfully Ended.                                                                 D00001933                     20220101202412117071000638409                                                                                                                                                                                                                                                                    20       120000057850           12023112020231120707100063840920231120BMC02V080U                                                                  20240901                                                                                                                                                                              1Online Onboarding - MY                                                                                                                                                                                                                                                                                                                                                                                                                                                                                                                                                                                                                                                                                                                                                                                                                                                                                                                                                                                                                  1batch          bmc02v080u 20231120093941253848batch          bmc02v080u 20231120093941257864 Online Onboarding - MY                                                                                                                                                                                  @@]
2024-11-13 16:27:11 [http-nio-8080-exec-7] INFO  ExampleService:55 - original message
2024-11-13 16:27:11 [http-nio-8080-exec-7] INFO  ExampleService:56 - [00000815MTI     202411131627119070000000SMC03F054R              MTI S                        MTI     20241113162711907000000020241113453000      WEB       172.16.20.11                                WMC0302500 N1787130271     020241113453000                          A000000      00010                                                                        EN                                                                                                                                             D00000312                     20220101202412117071000638409                                                                                                                                                                                                                                                                000020@@]
2024-11-13 16:27:11 [http-nio-8080-exec-7] INFO  ExampleService:61 - request to tuxedo
2024-11-13 16:27:11 [http-nio-8080-exec-7] INFO  ExampleService:62 - [00000815MTI     202411131627119070000000SMC03F054R              MTI S                        MTI     20241113162711907000000020241113453000      WEB       172.16.20.11                                WMC0302500 N1787130271     020241113453000                          A000000      00010                                                                        EN                                                                                                                                             D00000312                     20220101202412117071000638409                                                                                                                                                                                                                                                                000020@@]
2024-11-13 16:27:11 [http-nio-8080-exec-7] INFO  ExampleService:63 - response from tuxedo
2024-11-13 16:27:11 [http-nio-8080-exec-7] INFO  ExampleService:64 - [00002970MTI     202411131627119070000000SMC03F054R              MTI R                        MTI     20241113162711907000000020241113453000      WEB       172.16.20.11                                WMC0302500 N1787130271     020241113453000      20241113162717320110A00  00        010       NAZAP0005                                                        EN                                                                                                                                             N00000525                     30The Transaction Successfully Ended.                                                                                                                                                                                                                                                                                                                                                                             01The Transaction Successfully Ended.                                                                 D00001933                     20220101202412117071000638409                                                                                                                                                                                                                                                                    20       120000057850           12023112020231120707100063840920231120BMC02V080U                                                                  20240901                                                                                                                                                                              1Online Onboarding - MY                                                                                                                                                                                                                                                                                                                                                                                                                                                                                                                                                                                                                                                                                                                                                                                                                                                                                                                                                                                                                  1batch          bmc02v080u 20231120093941253848batch          bmc02v080u 20231120093941257864 Online Onboarding - MY                                                                                                                                                                                  @@]
2024-11-13 16:28:11 [http-nio-8080-exec-9] INFO  ExampleService:55 - original message
2024-11-13 16:28:11 [http-nio-8080-exec-9] INFO  ExampleService:56 - [00000815MTI     202411131628112230000000SMC03F054R              MTI S                        MTI     20241113162811223000000020241113048000      WEB       172.16.20.11                                WMC0302500 N1787130271     020241113048000                          A000000      00010                                                                        EN                                                                                                                                             D00000312                     20220101202412117071000638409                                                                                                                                                                                                                                                                000020@@]
2024-11-13 16:28:11 [http-nio-8080-exec-9] INFO  ExampleService:61 - request to tuxedo
2024-11-13 16:28:11 [http-nio-8080-exec-9] INFO  ExampleService:62 - [00000815MTI     202411131628112230000000SMC03F054R              MTI S                        MTI     20241113162811223000000020241113048000      WEB       172.16.20.11                                WMC0302500 N1787130271     020241113048000                          A000000      00010                                                                        EN                                                                                                                                             D00000312                     20220101202412117071000638409                                                                                                                                                                                                                                                                000020@@]
2024-11-13 16:28:11 [http-nio-8080-exec-9] INFO  ExampleService:63 - response from tuxedo
2024-11-13 16:28:11 [http-nio-8080-exec-9] INFO  ExampleService:64 - [00002970MTI     202411131628112230000000SMC03F054R              MTI R                        MTI     20241113162811223000000020241113048000      WEB       172.16.20.11                                WMC0302500 N1787130271     020241113048000      20241113162816920213A00  00        010       NAZAP0005                                                        EN                                                                                                                                             N00000525                     30The Transaction Successfully Ended.                                                                                                                                                                                                                                                                                                                                                                             01The Transaction Successfully Ended.                                                                 D00001933                     20220101202412117071000638409                                                                                                                                                                                                                                                                    20       120000057850           12023112020231120707100063840920231120BMC02V080U                                                                  20240901                                                                                                                                                                              1Online Onboarding - MY                                                                                                                                                                                                                                                                                                                                                                                                                                                                                                                                                                                                                                                                                                                                                                                                                                                                                                                                                                                                                  1batch          bmc02v080u 20231120093941253848batch          bmc02v080u 20231120093941257864 Online Onboarding - MY                                                                                                                                                                                  @@]
2024-11-13 16:28:46 [http-nio-8080-exec-1] INFO  ExampleService:55 - original message
2024-11-13 16:28:46 [http-nio-8080-exec-1] INFO  ExampleService:56 - [00000815MTI     202411131628466230000000SMC03F054R              MTI S                        MTI     20241113162846623000000020241113438000      WEB       172.16.20.11                                WMC0302500 N1787130271     020241113438000                          A000000      00010                                                                        EN                                                                                                                                             D00000312                     20220101202412117071000638409                                                                                                                                                                                                                                                                000020@@]
2024-11-13 16:28:46 [http-nio-8080-exec-1] INFO  ExampleService:61 - request to tuxedo
2024-11-13 16:28:46 [http-nio-8080-exec-1] INFO  ExampleService:62 - [00000815MTI     202411131628466230000000SMC03F054R              MTI S                        MTI     20241113162846623000000020241113438000      WEB       172.16.20.11                                WMC0302500 N1787130271     020241113438000                          A000000      00010                                                                        EN                                                                                                                                             D00000312                     20220101202412117071000638409                                                                                                                                                                                                                                                                000020@@]
2024-11-13 16:28:46 [http-nio-8080-exec-1] INFO  ExampleService:63 - response from tuxedo
2024-11-13 16:28:46 [http-nio-8080-exec-1] INFO  ExampleService:64 - [00002970MTI     202411131628466230000000SMC03F054R              MTI R                        MTI     20241113162846623000000020241113438000      WEB       172.16.20.11                                WMC0302500 N1787130271     020241113438000      20241113162852320893A00  00        010       NAZAP0005                                                        EN                                                                                                                                             N00000525                     30The Transaction Successfully Ended.                                                                                                                                                                                                                                                                                                                                                                             01The Transaction Successfully Ended.                                                                 D00001933                     20220101202412117071000638409                                                                                                                                                                                                                                                                    20       120000057850           12023112020231120707100063840920231120BMC02V080U                                                                  20240901                                                                                                                                                                              1Online Onboarding - MY                                                                                                                                                                                                                                                                                                                                                                                                                                                                                                                                                                                                                                                                                                                                                                                                                                                                                                                                                                                                                  1batch          bmc02v080u 20231120093941253848batch          bmc02v080u 20231120093941257864 Online Onboarding - MY                                                                                                                                                                                  @@]
2024-11-13 16:29:18 [http-nio-8080-exec-3] INFO  ExampleService:55 - original message
2024-11-13 16:29:18 [http-nio-8080-exec-3] INFO  ExampleService:56 - [00000815MTI     202411131629184360000000SMC03F054R              MTI S                        MTI     20241113162918436000000020241113862000      WEB       172.16.20.11                                WMC0302500 N1787130271     020241113863000                          A000000      00010                                                                        EN                                                                                                                                             D00000312                     20220101202412117071000638409                                                                                                                                                                                                                                                                000020@@]
2024-11-13 16:29:19 [http-nio-8080-exec-3] INFO  ExampleService:61 - request to tuxedo
2024-11-13 16:29:19 [http-nio-8080-exec-3] INFO  ExampleService:62 - [00000815MTI     202411131629184360000000SMC03F054R              MTI S                        MTI     20241113162918436000000020241113862000      WEB       172.16.20.11                                WMC0302500 N1787130271     020241113863000                          A000000      00010                                                                        EN                                                                                                                                             D00000312                     20220101202412117071000638409                                                                                                                                                                                                                                                                000020@@]
2024-11-13 16:29:19 [http-nio-8080-exec-3] INFO  ExampleService:63 - response from tuxedo
2024-11-13 16:29:19 [http-nio-8080-exec-3] INFO  ExampleService:64 - [00002970MTI     202411131629184360000000SMC03F054R              MTI R                        MTI     20241113162918436000000020241113862000      WEB       172.16.20.11                                WMC0302500 N1787130271     020241113863000      20241113162924748723A00  00        010       NAZAP0005                                                        EN                                                                                                                                             N00000525                     30The Transaction Successfully Ended.                                                                                                                                                                                                                                                                                                                                                                             01The Transaction Successfully Ended.                                                                 D00001933                     20220101202412117071000638409                                                                                                                                                                                                                                                                    20       120000057850           12023112020231120707100063840920231120BMC02V080U                                                                  20240901                                                                                                                                                                              1Online Onboarding - MY                                                                                                                                                                                                                                                                                                                                                                                                                                                                                                                                                                                                                                                                                                                                                                                                                                                                                                                                                                                                                  1batch          bmc02v080u 20231120093941253848batch          bmc02v080u 20231120093941257864 Online Onboarding - MY                                                                                                                                                                                  @@]
2024-11-13 16:36:06 [http-nio-8080-exec-5] INFO  ExampleService:55 - original message
2024-11-13 16:36:06 [http-nio-8080-exec-5] INFO  ExampleService:56 - [00000815MTI     202411131636063250000000SMC03F054R              MTI S                        MTI     20241113163606325000000020241113788000      WEB       172.16.20.11                                WMC0302500 N1787130271     020241113788000                          A000000      00010                                                                        EN                                                                                                                                             D00000312                     20220101202412117071000638409                                                                                                                                                                                                                                                                000020@@]
2024-11-13 16:36:06 [http-nio-8080-exec-5] INFO  ExampleService:61 - request to tuxedo
2024-11-13 16:36:06 [http-nio-8080-exec-5] INFO  ExampleService:62 - [00000815MTI     202411131636063250000000SMC03F054R              MTI S                        MTI     20241113163606325000000020241113788000      WEB       172.16.20.11                                WMC0302500 N1787130271     020241113788000                          A000000      00010                                                                        EN                                                                                                                                             D00000312                     20220101202412117071000638409                                                                                                                                                                                                                                                                000020@@]
2024-11-13 16:36:06 [http-nio-8080-exec-5] INFO  ExampleService:63 - response from tuxedo
2024-11-13 16:36:06 [http-nio-8080-exec-5] INFO  ExampleService:64 - []
2024-11-13 16:38:10 [http-nio-8080-exec-7] INFO  ExampleService:55 - original message
2024-11-13 16:38:10 [http-nio-8080-exec-7] INFO  ExampleService:56 - [00000815MTI     202411131638104300000000SMC03F054R              MTI S                        MTI     20241113163810430000000020241113468000      WEB       172.16.20.11                                WMC0302500 N1787130271     020241113468000                          A000000      00010                                                                        EN                                                                                                                                             D00000312                     20220101202412117071000638409                                                                                                                                                                                                                                                                000020@@]
2024-11-13 16:38:11 [http-nio-8080-exec-7] INFO  ExampleService:61 - request to tuxedo
2024-11-13 16:38:11 [http-nio-8080-exec-7] INFO  ExampleService:62 - [00000815MTI     202411131638104300000000SMC03F054R              MTI S                        MTI     20241113163810430000000020241113468000      WEB       172.16.20.11                                WMC0302500 N1787130271     020241113468000                          A000000      00010                                                                        EN                                                                                                                                             D00000312                     20220101202412117071000638409                                                                                                                                                                                                                                                                000020@@]
2024-11-13 16:38:11 [http-nio-8080-exec-7] INFO  ExampleService:63 - response from tuxedo
2024-11-13 16:38:11 [http-nio-8080-exec-7] INFO  ExampleService:64 - [00002970MTI     202411131638104300000000SMC03F054R              MTI R                        MTI     20241113163810430000000020241113468000      WEB       172.16.20.11                                WMC0302500 N1787130271     020241113468000      20241113163817061712A00  00        010       NAZAP0005                                                        EN                                                                                                                                             N00000525                     30The Transaction Successfully Ended.                                                                                                                                                                                                                                                                                                                                                                             01The Transaction Successfully Ended.                                                                 D00001933                     20220101202412117071000638409                                                                                                                                                                                                                                                                    20       120000057850           12023112020231120707100063840920231120BMC02V080U                                                                  20240901                                                                                                                                                                              1Online Onboarding - MY                                                                                                                                                                                                                                                                                                                                                                                                                                                                                                                                                                                                                                                                                                                                                                                                                                                                                                                                                                                                                  1batch          bmc02v080u 20231120093941253848batch          bmc02v080u 20231120093941257864 Online Onboarding - MY                                                                                                                                                                                  @@]
2024-11-13 16:38:38 [http-nio-8080-exec-9] INFO  ExampleService:55 - original message
2024-11-13 16:38:38 [http-nio-8080-exec-9] INFO  ExampleService:56 - [00000815MTI     202411131638382010000000SMC03F054R              MTI S                        MTI     20241113163838201000000020241113415000      WEB       172.16.20.11                                WMC0302500 N1787130271     020241113415000                          A000000      00010                                                                        EN                                                                                                                                             D00000312                     20220101202412117071000638409                                                                                                                                                                                                                                                                000020@@]
2024-11-13 16:38:39 [http-nio-8080-exec-9] INFO  ExampleService:61 - request to tuxedo
2024-11-13 16:38:39 [http-nio-8080-exec-9] INFO  ExampleService:62 - [00000815MTI     202411131638382010000000SMC03F054R              MTI S                        MTI     20241113163838201000000020241113415000      WEB       172.16.20.11                                WMC0302500 N1787130271     020241113415000                          A000000      00010                                                                        EN                                                                                                                                             D00000312                     20220101202412117071000638409                                                                                                                                                                                                                                                                000020@@]
2024-11-13 16:38:39 [http-nio-8080-exec-9] INFO  ExampleService:63 - response from tuxedo
2024-11-13 16:38:39 [http-nio-8080-exec-9] INFO  ExampleService:64 - [00002970MTI     202411131638382010000000SMC03F054R              MTI R                        MTI     20241113163838201000000020241113415000      WEB       172.16.20.11                                WMC0302500 N1787130271     020241113415000      20241113163844290884A00  00        010       NAZAP0005                                                        EN                                                                                                                                             N00000525                     30The Transaction Successfully Ended.                                                                                                                                                                                                                                                                                                                                                                             01The Transaction Successfully Ended.                                                                 D00001933                     20220101202412117071000638409                                                                                                                                                                                                                                                                    20       120000057850           12023112020231120707100063840920231120BMC02V080U                                                                  20240901                                                                                                                                                                              1Online Onboarding - MY                                                                                                                                                                                                                                                                                                                                                                                                                                                                                                                                                                                                                                                                                                                                                                                                                                                                                                                                                                                                                  1batch          bmc02v080u 20231120093941253848batch          bmc02v080u 20231120093941257864 Online Onboarding - MY                                                                                                                                                                                  @@]
2024-11-13 16:41:58 [http-nio-8080-exec-1] INFO  ExampleService:55 - original message
2024-11-13 16:41:58 [http-nio-8080-exec-1] INFO  ExampleService:56 - [00000815MTI     202411131641582240000000SMC03F054R              MTI S                        MTI     20241113164158224000000020241113692000      WEB       172.16.20.11                                WMC0302500 N1787130271     020241113692000                          A000000      00010                                                                        EN                                                                                                                                             D00000312                     20220101202412117071000638409                                                                                                                                                                                                                                                                000020@@]
2024-11-13 16:41:58 [http-nio-8080-exec-1] INFO  ExampleService:61 - request to tuxedo
2024-11-13 16:41:58 [http-nio-8080-exec-1] INFO  ExampleService:62 - [00000815MTI     202411131641582240000000SMC03F054R              MTI S                        MTI     20241113164158224000000020241113692000      WEB       172.16.20.11                                WMC0302500 N1787130271     020241113692000                          A000000      00010                                                                        EN                                                                                                                                             D00000312                     20220101202412117071000638409                                                                                                                                                                                                                                                                000020@@]
2024-11-13 16:41:58 [http-nio-8080-exec-1] INFO  ExampleService:63 - response from tuxedo
2024-11-13 16:41:58 [http-nio-8080-exec-1] INFO  ExampleService:64 - [00002970MTI     202411131641582240000000SMC03F054R              MTI R                        MTI     20241113164158224000000020241113692000      WEB       172.16.20.11                                WMC0302500 N1787130271     020241113692000      20241113164204562295A00  00        010       NAZAP0005                                                        EN                                                                                                                                             N00000525                     30The Transaction Successfully Ended.                                                                                                                                                                                                                                                                                                                                                                             01The Transaction Successfully Ended.                                                                 D00001933                     20220101202412117071000638409                                                                                                                                                                                                                                                                    20       120000057850           12023112020231120707100063840920231120BMC02V080U                                                                  20240901                                                                                                                                                                              1Online Onboarding - MY                                                                                                                                                                                                                                                                                                                                                                                                                                                                                                                                                                                                                                                                                                                                                                                                                                                                                                                                                                                                                  1batch          bmc02v080u 20231120093941253848batch          bmc02v080u 20231120093941257864 Online Onboarding - MY                                                                                                                                                                                  @@]
2024-11-13 16:42:06 [http-nio-8080-exec-3] INFO  ExampleService:55 - original message
2024-11-13 16:42:06 [http-nio-8080-exec-3] INFO  ExampleService:56 - [00000815MTI     202411131642064090000000SMC03F054R              MTI S                        MTI     20241113164206409000000020241113939000      WEB       172.16.20.11                                WMC0302500 N1787130271     020241113939000                          A000000      00010                                                                        EN                                                                                                                                             D00000312                     20220101202412117071000638409                                                                                                                                                                                                                                                                000020@@]
2024-11-13 16:42:07 [http-nio-8080-exec-3] INFO  ExampleService:61 - request to tuxedo
2024-11-13 16:42:07 [http-nio-8080-exec-3] INFO  ExampleService:62 - [00000815MTI     202411131642064090000000SMC03F054R              MTI S                        MTI     20241113164206409000000020241113939000      WEB       172.16.20.11                                WMC0302500 N1787130271     020241113939000                          A000000      00010                                                                        EN                                                                                                                                             D00000312                     20220101202412117071000638409                                                                                                                                                                                                                                                                000020@@]
2024-11-13 16:42:07 [http-nio-8080-exec-3] INFO  ExampleService:63 - response from tuxedo
2024-11-13 16:42:07 [http-nio-8080-exec-3] INFO  ExampleService:64 - [00002970MTI     202411131642064090000000SMC03F054R              MTI R                        MTI     20241113164206409000000020241113939000      WEB       172.16.20.11                                WMC0302500 N1787130271     020241113939000      20241113164212819120A00  00        010       NAZAP0005                                                        EN                                                                                                                                             N00000525                     30The Transaction Successfully Ended.                                                                                                                                                                                                                                                                                                                                                                             01The Transaction Successfully Ended.                                                                 D00001933                     20220101202412117071000638409                                                                                                                                                                                                                                                                    20       120000057850           12023112020231120707100063840920231120BMC02V080U                                                                  20240901                                                                                                                                                                              1Online Onboarding - MY                                                                                                                                                                                                                                                                                                                                                                                                                                                                                                                                                                                                                                                                                                                                                                                                                                                                                                                                                                                                                  1batch          bmc02v080u 20231120093941253848batch          bmc02v080u 20231120093941257864 Online Onboarding - MY                                                                                                                                                                                  @@]
2024-11-13 16:43:20 [http-nio-8080-exec-5] INFO  ExampleService:55 - original message
2024-11-13 16:43:20 [http-nio-8080-exec-5] INFO  ExampleService:56 - [00000815MTI     202411131643205940000000SMC03F054R              MTI S                        MTI     20241113164320594000000020241113429000      WEB       172.16.20.11                                WMC0302500 N1787130271     020241113429000                          A000000      00010                                                                        EN                                                                                                                                             D00000312                     20220101202412117071000638409                                                                                                                                                                                                                                                                000020@@]
2024-11-13 16:43:20 [http-nio-8080-exec-5] INFO  ExampleService:61 - request to tuxedo
2024-11-13 16:43:20 [http-nio-8080-exec-5] INFO  ExampleService:62 - [00000815MTI     202411131643205940000000SMC03F054R              MTI S                        MTI     20241113164320594000000020241113429000      WEB       172.16.20.11                                WMC0302500 N1787130271     020241113429000                          A000000      00010                                                                        EN                                                                                                                                             D00000312                     20220101202412117071000638409                                                                                                                                                                                                                                                                000020@@]
2024-11-13 16:43:20 [http-nio-8080-exec-5] INFO  ExampleService:63 - response from tuxedo
2024-11-13 16:43:20 [http-nio-8080-exec-5] INFO  ExampleService:64 - [00002970MTI     202411131643205940000000SMC03F054R              MTI R                        MTI     20241113164320594000000020241113429000      WEB       172.16.20.11                                WMC0302500 N1787130271     020241113429000      20241113164326294903A00  00        010       NAZAP0005                                                        EN                                                                                                                                             N00000525                     30The Transaction Successfully Ended.                                                                                                                                                                                                                                                                                                                                                                             01The Transaction Successfully Ended.                                                                 D00001933                     20220101202412117071000638409                                                                                                                                                                                                                                                                    20       120000057850           12023112020231120707100063840920231120BMC02V080U                                                                  20240901                                                                                                                                                                              1Online Onboarding - MY                                                                                                                                                                                                                                                                                                                                                                                                                                                                                                                                                                                                                                                                                                                                                                                                                                                                                                                                                                                                                  1batch          bmc02v080u 20231120093941253848batch          bmc02v080u 20231120093941257864 Online Onboarding - MY                                                                                                                                                                                  @@]
2024-11-13 16:44:03 [http-nio-8080-exec-7] INFO  ExampleService:55 - original message
2024-11-13 16:44:03 [http-nio-8080-exec-7] INFO  ExampleService:56 - [00000815MTI     202411131644038220000000SMC03F054R              MTI S                        MTI     20241113164403822000000020241113015000      WEB       172.16.20.11                                WMC0302500 N1787130271     020241113016000                          A000000      00010                                                                        EN                                                                                                                                             D00000312                     20220101202412117071000638409                                                                                                                                                                                                                                                                000020@@]
2024-11-13 16:44:03 [http-nio-8080-exec-7] INFO  ExampleService:61 - request to tuxedo
2024-11-13 16:44:03 [http-nio-8080-exec-7] INFO  ExampleService:62 - [00000815MTI     202411131644038220000000SMC03F054R              MTI S                        MTI     20241113164403822000000020241113015000      WEB       172.16.20.11                                WMC0302500 N1787130271     020241113016000                          A000000      00010                                                                        EN                                                                                                                                             D00000312                     20220101202412117071000638409                                                                                                                                                                                                                                                                000020@@]
2024-11-13 16:44:03 [http-nio-8080-exec-7] INFO  ExampleService:63 - response from tuxedo
2024-11-13 16:44:03 [http-nio-8080-exec-7] INFO  ExampleService:64 - [00002970MTI     202411131644038220000000SMC03F054R              MTI R                        MTI     20241113164403822000000020241113015000      WEB       172.16.20.11                                WMC0302500 N1787130271     020241113016000      20241113164408875256A00  00        010       NAZAP0005                                                        EN                                                                                                                                             N00000525                     30The Transaction Successfully Ended.                                                                                                                                                                                                                                                                                                                                                                             01The Transaction Successfully Ended.                                                                 D00001933                     20220101202412117071000638409                                                                                                                                                                                                                                                                    20       120000057850           12023112020231120707100063840920231120BMC02V080U                                                                  20240901                                                                                                                                                                              1Online Onboarding - MY                                                                                                                                                                                                                                                                                                                                                                                                                                                                                                                                                                                                                                                                                                                                                                                                                                                                                                                                                                                                                  1batch          bmc02v080u 20231120093941253848batch          bmc02v080u 20231120093941257864 Online Onboarding - MY                                                                                                                                                                                  @@]
2024-11-13 16:44:31 [http-nio-8080-exec-9] INFO  ExampleService:55 - original message
2024-11-13 16:44:31 [http-nio-8080-exec-9] INFO  ExampleService:56 - [00000815MTI     202411131644316430000000SMC03F054R              MTI S                        MTI     20241113164431643000000020241113405000      WEB       172.16.20.11                                WMC0302500 N1787130271     020241113405000                          A000000      00010                                                                        EN                                                                                                                                             D00000312                     20220101202412117071000638409                                                                                                                                                                                                                                                                000020@@]
2024-11-13 16:44:31 [http-nio-8080-exec-9] INFO  ExampleService:61 - request to tuxedo
2024-11-13 16:44:31 [http-nio-8080-exec-9] INFO  ExampleService:62 - [00000815MTI     202411131644316430000000SMC03F054R              MTI S                        MTI     20241113164431643000000020241113405000      WEB       172.16.20.11                                WMC0302500 N1787130271     020241113405000                          A000000      00010                                                                        EN                                                                                                                                             D00000312                     20220101202412117071000638409                                                                                                                                                                                                                                                                000020@@]
2024-11-13 16:44:31 [http-nio-8080-exec-9] INFO  ExampleService:63 - response from tuxedo
2024-11-13 16:44:31 [http-nio-8080-exec-9] INFO  ExampleService:64 - [00002970MTI     202411131644316430000000SMC03F054R              MTI R                        MTI     20241113164431643000000020241113405000      WEB       172.16.20.11                                WMC0302500 N1787130271     020241113405000      20241113164437283298A00  00        010       NAZAP0005                                                        EN                                                                                                                                             N00000525                     30The Transaction Successfully Ended.                                                                                                                                                                                                                                                                                                                                                                             01The Transaction Successfully Ended.                                                                 D00001933                     20220101202412117071000638409                                                                                                                                                                                                                                                                    20       120000057850           12023112020231120707100063840920231120BMC02V080U                                                                  20240901                                                                                                                                                                              1Online Onboarding - MY                                                                                                                                                                                                                                                                                                                                                                                                                                                                                                                                                                                                                                                                                                                                                                                                                                                                                                                                                                                                                  1batch          bmc02v080u 20231120093941253848batch          bmc02v080u 20231120093941257864 Online Onboarding - MY                                                                                                                                                                                  @@]
2024-11-13 16:44:51 [http-nio-8080-exec-1] INFO  ExampleService:55 - original message
2024-11-13 16:44:51 [http-nio-8080-exec-1] INFO  ExampleService:56 - [00000815MTI     202411131644517900000000SMC03F054R              MTI S                        MTI     20241113164451790000000020241113632000      WEB       172.16.20.11                                WMC0302500 N1787130271     020241113633000                          A000000      00010                                                                        EN                                                                                                                                             D00000312                     20220101202412117071000638409                                                                                                                                                                                                                                                                000020@@]
2024-11-13 16:44:51 [http-nio-8080-exec-1] INFO  ExampleService:61 - request to tuxedo
2024-11-13 16:44:51 [http-nio-8080-exec-1] INFO  ExampleService:62 - [00000815MTI     202411131644517900000000SMC03F054R              MTI S                        MTI     20241113164451790000000020241113632000      WEB       172.16.20.11                                WMC0302500 N1787130271     020241113633000                          A000000      00010                                                                        EN                                                                                                                                             D00000312                     20220101202412117071000638409                                                                                                                                                                                                                                                                000020@@]
2024-11-13 16:44:51 [http-nio-8080-exec-1] INFO  ExampleService:63 - response from tuxedo
2024-11-13 16:44:51 [http-nio-8080-exec-1] INFO  ExampleService:64 - [00002970MTI     202411131644517900000000SMC03F054R              MTI R                        MTI     20241113164451790000000020241113632000      WEB       172.16.20.11                                WMC0302500 N1787130271     020241113633000      20241113164457500103A00  00        010       NAZAP0005                                                        EN                                                                                                                                             N00000525                     30The Transaction Successfully Ended.                                                                                                                                                                                                                                                                                                                                                                             01The Transaction Successfully Ended.                                                                 D00001933                     20220101202412117071000638409                                                                                                                                                                                                                                                                    20       120000057850           12023112020231120707100063840920231120BMC02V080U                                                                  20240901                                                                                                                                                                              1Online Onboarding - MY                                                                                                                                                                                                                                                                                                                                                                                                                                                                                                                                                                                                                                                                                                                                                                                                                                                                                                                                                                                                                  1batch          bmc02v080u 20231120093941253848batch          bmc02v080u 20231120093941257864 Online Onboarding - MY                                                                                                                                                                                  @@]
2024-11-13 16:45:28 [http-nio-8080-exec-3] INFO  ExampleService:55 - original message
2024-11-13 16:45:28 [http-nio-8080-exec-3] INFO  ExampleService:56 - [00000815MTI     202411131645281390000000SMC03F054R              MTI S                        MTI     20241113164528139000000020241113058000      WEB       172.16.20.11                                WMC0302500 N1787130271     020241113058000                          A000000      00010                                                                        EN                                                                                                                                             D00000312                     20220101202412117071000638409                                                                                                                                                                                                                                                                000020@@]
2024-11-13 16:45:28 [http-nio-8080-exec-3] INFO  ExampleService:61 - request to tuxedo
2024-11-13 16:45:28 [http-nio-8080-exec-3] INFO  ExampleService:62 - [00000815MTI     202411131645281390000000SMC03F054R              MTI S                        MTI     20241113164528139000000020241113058000      WEB       172.16.20.11                                WMC0302500 N1787130271     020241113058000                          A000000      00010                                                                        EN                                                                                                                                             D00000312                     20220101202412117071000638409                                                                                                                                                                                                                                                                000020@@]
2024-11-13 16:45:28 [http-nio-8080-exec-3] INFO  ExampleService:63 - response from tuxedo
2024-11-13 16:45:28 [http-nio-8080-exec-3] INFO  ExampleService:64 - [00002970MTI     202411131645281390000000SMC03F054R              MTI R                        MTI     20241113164528139000000020241113058000      WEB       172.16.20.11                                WMC0302500 N1787130271     020241113058000      20241113164533928273A00  00        010       NAZAP0005                                                        EN                                                                                                                                             N00000525                     30The Transaction Successfully Ended.                                                                                                                                                                                                                                                                                                                                                                             01The Transaction Successfully Ended.                                                                 D00001933                     20220101202412117071000638409                                                                                                                                                                                                                                                                    20       120000057850           12023112020231120707100063840920231120BMC02V080U                                                                  20240901                                                                                                                                                                              1Online Onboarding - MY                                                                                                                                                                                                                                                                                                                                                                                                                                                                                                                                                                                                                                                                                                                                                                                                                                                                                                                                                                                                                  1batch          bmc02v080u 20231120093941253848batch          bmc02v080u 20231120093941257864 Online Onboarding - MY                                                                                                                                                                                  @@]
2024-11-13 16:45:37 [http-nio-8080-exec-5] INFO  ExampleService:55 - original message
2024-11-13 16:45:37 [http-nio-8080-exec-5] INFO  ExampleService:56 - [00000815MTI     202411131645377500000000SMC03F054R              MTI S                        MTI     20241113164537750000000020241113176000      WEB       172.16.20.11                                WMC0302500 N1787130271     020241113177000                          A000000      00010                                                                        EN                                                                                                                                             D00000312                     20220101202412117071000638409                                                                                                                                                                                                                                                                000020@@]
2024-11-13 16:45:37 [http-nio-8080-exec-5] INFO  ExampleService:61 - request to tuxedo
2024-11-13 16:45:37 [http-nio-8080-exec-5] INFO  ExampleService:62 - [00000815MTI     202411131645377500000000SMC03F054R              MTI S                        MTI     20241113164537750000000020241113176000      WEB       172.16.20.11                                WMC0302500 N1787130271     020241113177000                          A000000      00010                                                                        EN                                                                                                                                             D00000312                     20220101202412117071000638409                                                                                                                                                                                                                                                                000020@@]
2024-11-13 16:45:37 [http-nio-8080-exec-5] INFO  ExampleService:63 - response from tuxedo
2024-11-13 16:45:37 [http-nio-8080-exec-5] INFO  ExampleService:64 - [00002970MTI     202411131645377500000000SMC03F054R              MTI R                        MTI     20241113164537750000000020241113176000      WEB       172.16.20.11                                WMC0302500 N1787130271     020241113177000      20241113164543063769A00  00        010       NAZAP0005                                                        EN                                                                                                                                             N00000525                     30The Transaction Successfully Ended.                                                                                                                                                                                                                                                                                                                                                                             01The Transaction Successfully Ended.                                                                 D00001933                     20220101202412117071000638409                                                                                                                                                                                                                                                                    20       120000057850           12023112020231120707100063840920231120BMC02V080U                                                                  20240901                                                                                                                                                                              1Online Onboarding - MY                                                                                                                                                                                                                                                                                                                                                                                                                                                                                                                                                                                                                                                                                                                                                                                                                                                                                                                                                                                                                  1batch          bmc02v080u 20231120093941253848batch          bmc02v080u 20231120093941257864 Online Onboarding - MY                                                                                                                                                                                  @@]
2024-11-13 16:46:13 [http-nio-8080-exec-7] INFO  ExampleService:55 - original message
2024-11-13 16:46:13 [http-nio-8080-exec-7] INFO  ExampleService:56 - [00000815MTI     202411131646136670000000SMC03F054R              MTI S                        MTI     20241113164613667000000020241113087000      WEB       172.16.20.11                                WMC0302500 N1787130271     020241113087000                          A000000      00010                                                                        EN                                                                                                                                             D00000312                     20220101202412117071000638409                                                                                                                                                                                                                                                                000020@@]
2024-11-13 16:46:13 [http-nio-8080-exec-7] INFO  ExampleService:61 - request to tuxedo
2024-11-13 16:46:13 [http-nio-8080-exec-7] INFO  ExampleService:62 - [00000815MTI     202411131646136670000000SMC03F054R              MTI S                        MTI     20241113164613667000000020241113087000      WEB       172.16.20.11                                WMC0302500 N1787130271     020241113087000                          A000000      00010                                                                        EN                                                                                                                                             D00000312                     20220101202412117071000638409                                                                                                                                                                                                                                                                000020@@]
2024-11-13 16:46:13 [http-nio-8080-exec-7] INFO  ExampleService:63 - response from tuxedo
2024-11-13 16:46:13 [http-nio-8080-exec-7] INFO  ExampleService:64 - [00002970MTI     202411131646136670000000SMC03F054R              MTI R                        MTI     20241113164613667000000020241113087000      WEB       172.16.20.11                                WMC0302500 N1787130271     020241113087000      20241113164618962700A00  00        010       NAZAP0005                                                        EN                                                                                                                                             N00000525                     30The Transaction Successfully Ended.                                                                                                                                                                                                                                                                                                                                                                             01The Transaction Successfully Ended.                                                                 D00001933                     20220101202412117071000638409                                                                                                                                                                                                                                                                    20       120000057850           12023112020231120707100063840920231120BMC02V080U                                                                  20240901                                                                                                                                                                              1Online Onboarding - MY                                                                                                                                                                                                                                                                                                                                                                                                                                                                                                                                                                                                                                                                                                                                                                                                                                                                                                                                                                                                                  1batch          bmc02v080u 20231120093941253848batch          bmc02v080u 20231120093941257864 Online Onboarding - MY                                                                                                                                                                                  @@]
2024-11-13 16:46:20 [http-nio-8080-exec-9] INFO  ExampleService:55 - original message
2024-11-13 16:46:20 [http-nio-8080-exec-9] INFO  ExampleService:56 - [00000815MTI     202411131646206550000000SMC03F054R              MTI S                        MTI     20241113164620655000000020241113536000      WEB       172.16.20.11                                WMC0302500 N1787130271     020241113536000                          A000000      00010                                                                        EN                                                                                                                                             D00000312                     20220101202412117071000638409                                                                                                                                                                                                                                                                000020@@]
2024-11-13 16:46:20 [http-nio-8080-exec-9] INFO  ExampleService:61 - request to tuxedo
2024-11-13 16:46:20 [http-nio-8080-exec-9] INFO  ExampleService:62 - [00000815MTI     202411131646206550000000SMC03F054R              MTI S                        MTI     20241113164620655000000020241113536000      WEB       172.16.20.11                                WMC0302500 N1787130271     020241113536000                          A000000      00010                                                                        EN                                                                                                                                             D00000312                     20220101202412117071000638409                                                                                                                                                                                                                                                                000020@@]
2024-11-13 16:46:20 [http-nio-8080-exec-9] INFO  ExampleService:63 - response from tuxedo
2024-11-13 16:46:20 [http-nio-8080-exec-9] INFO  ExampleService:64 - [00002970MTI     202411131646206550000000SMC03F054R              MTI R                        MTI     20241113164620655000000020241113536000      WEB       172.16.20.11                                WMC0302500 N1787130271     020241113536000      20241113164626380410A00  00        010       NAZAP0005                                                        EN                                                                                                                                             N00000525                     30The Transaction Successfully Ended.                                                                                                                                                                                                                                                                                                                                                                             01The Transaction Successfully Ended.                                                                 D00001933                     20220101202412117071000638409                                                                                                                                                                                                                                                                    20       120000057850           12023112020231120707100063840920231120BMC02V080U                                                                  20240901                                                                                                                                                                              1Online Onboarding - MY                                                                                                                                                                                                                                                                                                                                                                                                                                                                                                                                                                                                                                                                                                                                                                                                                                                                                                                                                                                                                  1batch          bmc02v080u 20231120093941253848batch          bmc02v080u 20231120093941257864 Online Onboarding - MY                                                                                                                                                                                  @@]
2024-11-13 16:47:41 [http-nio-8080-exec-1] INFO  ExampleService:55 - original message
2024-11-13 16:47:41 [http-nio-8080-exec-1] INFO  ExampleService:56 - [00000815MTI     202411131647416120000000SMC03F054R              MTI S                        MTI     20241113164741612000000020241113053000      WEB       172.16.20.11                                WMC0302500 N1787130271     020241113054000                          A000000      00010                                                                        EN                                                                                                                                             D00000312                     20220101202412117071000638409                                                                                                                                                                                                                                                                000020@@]
2024-11-13 16:47:41 [http-nio-8080-exec-1] INFO  ExampleService:61 - request to tuxedo
2024-11-13 16:47:41 [http-nio-8080-exec-1] INFO  ExampleService:62 - [00000815MTI     202411131647416120000000SMC03F054R              MTI S                        MTI     20241113164741612000000020241113053000      WEB       172.16.20.11                                WMC0302500 N1787130271     020241113054000                          A000000      00010                                                                        EN                                                                                                                                             D00000312                     20220101202412117071000638409                                                                                                                                                                                                                                                                000020@@]
2024-11-13 16:47:41 [http-nio-8080-exec-1] INFO  ExampleService:63 - response from tuxedo
2024-11-13 16:47:41 [http-nio-8080-exec-1] INFO  ExampleService:64 - [00002970MTI     202411131647416120000000SMC03F054R              MTI R                        MTI     20241113164741612000000020241113053000      WEB       172.16.20.11                                WMC0302500 N1787130271     020241113054000      20241113164746945240A00  00        010       NAZAP0005                                                        EN                                                                                                                                             N00000525                     30The Transaction Successfully Ended.                                                                                                                                                                                                                                                                                                                                                                             01The Transaction Successfully Ended.                                                                 D00001933                     20220101202412117071000638409                                                                                                                                                                                                                                                                    20       120000057850           12023112020231120707100063840920231120BMC02V080U                                                                  20240901                                                                                                                                                                              1Online Onboarding - MY                                                                                                                                                                                                                                                                                                                                                                                                                                                                                                                                                                                                                                                                                                                                                                                                                                                                                                                                                                                                                  1batch          bmc02v080u 20231120093941253848batch          bmc02v080u 20231120093941257864 Online Onboarding - MY                                                                                                                                                                                  @@]
2024-11-13 16:47:44 [http-nio-8080-exec-3] INFO  ExampleService:55 - original message
2024-11-13 16:47:44 [http-nio-8080-exec-3] INFO  ExampleService:56 - [00000815MTI     202411131647447170000000SMC03F054R              MTI S                        MTI     20241113164744717000000020241113034000      WEB       172.16.20.11                                WMC0302500 N1787130271     020241113034000                          A000000      00010                                                                        EN                                                                                                                                             D00000312                     20220101202412117071000638409                                                                                                                                                                                                                                                                000020@@]
2024-11-13 16:47:44 [http-nio-8080-exec-3] INFO  ExampleService:61 - request to tuxedo
2024-11-13 16:47:44 [http-nio-8080-exec-3] INFO  ExampleService:62 - [00000815MTI     202411131647447170000000SMC03F054R              MTI S                        MTI     20241113164744717000000020241113034000      WEB       172.16.20.11                                WMC0302500 N1787130271     020241113034000                          A000000      00010                                                                        EN                                                                                                                                             D00000312                     20220101202412117071000638409                                                                                                                                                                                                                                                                000020@@]
2024-11-13 16:47:44 [http-nio-8080-exec-3] INFO  ExampleService:63 - response from tuxedo
2024-11-13 16:47:44 [http-nio-8080-exec-3] INFO  ExampleService:64 - [00002970MTI     202411131647447170000000SMC03F054R              MTI R                        MTI     20241113164744717000000020241113034000      WEB       172.16.20.11                                WMC0302500 N1787130271     020241113034000      20241113164749952619A00  00        010       NAZAP0005                                                        EN                                                                                                                                             N00000525                     30The Transaction Successfully Ended.                                                                                                                                                                                                                                                                                                                                                                             01The Transaction Successfully Ended.                                                                 D00001933                     20220101202412117071000638409                                                                                                                                                                                                                                                                    20       120000057850           12023112020231120707100063840920231120BMC02V080U                                                                  20240901                                                                                                                                                                              1Online Onboarding - MY                                                                                                                                                                                                                                                                                                                                                                                                                                                                                                                                                                                                                                                                                                                                                                                                                                                                                                                                                                                                                  1batch          bmc02v080u 20231120093941253848batch          bmc02v080u 20231120093941257864 Online Onboarding - MY                                                                                                                                                                                  @@]
2024-11-13 16:48:10 [http-nio-8080-exec-5] INFO  ExampleService:55 - original message
2024-11-13 16:48:10 [http-nio-8080-exec-5] INFO  ExampleService:56 - [00000797MTI     202411131648101190000000SMC03F055R              MTI S                        MTI     20241113164810119000000020241113829000      WEB       172.16.20.11                                WMC0302500 N1787130271     020241113829000                          A000000      00010                                                                        EN                                                                                                                                             D00000294                     2000005917620240717035444506768                                                                                                                                                                                                                                            000020@@]
2024-11-13 16:48:11 [http-nio-8080-exec-5] INFO  ExampleService:61 - request to tuxedo
2024-11-13 16:48:11 [http-nio-8080-exec-5] INFO  ExampleService:62 - [00000797MTI     202411131648101190000000SMC03F055R              MTI S                        MTI     20241113164810119000000020241113829000      WEB       172.16.20.11                                WMC0302500 N1787130271     020241113829000                          A000000      00010                                                                        EN                                                                                                                                             D00000294                     2000005917620240717035444506768                                                                                                                                                                                                                                            000020@@]
2024-11-13 16:48:11 [http-nio-8080-exec-5] INFO  ExampleService:63 - response from tuxedo
2024-11-13 16:48:11 [http-nio-8080-exec-5] INFO  ExampleService:64 - [00003366MTI     202411131648101190000000SMC03F055R              MTI R                        MTI     20241113164810119000000020241113829000      WEB       172.16.20.11                                WMC0302500 N1787130271     020241113829000      20241113164816722434A00  00        010                                                                        EN                                                                                                                                             N00000425                     30                                                                                                                                                                                                                                                                                                                                                                                                                00D00002429                     20000059176                                                                                                                                                                                                                                                                    20       120000059176304                                                                                                                                                                                                                                                                                                                                                                                                                                                                                                                                                                                                                                                                                                                                                                                                                                                                                                                                                                                                                                        Host-Trust                                                                                                                                                                                                                                                                                                                                                                                                                                                                                                                                                                                                                                                                                                                                                                                                                                                                                                                                                                                                                              120231110371000626701               bmc03v102u 17-JUL-24 03                       bmc03v102u 17-JUL-24 0320240717@@]
2024-11-13 16:48:47 [http-nio-8080-exec-7] INFO  ExampleService:55 - original message
2024-11-13 16:48:47 [http-nio-8080-exec-7] INFO  ExampleService:56 - [00000797MTI     202411131648472320000000SMC03F055R              MTI S                        MTI     20241113164847232000000020241113150000      WEB       172.16.20.11                                WMC0302500 N1787130271     020241113150000                          A000000      00010                                                                        EN                                                                                                                                             D00000294                     2000005917620240717035444506768                                                                                                                                                                                                                                            000020@@]
2024-11-13 16:48:47 [http-nio-8080-exec-7] INFO  ExampleService:61 - request to tuxedo
2024-11-13 16:48:47 [http-nio-8080-exec-7] INFO  ExampleService:62 - [00000797MTI     202411131648472320000000SMC03F055R              MTI S                        MTI     20241113164847232000000020241113150000      WEB       172.16.20.11                                WMC0302500 N1787130271     020241113150000                          A000000      00010                                                                        EN                                                                                                                                             D00000294                     2000005917620240717035444506768                                                                                                                                                                                                                                            000020@@]
2024-11-13 16:48:47 [http-nio-8080-exec-7] INFO  ExampleService:63 - response from tuxedo
2024-11-13 16:48:47 [http-nio-8080-exec-7] INFO  ExampleService:64 - [00003366MTI     202411131648472320000000SMC03F055R              MTI R                        MTI     20241113164847232000000020241113150000      WEB       172.16.20.11                                WMC0302500 N1787130271     020241113150000      20241113164853014304A00  00        010                                                                        EN                                                                                                                                             N00000425                     30                                                                                                                                                                                                                                                                                                                                                                                                                00D00002429                     20000059176                                                                                                                                                                                                                                                                    20       120000059176304                                                                                                                                                                                                                                                                                                                                                                                                                                                                                                                                                                                                                                                                                                                                                                                                                                                                                                                                                                                                                                        Host-Trust                                                                                                                                                                                                                                                                                                                                                                                                                                                                                                                                                                                                                                                                                                                                                                                                                                                                                                                                                                                                                              120231110371000626701               bmc03v102u 17-JUL-24 03                       bmc03v102u 17-JUL-24 0320240717@@]
2024-11-13 16:52:34 [http-nio-8080-exec-9] INFO  ExampleService:55 - original message
2024-11-13 16:52:34 [http-nio-8080-exec-9] INFO  ExampleService:56 - [00000797MTI     202411131652341510000000SMC03F055R              MTI S                        MTI     20241113165234151000000020241113768000      WEB       172.16.20.11                                WMC0302500 N1787130271     020241113768000                          A000000      00010                                                                        EN                                                                                                                                             D00000294                     2000005917620240717035444506768                                                                                                                                                                                                                                            000020@@]
2024-11-13 16:52:34 [http-nio-8080-exec-9] INFO  ExampleService:61 - request to tuxedo
2024-11-13 16:52:34 [http-nio-8080-exec-9] INFO  ExampleService:62 - [00000797MTI     202411131652341510000000SMC03F055R              MTI S                        MTI     20241113165234151000000020241113768000      WEB       172.16.20.11                                WMC0302500 N1787130271     020241113768000                          A000000      00010                                                                        EN                                                                                                                                             D00000294                     2000005917620240717035444506768                                                                                                                                                                                                                                            000020@@]
2024-11-13 16:52:34 [http-nio-8080-exec-9] INFO  ExampleService:63 - response from tuxedo
2024-11-13 16:52:34 [http-nio-8080-exec-9] INFO  ExampleService:64 - [00003366MTI     202411131652341510000000SMC03F055R              MTI R                        MTI     20241113165234151000000020241113768000      WEB       172.16.20.11                                WMC0302500 N1787130271     020241113768000      20241113165240655383A00  00        010                                                                        EN                                                                                                                                             N00000425                     30                                                                                                                                                                                                                                                                                                                                                                                                                00D00002429                     20000059176                                                                                                                                                                                                                                                                    20       120000059176304                                                                                                                                                                                                                                                                                                                                                                                                                                                                                                                                                                                                                                                                                                                                                                                                                                                                                                                                                                                                                                        Host-Trust                                                                                                                                                                                                                                                                                                                                                                                                                                                                                                                                                                                                                                                                                                                                                                                                                                                                                                                                                                                                                              120231110371000626701               bmc03v102u 17-JUL-24 03                       bmc03v102u 17-JUL-24 0320240717@@]
2024-11-13 16:54:21 [http-nio-8080-exec-1] INFO  ExampleService:55 - original message
2024-11-13 16:54:21 [http-nio-8080-exec-1] INFO  ExampleService:56 - [00000585MTI     202411131654217500000000SAC02F452R              MTI S                        MTI     20241113165421750000000020241113038000      WEB       172.16.20.11                                WMC0302500 N1787130271     020241113038000                          A000000      00010                                                                        EN                                                                                                                                             D00000082                     00000000001071000204442      2024010120240919                @@]
2024-11-13 16:54:21 [http-nio-8080-exec-1] INFO  ExampleService:61 - request to tuxedo
2024-11-13 16:54:21 [http-nio-8080-exec-1] INFO  ExampleService:62 - [00000585MTI     202411131654217500000000SAC02F452R              MTI S                        MTI     20241113165421750000000020241113038000      WEB       172.16.20.11                                WMC0302500 N1787130271     020241113038000                          A000000      00010                                                                        EN                                                                                                                                             D00000082                     00000000001071000204442      2024010120240919                @@]
2024-11-13 16:54:21 [http-nio-8080-exec-1] INFO  ExampleService:63 - response from tuxedo
2024-11-13 16:54:21 [http-nio-8080-exec-1] INFO  ExampleService:64 - [00002606MTI     202411131654217500000000SAC02F452R              MTI R                        MTI     20241113165421750000000020241113038000      WEB       172.16.20.11                                WMC0302500 N1787130271     020241113038000      20241113165427553841A00  00        010       NAZAP0001                                                        EN                                                                                                                                             N00000425                     30inquiry process success.                                                                                                                                                                                                                                                                                                                                                                                        00D00001669                             96      1020240101202401054259450300373427   6451380000000000000006589000000000000000000005    00000000000000006589000000000000000000000000000000000000000000000000000000000N20240102202401035379408870000145   1113100000000000000006000000000000000000000015    00000000000000006000000000000000000000000000000000000000000000000000000000000N20240105202401094215708100006338   0000890000000000000115000000000000000000000005    00000000000000105000000000000000000000000000000000000000000000000000000000000 20240108202401094215708100041160   2693760000000000000020000000000000000000000005    00000000000000020000000000000000000000000000000000000000000000000000000000000N20240108202401094215708100041160   2536030000000000000025000000000000000000000005    00000000000000025000000000000000000000000000000000000000000000000000000000000N20240221202402224485580000080033   1129930000000000000006535000000000000000000005    00000000000000006535000000000000000000000000000000000000000000000000000000000N20240221202402224485580000080033   1129920000000000000002305000000000000000000005    00000000000000002305000000000000000000000000000000000000000000000000000000000N20240223202402254485580000080033   1111510000000000000006250000000000000000000005    00000000000000006250000000000000000000000000000000000000000000000000000000000N20240223202402254485580000080033   1111500000000000000003200000000000000000000005    00000000000000003200000000000000000000000000000000000000000000000000000000000N20240227202402294485580000080033   1112060000000000000006589000000000000000000005    00000000000000006589000000000000000000000000000000000000000000000000000000000N@@]
2024-11-13 16:54:38 [http-nio-8080-exec-3] INFO  ExampleService:55 - original message
2024-11-13 16:54:38 [http-nio-8080-exec-3] INFO  ExampleService:56 - [00000585MTI     202411131654383340000000SAC02F452R              MTI S                        MTI     20241113165438334000000020241113688000      WEB       172.16.20.11                                WMC0302500 N1787130271     020241113688000                          A000000      00010                                                                        EN                                                                                                                                             D00000082                     00000000001071000204442      2024010120240919                @@]
2024-11-13 16:54:39 [http-nio-8080-exec-3] INFO  ExampleService:61 - request to tuxedo
2024-11-13 16:54:39 [http-nio-8080-exec-3] INFO  ExampleService:62 - [00000585MTI     202411131654383340000000SAC02F452R              MTI S                        MTI     20241113165438334000000020241113688000      WEB       172.16.20.11                                WMC0302500 N1787130271     020241113688000                          A000000      00010                                                                        EN                                                                                                                                             D00000082                     00000000001071000204442      2024010120240919                @@]
2024-11-13 16:54:39 [http-nio-8080-exec-3] INFO  ExampleService:63 - response from tuxedo
2024-11-13 16:54:39 [http-nio-8080-exec-3] INFO  ExampleService:64 - [00002606MTI     202411131654383340000000SAC02F452R              MTI R                        MTI     20241113165438334000000020241113688000      WEB       172.16.20.11                                WMC0302500 N1787130271     020241113688000      20241113165445157776A00  00        010       NAZAP0001                                                        EN                                                                                                                                             N00000425                     30inquiry process success.                                                                                                                                                                                                                                                                                                                                                                                        00D00001669                             96      1020240101202401054259450300373427   6451380000000000000006589000000000000000000005    00000000000000006589000000000000000000000000000000000000000000000000000000000N20240102202401035379408870000145   1113100000000000000006000000000000000000000015    00000000000000006000000000000000000000000000000000000000000000000000000000000N20240105202401094215708100006338   0000890000000000000115000000000000000000000005    00000000000000105000000000000000000000000000000000000000000000000000000000000 20240108202401094215708100041160   2693760000000000000020000000000000000000000005    00000000000000020000000000000000000000000000000000000000000000000000000000000N20240108202401094215708100041160   2536030000000000000025000000000000000000000005    00000000000000025000000000000000000000000000000000000000000000000000000000000N20240221202402224485580000080033   1129930000000000000006535000000000000000000005    00000000000000006535000000000000000000000000000000000000000000000000000000000N20240221202402224485580000080033   1129920000000000000002305000000000000000000005    00000000000000002305000000000000000000000000000000000000000000000000000000000N20240223202402254485580000080033   1111510000000000000006250000000000000000000005    00000000000000006250000000000000000000000000000000000000000000000000000000000N20240223202402254485580000080033   1111500000000000000003200000000000000000000005    00000000000000003200000000000000000000000000000000000000000000000000000000000N20240227202402294485580000080033   1112060000000000000006589000000000000000000005    00000000000000006589000000000000000000000000000000000000000000000000000000000N@@]
2024-11-13 16:54:39 [http-nio-8080-exec-3] WARN  DefaultHandlerExceptionResolver:247 - Resolved [org.springframework.web.context.request.async.AsyncRequestNotUsableException: ServletOutputStream failed to flush: java.io.IOException: Connection reset by peer]
2024-11-13 16:54:40 [http-nio-8080-exec-4] INFO  ExampleService:55 - original message
2024-11-13 16:54:40 [http-nio-8080-exec-4] INFO  ExampleService:56 - [00000585MTI     202411131654403800000000SAC02F452R              MTI S                        MTI     20241113165440380000000020241113831000      WEB       172.16.20.11                                WMC0302500 N1787130271     020241113831000                          A000000      00010                                                                        EN                                                                                                                                             D00000082                     00000000001071000204442      2024010120240919                @@]
2024-11-13 16:54:41 [http-nio-8080-exec-4] INFO  ExampleService:61 - request to tuxedo
2024-11-13 16:54:41 [http-nio-8080-exec-4] INFO  ExampleService:62 - [00000585MTI     202411131654403800000000SAC02F452R              MTI S                        MTI     20241113165440380000000020241113831000      WEB       172.16.20.11                                WMC0302500 N1787130271     020241113831000                          A000000      00010                                                                        EN                                                                                                                                             D00000082                     00000000001071000204442      2024010120240919                @@]
2024-11-13 16:54:41 [http-nio-8080-exec-4] INFO  ExampleService:63 - response from tuxedo
2024-11-13 16:54:41 [http-nio-8080-exec-4] INFO  ExampleService:64 - [00002606MTI     202411131654403800000000SAC02F452R              MTI R                        MTI     20241113165440380000000020241113831000      WEB       172.16.20.11                                WMC0302500 N1787130271     020241113831000      20241113165447311264A00  00        010       NAZAP0001                                                        EN                                                                                                                                             N00000425                     30inquiry process success.                                                                                                                                                                                                                                                                                                                                                                                        00D00001669                             96      1020240101202401054259450300373427   6451380000000000000006589000000000000000000005    00000000000000006589000000000000000000000000000000000000000000000000000000000N20240102202401035379408870000145   1113100000000000000006000000000000000000000015    00000000000000006000000000000000000000000000000000000000000000000000000000000N20240105202401094215708100006338   0000890000000000000115000000000000000000000005    00000000000000105000000000000000000000000000000000000000000000000000000000000 20240108202401094215708100041160   2693760000000000000020000000000000000000000005    00000000000000020000000000000000000000000000000000000000000000000000000000000N20240108202401094215708100041160   2536030000000000000025000000000000000000000005    00000000000000025000000000000000000000000000000000000000000000000000000000000N20240221202402224485580000080033   1129930000000000000006535000000000000000000005    00000000000000006535000000000000000000000000000000000000000000000000000000000N20240221202402224485580000080033   1129920000000000000002305000000000000000000005    00000000000000002305000000000000000000000000000000000000000000000000000000000N20240223202402254485580000080033   1111510000000000000006250000000000000000000005    00000000000000006250000000000000000000000000000000000000000000000000000000000N20240223202402254485580000080033   1111500000000000000003200000000000000000000005    00000000000000003200000000000000000000000000000000000000000000000000000000000N20240227202402294485580000080033   1112060000000000000006589000000000000000000005    00000000000000006589000000000000000000000000000000000000000000000000000000000N@@]
2024-11-13 16:54:59 [http-nio-8080-exec-6] INFO  ExampleService:55 - original message
2024-11-13 16:54:59 [http-nio-8080-exec-6] INFO  ExampleService:56 - [00000585MTI     202411131654592540000000SAC02F452R              MTI S                        MTI     20241113165459254000000020241113768000      WEB       172.16.20.11                                WMC0302500 N1787130271     020241113769000                          A000000      00010                                                                        EN                                                                                                                                             D00000082                     00000000001071000204442      2024010120240919                @@]
2024-11-13 16:55:00 [http-nio-8080-exec-6] INFO  ExampleService:61 - request to tuxedo
2024-11-13 16:55:00 [http-nio-8080-exec-6] INFO  ExampleService:62 - [00000585MTI     202411131654592540000000SAC02F452R              MTI S                        MTI     20241113165459254000000020241113768000      WEB       172.16.20.11                                WMC0302500 N1787130271     020241113769000                          A000000      00010                                                                        EN                                                                                                                                             D00000082                     00000000001071000204442      2024010120240919                @@]
2024-11-13 16:55:00 [http-nio-8080-exec-6] INFO  ExampleService:63 - response from tuxedo
2024-11-13 16:55:00 [http-nio-8080-exec-6] INFO  ExampleService:64 - [00002606MTI     202411131654592540000000SAC02F452R              MTI R                        MTI     20241113165459254000000020241113768000      WEB       172.16.20.11                                WMC0302500 N1787130271     020241113769000      20241113165506234119A00  00        010       NAZAP0001                                                        EN                                                                                                                                             N00000425                     30inquiry process success.                                                                                                                                                                                                                                                                                                                                                                                        00D00001669                             96      1020240101202401054259450300373427   6451380000000000000006589000000000000000000005    00000000000000006589000000000000000000000000000000000000000000000000000000000N20240102202401035379408870000145   1113100000000000000006000000000000000000000015    00000000000000006000000000000000000000000000000000000000000000000000000000000N20240105202401094215708100006338   0000890000000000000115000000000000000000000005    00000000000000105000000000000000000000000000000000000000000000000000000000000 20240108202401094215708100041160   2693760000000000000020000000000000000000000005    00000000000000020000000000000000000000000000000000000000000000000000000000000N20240108202401094215708100041160   2536030000000000000025000000000000000000000005    00000000000000025000000000000000000000000000000000000000000000000000000000000N20240221202402224485580000080033   1129930000000000000006535000000000000000000005    00000000000000006535000000000000000000000000000000000000000000000000000000000N20240221202402224485580000080033   1129920000000000000002305000000000000000000005    00000000000000002305000000000000000000000000000000000000000000000000000000000N20240223202402254485580000080033   1111510000000000000006250000000000000000000005    00000000000000006250000000000000000000000000000000000000000000000000000000000N20240223202402254485580000080033   1111500000000000000003200000000000000000000005    00000000000000003200000000000000000000000000000000000000000000000000000000000N20240227202402294485580000080033   1112060000000000000006589000000000000000000005    00000000000000006589000000000000000000000000000000000000000000000000000000000N@@]
